{
    "title": "ABMSP's Anantrao Pawar College of Engineering & Research: Admission 2024, Cutoff, Courses, Fees, Placements, Rankings",
    "meta_description": "ABMSP's Anantrao Pawar College of Engineering & Research Admission 2024 is open for various degree programs based on MHT CET entrance exams and Maharashtra CAP Counselling. Check latest updates and news on ABMSP's Anantrao Pawar College of Engineering & ResearchAdmission 2024, Cutoff, Courses, Fees, Eligibility, and Admission Process",
    "keywords": "ABMSP's Anantrao Pawar College of Engineering & Research, ABMSP's Anantrao Pawar College of Engineering & Research Admission 2024, ABMSP's Anantrao Pawar College of Engineering & Research B.Tech Admission 2024, ABMSP's Anantrao Pawar College of Engineering & Research Cutoff 2024, ABMSP's Anantrao Pawar College of Engineering & Research Courses Admission 2024, ABMSP's Anantrao Pawar College of Engineering & Research Cutoff, ABMSP's Anantrao Pawar College of Engineering & Research Fees, ABMSP's Anantrao Pawar College of Engineering & Research Admission Cutoff 2024, How much rank to get admission in ABMSP's Anantrao Pawar College of Engineering & Research, ABMSP's Anantrao Pawar College of Engineering & Research Admission Updates",
    "basic_info": [
        {
            "name": "Facts and Figures of ABMSPCOER, Pune",
            "description": []
        },
        {
            "name": "Why to Join ABMS Parishad’s Anantrao Pawar College of Engineering and Research (ABMSPCOER), Pune?",
            "description": []
        }
    ],
    "Section": {
        "name": "About APCOER",
        "description": "ABMS Parishad’s Anantrao Pawar College of Engineering and Research (ABMSPCOER), Pune is the outcome of dedicated and well known educationalists and socially conscious people who empathised with the plight of less fortunate and oppressed people and spurred into action, establishing a new era of quality and unbiased education which is carried forward today by ABMSPCOER. The noble vision to empower the economically backward section through a system of value-based education, coupled with the mission to produce graduates highly skilled for employability or to be entrepreneurs, nurtures students in all spheres of life. Effectively using engineering knowledge for society’s benefit, ABMSPCOER establishes the right foundations for technical and humane learning.\nYear Of Establishment\n1907\nType\nPrivate\nDepartments\nElectronics and Telecom, Computer, Information Technology, Mechanical, Civil\nLibrary\n3809 books and 34 journals related to various streams, separate reading, reference, reprography section, etc.\nHostel\nHostel facility for boys and girls on campus for 100 nos. each.\nSports and Gym complex\nImported and indigenous gym and various sports’ equipment.\nCampus\n7.5 acres barrier-free space with medical facilities, uninterrupted power supply, 24 hr. Wi-Fi internet.\nActivities\nVidhyarthini munch for promotion of women’s activities, swimming pool with separate students and staff timings, banking, a/c auditorium, etc.\nHow to Reach\n189 km from Mumbai,20 km from Lohagaon Airport, 2 Km from Swargate Bus Stand,8 Km from Shivajinagar Railway Station & Bus Stand, 4 Km from Deccan Gymkhana."
    },
    "APCOER Fees & Eligibility": [
        {
            "Course": "BE8  Courses",
            "Fees": "₹67,000 (1st Year Fees)",
            "Eligibility": "10+2",
            "Application Date": "16 Jan - 28 Jul 2024",
            "Action": "Apply Now"
        },
        {
            "Course": "BE {Lateral}5  Courses",
            "Fees": "₹67,000 (1st Year Fees)",
            "Eligibility": "10+3",
            "Application Date": "16 Jan - 28 Jul 2024",
            "Action": "Apply Now"
        },
        {
            "Course": "ME2  Courses",
            "Fees": "₹59,000 (1st Year Fees)",
            "Eligibility": "Pass in Graduation",
            "Application Date": "9 July - 29 Jul 2024",
            "Action": "Apply Now"
        }
    ],
    "Important Events": [
        {
            "Events": "JEE Main 2025 Registration (Session - 1)",
            "Dates": "TentativeNov 01, 2024 - Dec 04, 2024"
        },
        {
            "Events": "JEE Main 2025 Admit Card (Session - 1)",
            "Dates": "TentativeJan 17, 2025"
        },
        {
            "Events": "JEE Main 2025 Exam Date (Session - 1)",
            "Dates": "TentativeJan 24, 2025 - Jan 31, 2025"
        },
        {
            "Events": "JEE Main 2025 Result (Session - 1)",
            "Dates": "TentativeFeb 13, 2025"
        },
        {
            "Events": "MHT CET Registration Timeline",
            "Dates": "TentativeJan 16, 2025 - Mar 15, 2025"
        },
        {
            "Events": "MHT CET (PCB) Admit Card Date",
            "Dates": "TentativeApr 13, 2025"
        }
    ],
    "Expired Events": [
        {
            "Events": "Display of Final Merit List (CAP R-1) [BE/B.Tech]",
            "Dates": "Aug 06, 2024"
        },
        {
            "Events": "Submission of Grievances, If Any (CAP R-1) [BE/B.Tech]",
            "Dates": "Aug 01, 2024 - Aug 03, 2024"
        },
        {
            "Events": "Display of Provisional Merit List (CAP R-1) [BE/B.Tech]",
            "Dates": "Jul 31, 2024"
        }
    ],
    "APCOER, MHT CET Cutoff 2024": [
        {
            "Courses": "BE Computer Engineering",
            "Round 1": "86.7139959"
        },
        {
            "Courses": "BE (Information Technology)",
            "Round 1": "83.4009466"
        },
        {
            "Courses": "BE Artificial Intelligence and Data Science",
            "Round 1": "83.4009466"
        }
    ],
    "faqs": []
}