{
    "title": "AG Patil Institute of Technology: Admission 2024, Cutoff, Courses, Fees, Placements, Rankings",
    "meta_description": "AG Patil Institute of Technology Admission 2024 is open for various degree programs based on MHT CET entrance exams and Maharashtra CAP Counselling. Check latest updates and news on AG Patil Institute of TechnologyAdmission 2024, Cutoff, Courses, Fees, Eligibility, and Admission Process",
    "keywords": "AG Patil Institute of Technology, AG Patil Institute of Technology Admission 2024, AG Patil Institute of Technology B.Tech Admission 2024, AG Patil Institute of Technology Cutoff 2024, AG Patil Institute of Technology Courses Admission 2024, AG Patil Institute of Technology Cutoff, AG Patil Institute of Technology Fees, AG Patil Institute of Technology Admission Cutoff 2024, How much rank to get admission in AG Patil Institute of Technology, AG Patil Institute of Technology Admission Updates",
    "basic_info": [],
    "Section": {
        "name": "AGPIT Cutoff 2024"
    },
    "AGPIT Fees & Eligibility": [
        {
            "Course": "BE4  Courses",
            "Fees": "₹85,000 (1st Year Fees)",
            "Eligibility": "10+2 with  JEE Main",
            "Application Date": "16 Jan - 28 Jul 2024",
            "Action": "Apply Now"
        },
        {
            "Course": "ME1  Course",
            "Fees": "₹95,000 (1st Year Fees)",
            "Eligibility": "Pass in Graduation + GATE",
            "Application Date": "9 July - 29 Jul 2024",
            "Action": "Apply Now"
        }
    ],
    "Important Events": [
        {
            "Events": "JEE Main 2025 Registration (Session - 1)",
            "Dates": "TentativeNov 01, 2024 - Dec 04, 2024"
        },
        {
            "Events": "JEE Main 2025 Admit Card (Session - 1)",
            "Dates": "TentativeJan 17, 2025"
        },
        {
            "Events": "JEE Main 2025 Exam Date (Session - 1)",
            "Dates": "TentativeJan 24, 2025 - Jan 31, 2025"
        },
        {
            "Events": "JEE Main 2025 Result (Session - 1)",
            "Dates": "TentativeFeb 13, 2025"
        },
        {
            "Events": "MHT CET Registration Timeline",
            "Dates": "TentativeJan 16, 2025 - Mar 15, 2025"
        },
        {
            "Events": "MHT CET (PCB) Admit Card Date",
            "Dates": "TentativeApr 13, 2025"
        }
    ],
    "Expired Events": [
        {
            "Events": "Display of Final Merit List (CAP R-1) [BE/B.Tech]",
            "Dates": "Aug 06, 2024"
        },
        {
            "Events": "Submission of Grievances, If Any (CAP R-1) [BE/B.Tech]",
            "Dates": "Aug 01, 2024 - Aug 03, 2024"
        },
        {
            "Events": "Display of Provisional Merit List (CAP R-1) [BE/B.Tech]",
            "Dates": "Jul 31, 2024"
        }
    ],
    "AGPIT, MHT CET Cutoff 2024": [
        {
            "Courses": "BE Computer Engineering",
            "Round 1": "70.5215521"
        },
        {
            "Courses": "BE Electronics & Telecom Engineering",
            "Round 1": "55.2318816"
        },
        {
            "Courses": "BE Civil Engineering",
            "Round 1": "24.0471793"
        }
    ],
    "faqs": []
}