{
    "title": "AJ Institute of Engineering and Technology: Courses, Fees, Admission, Cutoff, Placement, Hostel, Reviews",
    "meta_description": "AJ Institute of Engineering and Technology - [AJIET], Mangalore, Karnataka Application Form, Admissions, Contact, Website, Map, BE, Ph.D . 13 Courses. Average Fees is 61000 per year.",
    "keywords": "",
    "basic_info": [
        {
            "name": "AJ Institute of Engineering and Technology Highlights",
            "description": []
        },
        {
            "name": "AJ Institute of Engineering and Technology Courses",
            "description": [
                "AJ Institute of Engineering and Technology offers the BE courses specialized in 5 sections. The Institute also offers Ph. D courses in 3 specialization Physics, Chemistry and Mathematics. There are a total number of 10 departments available in the Institute.",
                "Read More: AJ Institute of Engineering and Technology Fee Structure"
            ]
        },
        {
            "name": "AJ Institute of Engineering and Technology Admission",
            "description": [
                "The admission is based on both entrance and merit. Candidates can apply online."
            ]
        },
        {
            "name": "How to Apply?",
            "description": [
                "Read More: AJ Institute of Engineering and Technology Cutoff"
            ]
        },
        {
            "name": "AJ Institute of Engineering and Technology Placement",
            "description": [
                "The institute offers great placement opportunities on campus. In 2019-20 placement the highest salary package offered was INR 14 LPA. Department wise placement details are as follows:",
                "Read More: AJ Institute of Engineering and Technology Placement"
            ]
        },
        {
            "name": "AJ Institute of Engineering and Technology Facilities",
            "description": [
                "Read More: AJ Institute of Engineering and Technology Reviews"
            ]
        },
        {
            "name": "AJ Institute of Engineering and Technology FAQs",
            "description": []
        }
    ],
    "Section": {
        "name": "About AJIET",
        "description": "AJ Institute of Engineering and Technology was established in the year 1991. The Institute offers BE and PhD courses in 5 streams. The admission to the courses is based on the KCET entrance exam. The application mode is online.\nThe institute offers promising placement opportunities with the highest salary package of INR 14 LPA. The top recruiters include Infosys, TCS, Wipro, Microsoft, etc.\nAJ Institute of Engineering and Technology offers the BE courses specialized in 5 sections. The Institute also offers Ph. D courses in 3 specialization Physics, Chemistry and Mathematics. There are a total number of 10 departments available in the Institute.\nRead More: AJ Institute of Engineering and Technology Fee Structure\nThe admission is based on both entrance and merit. Candidates can apply online.\nRead More: AJ Institute of Engineering and Technology Cutoff\nThe institute offers great placement opportunities on campus. In 2019-20 placement the highest salary package offered was INR 14 LPA. Department wise placement details are as follows:\nRead More: AJ Institute of Engineering and Technology Placement\nRead More: AJ Institute of Engineering and Technology Reviews\nQues. What all documents are required for admission in AJ Institute of Engineering and Technology?\nAns. Following documents are required for admission:\nQues. Does the AJ Institute of Engineering and Technology have workshops and training programs?\nAns. AJ Institute of Engineering and Technology has a central workshop for practical training purposes. The Institute arranges other training programs for students skill improvisation.\nQues. Do the AJ Institute of Engineering and Technology anti-ragging committee on campus?\nAns. AJ Institute of Engineering and Technology has an anti-ragging committee on campus. Dr Rajesh Rai P.is the Chairman of the Anti-Ragging Committee.\nQues. Does AJ Institute of Engineering and Technology offer an E-learning service?\nAns. AJ Institute of Engineering and Technology has an E-learning facility available. The Institute has a YouTube channel and virtual labs.\nQues. Does the AJ Institute of Engineering and Technology have a minority facility?\nAns. AJ Institute of Engineering and Technology has a minority reservation system as per govt order. Also, the Institute has an SC/ ST cell.\nQues. How is the faculty of AJ Institute of Engineering and Technology?\nAns. AJ Institute of Engineering and Technology has approximately 150 faculty members available. The principal of the institute is, Dr Shanthrama Rai C. He is a BE, M.Tech, PhD, MISTE, MISLE, MIEEE. Each engineering department including the basic science department has a HOD.\nRead More: AJ Institute of Engineering and Technology Faculty"
    },
    "AJ Institute of Engineering and Technology Highlights": [],
    "AJ Institute of Engineering and Technology Courses": [
        {
            "Courses": "BE",
            "Intake": "Specializations: Civil Engineering, Computer Science And Engineering, Electronics & Communication Engineering, Information Science & Engineering, Mechanical Engineering\n\t\t\tDuration: 4 Years\n\t\t\tEligibility: 10+2 with 45% (40% for SC/ ST) in Physics, Mathematics and Chemistry/ bio-technology/ computer science/ Biology/ electronic as optional with English or any other language subject\n\t\t\tSelection Criteria: Entrance Based (KCET)\nRead More"
        },
        {
            "Courses": "PhD",
            "Intake": "Specializations: Library & Information Science, Physical Education, Chemistry, Mathematics, Physics\n\t\t\tDuration: 3 Years\n\t\t\tEligibility: Masters Degree\n\t\t\tSelection Criteria: Entrance Based\nRead More"
        }
    ],
    "AJ Institute of Engineering and Technology Placement": [
        {
            "Department": "Civil Engineering",
            "No. of Students Placed": "2",
            "Highest CTC": "INR 4 LPA",
            "Internships": "41"
        },
        {
            "Department": "Computer Science And Engineering",
            "No. of Students Placed": "45",
            "Highest CTC": "INR 6.6 LPA",
            "Internships": "47"
        },
        {
            "Department": "Electronics & Communication Engineering",
            "No. of Students Placed": "11",
            "Highest CTC": "INR 7 LPA",
            "Internships": "29"
        },
        {
            "Department": "Information Science & Engineering",
            "No. of Students Placed": "20",
            "Highest CTC": "INR 6.6 LPA",
            "Internships": "22"
        },
        {
            "Department": "Mechanical Engineering",
            "No. of Students Placed": "8",
            "Highest CTC": "INR 6.6 LPA",
            "Internships": "55"
        }
    ],
    "AJ Institute of Engineering and Technology FAQs": [
        {
            "Name": "Dr Shanthrama Rai C",
            "Department": "Electronics and communication engineering",
            "Post": "HOD and Principal",
            "Qualification": "BE, M.tech, PhD, MISTE, MISLE, MIEEE."
        },
        {
            "Name": "Dr Nagesh H",
            "Department": "Information science and engineering",
            "Post": "HOD",
            "Qualification": "BE, M.tech, PhD,"
        },
        {
            "Name": "Dr Rajesh Rai P",
            "Department": "Mechanical engineering",
            "Post": "HOD",
            "Qualification": "BE, M.tech, PhD,"
        },
        {
            "Name": "Dr Akshatha S",
            "Department": "Civil engineering",
            "Post": "HOD",
            "Qualification": "BE, M.tech, PhD,"
        },
        {
            "Name": "Dr Antony P J",
            "Department": "Computer science and Engineering",
            "Post": "HOD",
            "Qualification": "BE, M.tech, PhD,"
        },
        {
            "Name": "Dr Shanthakumari",
            "Department": "Engineering mathematics",
            "Post": "HOD",
            "Qualification": "BE, M.tech, PhD,"
        },
        {
            "Name": "Dr M Kishor Shetty",
            "Department": "Engineering chemistry",
            "Post": "HOD",
            "Qualification": "M.Sc, PhD"
        },
        {
            "Name": "Dr Sujaya C",
            "Department": "Engineering physics",
            "Post": "HOD",
            "Qualification": "M.Sc, PhD"
        }
    ],
    "AJIET Fees & Eligibility": [
        {
            "Course": "BE8  Courses",
            "Fees": "₹4.17 Lakhs (Total Fees)",
            "Eligibility": "10+2 + KCET",
            "Application Date": "10 Jan - 20 Feb 2024",
            "Action": "Apply Now"
        }
    ],
    "Important Events": [
        {
            "Events": "KCET Registration Timeline",
            "Dates": "TentativeJan 10, 2025 - Apr 01, 2025"
        },
        {
            "Events": "KCET Admit Card Availability",
            "Dates": "TentativeApr 03, 2025"
        },
        {
            "Events": "KCET Exam Date",
            "Dates": "TentativeApr 18, 2025 - Apr 19, 2025"
        },
        {
            "Events": "KCET Result Date",
            "Dates": "TentativeJun 01, 2025"
        }
    ],
    "Expired Events": [
        {
            "Events": "KCET Counselling Date",
            "Dates": "Aug 07, 2024"
        },
        {
            "Events": "Verification of Documents (Rank 220001 - Last Rank) [KCET Counselling] [BE/B.Tech]",
            "Dates": "Jun 29, 2024"
        },
        {
            "Events": "Verification of Documents (Rank 150001 - 220000) [KCET Counselling] [BE/B.Tech]",
            "Dates": "Jun 28, 2024"
        }
    ],
    "AJIET, KCET Cutoff 2023": [
        {
            "Courses": "BE Computer Science and Engineering",
            "Round 1": "38461",
            "Round 2": "38461"
        },
        {
            "Courses": "BE Information Science & Engineering",
            "Round 1": "45419",
            "Round 2": "46794"
        },
        {
            "Courses": "BE Artificial Intelligence & Machine Learning",
            "Round 1": "50099",
            "Round 2": "50605"
        }
    ],
    "faqs": [
        {
            "question": "What all documents are required for admission in AJ Institute of Engineering and Technology?",
            "answer": "Ans.Following documents are required for admission:10th and 12th marksheet - Original + 3 attested photocopies each.Transfer Certificate Original + 3 attested photocopies.Migration Certificate Original + 2 photocopies.Conduct Certificate from the institution last attended.Medical Certificate which mentions blood groups.10 Passport Size Photographs with red backgroundCaste and Income CertificateStudy Certificate for CET students.CET/ Equivalent Rank Card"
        },
        {
            "question": "Does the AJ Institute of Engineering and Technology have workshops and training programs?",
            "answer": "Ans.AJ Institute of Engineering and Technology has a central workshop for practical training purposes. The Institute arranges other training programs for students skill improvisation."
        },
        {
            "question": "Do the AJ Institute of Engineering and Technology anti-ragging committee on campus?",
            "answer": "Ans.AJ Institute of Engineering and Technology has an anti-ragging committee on campus. Dr Rajesh Rai P.is the Chairman of the Anti-Ragging Committee."
        },
        {
            "question": "Does AJ Institute of Engineering and Technology offer an E-learning service?",
            "answer": "Ans.AJ Institute of Engineering and Technology has an E-learning facility available. The Institute has a YouTube channel and virtual labs."
        },
        {
            "question": "Does the AJ Institute of Engineering and Technology have a minority facility?",
            "answer": "Ans.AJ Institute of Engineering and Technology has a minority reservation system as per govt order. Also, the Institute has an SC/ ST cell."
        },
        {
            "question": "How is the faculty of AJ Institute of Engineering and Technology?",
            "answer": "Ans.AJ Institute of Engineering and Technology has approximately 150 faculty members available. The principal of the institute is, Dr Shanthrama Rai C. He is a BE, M.Tech, PhD, MISTE, MISLE, MIEEE. Each engineering department including the basic science department has a HOD.NameDepartmentPostQualificationDr Shanthrama Rai CElectronics and communication engineeringHOD and PrincipalBE, M.tech, PhD, MISTE, MISLE, MIEEE.Dr Nagesh HInformation science and engineeringHODBE, M.tech, PhD,Dr Rajesh Rai PMechanical engineeringHODBE, M.tech, PhD,Dr Akshatha SCivil engineeringHODBE, M.tech, PhD,Dr Antony P JComputer science and EngineeringHODBE, M.tech, PhD,Dr ShanthakumariEngineering mathematicsHODBE, M.tech, PhD,Dr M Kishor ShettyEngineering chemistryHODM.Sc, PhDDr Sujaya CEngineering physicsHODM.Sc, PhDRead More:AJ Institute of Engineering and Technology Faculty"
        }
    ]
}