{
    "title": "A. P. Shah Institute of Technology Admission 2024: Cutoff, Courses, Fees, Eligibility",
    "meta_description": "A. P. Shah Institute of Technology Admission 2024 is open for various degree programs based on MHT CET entrance exams and Maharashtra CAP Counselling. Check latest updates and news on A. P. Shah Institute of TechnologyAdmission 2024, Cutoff, Courses, Fees, Eligibility, and Admission Process",
    "keywords": "A. P. Shah Institute of Technology, A. P. Shah Institute of Technology Admission 2024, A. P. Shah Institute of Technology B.Tech Admission 2024, A. P. Shah Institute of Technology Cutoff 2024, A. P. Shah Institute of Technology Courses Admission 2024, A. P. Shah Institute of Technology Cutoff, A. P. Shah Institute of Technology Fees, A. P. Shah Institute of Technology Admission Cutoff 2024, How much rank to get admission in A. P. Shah Institute of Technology, A. P. Shah Institute of Technology Admission Updates",
    "basic_info": [],
    "Section": {
        "name": "APSIT Cutoff 2024"
    },
    "Top Courses:": [
        {
            "Course": "B.E",
            "Eligibility": "10+2 qualified with 50% marks",
            "Yearly Fee": "INR 133,000/-",
            "Link": "Click Here"
        }
    ],
    "A.P Shah Institute Of Technology Admission Highlights 2024": [],
    "A.P Shah Institute Of Technology B.E Admission 2024": [],
    "Important Events": [
        {
            "Events": "JEE Main 2025 Registration (Session - 1)",
            "Dates": "TentativeNov 01, 2024 - Dec 04, 2024"
        },
        {
            "Events": "JEE Main 2025 Admit Card (Session - 1)",
            "Dates": "TentativeJan 17, 2025"
        },
        {
            "Events": "JEE Main 2025 Exam Date (Session - 1)",
            "Dates": "TentativeJan 24, 2025 - Jan 31, 2025"
        },
        {
            "Events": "JEE Main 2025 Result (Session - 1)",
            "Dates": "TentativeFeb 13, 2025"
        },
        {
            "Events": "MHT CET Registration Timeline",
            "Dates": "TentativeJan 16, 2025 - Mar 15, 2025"
        },
        {
            "Events": "MHT CET (PCB) Admit Card Date",
            "Dates": "TentativeApr 13, 2025"
        }
    ],
    "Expired Events": [
        {
            "Events": "Display of Final Merit List (CAP R-1) [BE/B.Tech]",
            "Dates": "Aug 06, 2024"
        },
        {
            "Events": "Submission of Grievances, If Any (CAP R-1) [BE/B.Tech]",
            "Dates": "Aug 01, 2024 - Aug 03, 2024"
        },
        {
            "Events": "Display of Provisional Merit List (CAP R-1) [BE/B.Tech]",
            "Dates": "Jul 31, 2024"
        }
    ],
    "APSIT, MHT CET Cutoff 2024": [
        {
            "Courses": "BE Computer Engineering",
            "Round 1": "91.6345444"
        },
        {
            "Courses": "BE (Information Technology)",
            "Round 1": "89.4519884"
        },
        {
            "Courses": "BE Mechanical Engineering",
            "Round 1": "80.5929134"
        }
    ],
    "APSIT, JEE Main Cutoff 2023": [
        {
            "Courses": "BE Computer Engineering",
            "Round 1": "12116",
            "Round 2": "12300",
            "Round 3": "14126"
        },
        {
            "Courses": "BE (Information Technology)",
            "Round 1": "17299",
            "Round 2": "16143",
            "Round 3": "18476"
        },
        {
            "Courses": "BE Artificial Intelligence & Machine Learning",
            "Round 1": "17459",
            "Round 2": "-",
            "Round 3": "-"
        }
    ],
    "APSIT, Maharashtra JEE Main Cutoff 2023": [
        {
            "Courses": "BE Computer Engineering",
            "Round 1": "12116"
        },
        {
            "Courses": "BE (Information Technology)",
            "Round 1": "17299"
        },
        {
            "Courses": "BE Artificial Intelligence & Machine Learning",
            "Round 1": "17459"
        }
    ],
    "APSIT Fees & Eligibility": [
        {
            "COURSE": "BE/B.Tech,",
            "ADMISSION LINK": "Admission Link"
        }
    ],
    "faqs": []
}