{
    "title": "A.R. Engineering College - [AREC], Villupuram - Admissions, Contact, Website, Facilities 2024-2025",
    "meta_description": "A.R. Engineering College - [AREC], Villupuram, Tamil Nadu Application Form, Admissions, Contact, Website, Map, B.Tech, BE . 6 Courses. Average Fees is 105000 per year.",
    "keywords": "",
    "basic_info": [],
    "Section": {
        "name": "AREC Cutoff 2024"
    },
    "AREC Fees & Eligibility": [
        {
            "Course": "BE5  Courses",
            "Fees": "₹2.2 Lakhs (Total Fees)",
            "Eligibility": "10+2 with 50% + TNEA",
            "Application Date": "6 May - 11 Jun 2024",
            "Action": "Apply Now"
        },
        {
            "Course": "B.Tech1  Course",
            "Fees": "₹2.2 Lakhs (Total Fees)",
            "Eligibility": "10+2 with 50% + TNEA",
            "Application Date": "6 May - 11 Jun 2024",
            "Action": "Apply Now"
        }
    ],
    "Expired Events": [
        {
            "Events": "TNEA Counselling Timeline",
            "Dates": "Jul 20, 2024"
        },
        {
            "Events": "Grievances Redressal (TNEA) [BE/B.Tech]",
            "Dates": "Jul 11, 2024 - Jul 20, 2024"
        },
        {
            "Events": "TNEA Result Date",
            "Dates": "Jul 10, 2024"
        }
    ],
    "AREC, TNEA Cutoff 2023": [
        {
            "Courses": "BE Mechanical Engineering",
            "Round 3": "159158"
        },
        {
            "Courses": "BE Civil Engineering",
            "Round 3": "160919"
        },
        {
            "Courses": "BE Computer Science and Engineering",
            "Round 3": "174608"
        }
    ],
    "faqs": []
}