{
    "title": "A. D. Patel Institute of Technology - [ADIT], Vallabh Vidyanagar - Admissions, Contact, Website, Facilities 2024-2025",
    "meta_description": "A. D. Patel Institute of Technology - [ADIT], Vallabh Vidyanagar, Gujarat Application Form, Admissions, Contact, Website, Map, B.Tech, M.Tech . 17 Courses. Average Fees is 228000 per year.",
    "keywords": "",
    "basic_info": [
        {
            "name": "A.D. Patel Institute of Technology Cutoff 2024",
            "description": [
                "A.D. Patel Institute of Technology Cutoff 2024 is out based on JEE Main/ GUJCET scores. The table given below shows Round 1 opening and closing ranks.",
                "Department",
                "Extracurricular Activities",
                "Library"
            ]
        }
    ],
    "Section": {
        "name": "About ADIT",
        "description": "A. D. Patel Institute of Technology (ADIT), a premier college of Vidyanagar was established in 2000 by Charutar Vidya Mandal. It is committed to impart quality education & training leading to various professional degrees and aims to be a global Institution through continual improvement. It is situated in Vidyanagar, Gujarat. It offers under graduate and post graduate Engineering courses\nA.D. Patel Institute of Technology Cutoff 2024 is out based on JEE Main/ GUJCET scores. The table given below shows Round 1 opening and closing ranks.\nDepartment\nExtracurricular Activities\nLibrary"
    },
    "About ADIT": [
        {
            "Academic Program Name": "Artificial Intelligence And Data Science",
            "Quota": "GUJCET-Based",
            "Round 1 Opening Rank": "4697",
            "Round 1 Closing Rank": "7942"
        },
        {
            "Academic Program Name": "Automobile Engineering",
            "Quota": "GUJCET-Based",
            "Round 1 Opening Rank": "23170",
            "Round 1 Closing Rank": "35898"
        },
        {
            "Academic Program Name": "Civil Engineering",
            "Quota": "GUJCET-Based",
            "Round 1 Opening Rank": "19653",
            "Round 1 Closing Rank": "38360"
        },
        {
            "Academic Program Name": "Computer Engineering",
            "Quota": "GUJCET-Based",
            "Round 1 Opening Rank": "3534",
            "Round 1 Closing Rank": "4413"
        },
        {
            "Academic Program Name": "Computer Science & Design",
            "Quota": "GUJCET-Based",
            "Round 1 Opening Rank": "6125",
            "Round 1 Closing Rank": "8534"
        },
        {
            "Academic Program Name": "Dairy Technology",
            "Quota": "GUJCET-Based",
            "Round 1 Opening Rank": "13275",
            "Round 1 Closing Rank": "29081"
        },
        {
            "Academic Program Name": "Electrical Engineering",
            "Quota": "GUJCET-Based",
            "Round 1 Opening Rank": "15199",
            "Round 1 Closing Rank": "27033"
        },
        {
            "Academic Program Name": "Electronics & Communication Engineering",
            "Quota": "GUJCET-Based",
            "Round 1 Opening Rank": "8697",
            "Round 1 Closing Rank": "11934"
        },
        {
            "Academic Program Name": "Information Technology",
            "Quota": "GUJCET-Based",
            "Round 1 Opening Rank": "3983",
            "Round 1 Closing Rank": "6011"
        },
        {
            "Academic Program Name": "Mechanical Engineering",
            "Quota": "GUJCET-Based",
            "Round 1 Opening Rank": "13762",
            "Round 1 Closing Rank": "30826"
        }
    ],
    "ADIT Fees & Eligibility": [
        {
            "Course": "B.Tech11  Courses",
            "Fees": "₹1.14 Lakhs (1st Year Fees)",
            "Eligibility": "10+2 with 45%",
            "Application Date": "1 Apr - 03 Jul 2024",
            "Action": "Apply Now"
        },
        {
            "Course": "M.Tech6  Courses",
            "Fees": "₹1.11 Lakhs (1st Year Fees)",
            "Eligibility": "Gradutaion with 50%",
            "Application Date": "20 June - 01 Jul 2024",
            "Action": "Apply Now"
        }
    ],
    "Important Events": [
        {
            "Events": "GUJCET 2025 Registration Timeline",
            "Dates": "Jan 31, 2025 - Mar 21, 2025"
        },
        {
            "Events": "GUJCET 2025 Admit Card Availability",
            "Dates": "Mar 21, 2025"
        },
        {
            "Events": "GUJCET 2025 Exam Date",
            "Dates": "Mar 31, 2025"
        },
        {
            "Events": "GUJCET 2025 Result Date",
            "Dates": "May 09, 2025"
        }
    ],
    "Expired Events": [
        {
            "Events": "Round 3 Choice Filling (Gujarat ACPC) [BE/B.Tech]",
            "Dates": "Jul 25, 2024 - Jul 28, 2024"
        },
        {
            "Events": "Round 3 Seat Allotment (Gujarat ACPC) [BE/B.Tech]",
            "Dates": "Jul 28, 2024"
        },
        {
            "Events": "Round 2 Seat Allotment (Gujarat ACPC) [BE/B.Tech]",
            "Dates": "Jul 17, 2024"
        }
    ],
    "ADIT, GUJCET Cutoff 2024": [
        {
            "Courses": "B.Tech Computer Engineering",
            "Round 1": "4413"
        },
        {
            "Courses": "B.Tech Information Technology",
            "Round 1": "6011"
        },
        {
            "Courses": "B.Tech Artificial Intelligence and Data Science",
            "Round 1": "7942"
        }
    ],
    "faqs": []
}