{
    "title": "AM Reddy Memorial College of Engineering and Technology: Admission 2024, Cutoff, Courses, Fees, Reviews, Placement",
    "meta_description": "AM Reddy Memorial College of Engineering and Technology Admission 2024 is open for various courses. AM Reddy Memorial College of Engineering and Technology Admission is based on national level entrance exam and merit basis. Check latest updates and news on AM Reddy Memorial College of Engineering and Technology Admission 2024, Cutoff, Courses, Fees, Reviews, Rankings, Placement and other details.",
    "keywords": "AM Reddy Memorial College of Engineering and Technology, AM Reddy Memorial College of Engineering and Technology Admission 2024, AM Reddy Memorial College of Engineering and Technology Admission, AM Reddy Memorial College of Engineering and Technology Fees, AM Reddy Memorial College of Engineering and Technology Courses, AM Reddy Memorial College of Engineering and Technology Cutoff, AM Reddy Memorial College of Engineering and Technology Cutoff 2024, AM Reddy Memorial College of Engineering and Technology Placement, AM Reddy Memorial College of Engineering and Technology Highest Package, AM Reddy Memorial College of Engineering and Technology Ranking, AM Reddy Memorial College of Engineering and Technology Reviews, AM Reddy Memorial College of Engineering and Technology Contant Details, AM Reddy Memorial College of Engineering and Technology Address, AM Reddy Memorial College of Engineering and Technology Results, AM Reddy Memorial College of Engineering and Technology News",
    "basic_info": [
        {
            "name": "A.M.Reddy Memorial College of Engineering and Technology, Andhra Pradesh: Highlights",
            "description": []
        },
        {
            "name": "A.M.Reddy Memorial College of Engineering and Technology, Andhra Pradesh: Courses Offered",
            "description": [
                "Read More: A.M.Reddy Memorial College of Engineering and Technology Courses & Fees"
            ]
        },
        {
            "name": "A.M.Reddy Memorial College of Engineering and Technology, Andhra Pradesh: Admission",
            "description": []
        },
        {
            "name": "Selection Criteria:",
            "description": [
                "To get admission in this institution, the Jawaharlal Nehru Technical university conducts an engineering agriculture and Medical common entrance Test (EAMCET). Based on the score obtained in this exam seats are allotted for the students. 70% seats are allotted by the convener, EAMCET admissions, based on the rank obtained in the test. 30% seats are filled by the management. Generally the admission is started after the +2 results. All the scheduled dates are followed as per the directions of the convener, government of Andhra Pradesh."
            ]
        },
        {
            "name": "How to apply?",
            "description": []
        },
        {
            "name": "A.M.Reddy Memorial College of Engineering and Technology, Andhra Pradesh: Facilities",
            "description": [
                "Sports – The indoor and outdoor games are available inside the playground. All the students are encouraged to participate in all the sports. They give equal importance to both studies and sports.",
                "Hostel – This institute provides accommodation for both boys and girls. All the rooms in the hostel contain light, fan, cupboard with attached bath with 24 hours hot water supply. Other facilities are also available inside the hostel.",
                "Transportation – For the students those who are in the local area have the transport facilities. It",
                "seems to be safe for all the students to reach the college.",
                "Cafeteria – At the time of the refreshment Students can visit there and get anything by paying.",
                "Other facilities:"
            ]
        },
        {
            "name": "A.M.Reddy Memorial College of Engineering and Technology, Andhra Pradesh: Faculty",
            "description": []
        },
        {
            "name": "FAQs",
            "description": []
        }
    ],
    "Section": {
        "name": "About AM Reddy Memorial College of Engineering and Technology",
        "description": "A.M.Reddy Memorial College of Engineering and Technology was located away from the city life in Guntur district in the state of Andhra Pradesh. This institute was popularly known as AM Reddy and was established in the year 2008 and spread over a 10 acres amidst the green lush fields just 7kms away from the Narasaraopet. It is accredited by AICTE and affiliated to Jawaharlal Nehru Technical university.\nThe Institute offers 14 courses across 2 streams namely engineering, management and 4 degrees like B.Tech, M.Tech, MBA, Diploma.\nThe college has the placement cell that assists their students in recruiting them to various industries and organisations for their better future. They have separate training staff in the placement cell to help the students to search their career. They give aptitude training Communication training and some of the other programs. Some of the reputed companies are visited there like, Amazon, ICICI bank, Just Dial, Tech Mahendra, IBM, Big basket, Intel, Infosys, Tata consultancy services etc.\nThe admission is based on merit and entrance tests conducted by the college. Application form is available on online mode in the college official website. All the facilities for the students are provided by the college.\nRead More: A.M.Reddy Memorial College of Engineering and Technology Courses & Fees\nTo get admission in this institution, the Jawaharlal Nehru Technical university conducts an engineering agriculture and Medical common entrance Test (EAMCET). Based on the score obtained in this exam seats are allotted for the students. 70% seats are allotted by the convener, EAMCET admissions, based on the rank obtained in the test. 30% seats are filled by the management. Generally the admission is started after the +2 results. All the scheduled dates are followed as per the directions of the convener, government of Andhra Pradesh.\nSports – The indoor and outdoor games are available inside the playground. All the students are encouraged to participate in all the sports. They give equal importance to both studies and sports.\nHostel – This institute provides accommodation for both boys and girls. All the rooms in the hostel contain light, fan, cupboard with attached bath with 24 hours hot water supply. Other facilities are also available inside the hostel.\nTransportation – For the students those who are in the local area have the transport facilities. It\nseems to be safe for all the students to reach the college.\nCafeteria – At the time of the refreshment Students can visit there and get anything by paying.\nOther facilities:\nQues. What is the address of A.M Reddy College of Engineering and Technology?\nAns. A.M. Reddy memorial college of engineering and technology,\nPetlurivaripalem,\nNarasaraopet – Mandal,\nGuntur – 522601,\nAndhra Pradesh, India.\nQues. How to contact A.M Reddy College of Engineering and Technology?\nAns.\nE-mail- principal.amreddyengineering@gmail.com\nPhone number- 86472-47190\nMobile Number- 9959838989\nQues. Is the placement process the same for all the courses in A.M.Reddy Memorial College of Engineering and Technology?\nAns. Yes, the placement cell in this institution gives equal training for the students. There are no other special classes for the students. But they sent the students for that particular company as per the students wish.\nQues. What is the refund policy given by A.M.Reddy Memorial College of Engineering and Technology?\nAns. In case a student discontinues their studies at the center of the academic year, the college didn’t refund the fee for the students. They have to pay the full academic fee before leaving.\nQues. What about the summer internships in A.M.Reddy Memorial College of Engineering and Technology?\nAns. For every year the management arranged for the internship, workshops, seminars and webinars. All the students are benefited in this internship program by getting some knowledge and experience."
    },
    "A.M.Reddy Memorial College of Engineering and Technology, Andhra Pradesh: Highlights": [],
    "A.M.Reddy Memorial College of Engineering and Technology, Andhra Pradesh: Courses Offered": [
        {
            "Course": "B.Tech(Bachelor of Technology)",
            "Details": "Specialization:\n\t\t\t\nCivil engineering\nAgriculture engineering\nComputer science and engineering\nElectrical and electronics engineering\nElectronic and telecommunication engineering\nMechanical Engineering\n\n\t\t\tDuration: 4 years Eligibility: The candidates have to complete their higher education and must attend the common entrance test. Intake: 60 Selection criteria: Merit based"
        },
        {
            "Course": "M.Tech (Master of Technology)",
            "Details": "Specialization:\n\t\t\t\nComputer science and engineering\nPower system engineering\nStructural engineering\nTransport engineering\nVlsi design\n\n\t\t\tDuration: 2 years Eligibility: Candidates must have a bachelor’s degree in engineering or relevant field. Intake: 18 Selection criteria: Merit based"
        },
        {
            "Course": "MBA(Master of Business Administration)",
            "Details": "Specialization:\n\t\t\t\nFinance\nMarketing\nSystem management\nHuman resource management\n\n\t\t\tDuration: 2 years Eligibility: The candidates have to complete their bachelor degree in any stream with at least 50% Intake: 20 Selection criteria: Merit based"
        },
        {
            "Course": "Diploma in engineering",
            "Details": "Specialization:\n\t\t\t\nCivil engineering\nElectrical and electronics engineering\nMechanical engineering\n\n\t\t\tDuration: 3 years Eligibility: Candidates must have passed 10+2 from any recognised board. Intake: 60 Selection criteria: Merit based"
        }
    ],
    "A.M.Reddy Memorial College of Engineering and Technology, Andhra Pradesh: Faculty": [
        {
            "Designation": "Principal",
            "Number of Faculty": "01"
        },
        {
            "Designation": "Assistant professor",
            "Number of Faculty": "30+"
        },
        {
            "Designation": "Professor/PhD holders",
            "Number of Faculty": "29"
        }
    ],
    "AM Reddy Memorial College of Engineering and Technology Fees & Eligibility": [
        {
            "Course": "B.Tech7  Courses",
            "Fees": "₹35,000 - 43,000 (1st Year Fees)",
            "Eligibility": "10+2 with 45% + AP EAMCET",
            "Application Date": "11 Mar - 25 Jul 2024",
            "Action": "Apply Now"
        },
        {
            "Course": "Polytechnic5  Courses",
            "Fees": "₹75,000 (Total Fees)",
            "Eligibility": "Pass in 10th + AP POLYCET",
            "Application Date": "20 Feb - 10 Apr 2024",
            "Action": "Apply Now"
        },
        {
            "Course": "M.Tech2  Courses",
            "Fees": "₹43,000 (1st Year Fees)",
            "Eligibility": "Pass in Graduation + GATE",
            "Application Date": "23 Mar - 12 May 2024",
            "Action": "Apply Now"
        }
    ],
    "Important Events": [
        {
            "Events": "AP PGECET Registration Timeline",
            "Dates": "TentativeMar 23, 2025 - Apr 20, 2025"
        },
        {
            "Events": "AP PGECET Admit Card Date",
            "Dates": "TentativeMay 22, 2025"
        },
        {
            "Events": "AP PGECET Exam date",
            "Dates": "TentativeMay 29, 2025 - May 31, 2025"
        },
        {
            "Events": "AP PGECET Result date",
            "Dates": "TentativeJun 19, 2025"
        }
    ],
    "Expired Events": [
        {
            "Events": "AP PGECET Counselling Date",
            "Dates": "Aug 15, 2024"
        },
        {
            "Events": "Application Timeline (With Late fee of Rs 5000) [M.Tech]",
            "Dates": "May 06, 2024 - May 12, 2024"
        },
        {
            "Events": "Application Timeline (With Late fee of Rs 2000) [M.Tech]",
            "Dates": "Apr 29, 2024 - May 05, 2024"
        }
    ],
    "AM Reddy Memorial College of Engineering and Technology, AP EAPCET Cutoff 2024": [
        {
            "Courses": "B.Tech Computer Science Engineering",
            "Round 1": "157706",
            "Round 2": "165683"
        },
        {
            "Courses": "B.Tech Electrical and Electronics Engineering",
            "Round 1": "162933",
            "Round 2": "157592"
        },
        {
            "Courses": "B.Tech Electronics & Communication Engineering",
            "Round 1": "166614",
            "Round 2": "171424"
        }
    ],
    "faqs": [
        {
            "question": "Ques. What is the address of A.M Reddy College of Engineering and Technology?",
            "answer": "Ans.A.M. Reddy memorial college of engineering and technology,Petlurivaripalem,Narasaraopet – Mandal,Guntur – 522601,Andhra Pradesh, India."
        },
        {
            "question": "How to contact A.M Reddy College of Engineering and Technology?",
            "answer": "Ans.E-mail-principal.amreddyengineering@gmail.comPhone number- 86472-47190Mobile Number- 9959838989"
        },
        {
            "question": "Ques. Is the placement process the same for all the courses in A.M.Reddy Memorial College of Engineering and Technology?",
            "answer": "Ans.Yes, the placement cell in this institution gives equal training for the students. There are no other special classes for the students. But they sent the students for that particular company as per the students wish."
        },
        {
            "question": "What is the refund policy given by A.M.Reddy Memorial College of Engineering and Technology?",
            "answer": "Ans.In case a student discontinues their studies at the center of the academic year, the college didn’t refund the fee for the students. They have to pay the full academic fee before leaving."
        },
        {
            "question": "What about the summer internships in A.M.Reddy Memorial College of Engineering and Technology?",
            "answer": "Ans.For every year the management arranged for the internship, workshops, seminars and webinars. All the students are benefited in this internship program by getting some knowledge and experience."
        }
    ]
}