{
    "title": "A.K.T. Memorial College of Engineering & Technology, Kallakurichi - Admissions, Contact, Website, Facilities 2024-2025",
    "meta_description": "A.K.T. Memorial College of Engineering & Technology, Kallakurichi, Tamil Nadu Application Form, Admissions, Contact, Website, Map, B.Tech, BE {Lateral}, BE . 12 Courses.",
    "keywords": "",
    "basic_info": [],
    "Section": {
        "name": "A.K.T. Memorial College of Engineering & Technology Cutoff 2024"
    },
    "A.K.T. Memorial College of Engineering & Technology Fees & Eligibility": [
        {
            "Course": "BE5  Courses",
            "Fees": "₹50,000 (1st Year Fees)",
            "Eligibility": "10+2 with 45%",
            "Application Date": "6 May - 11 Jun 2024",
            "Action": "Apply Now"
        },
        {
            "Course": "BE {Lateral}5  Courses",
            "Fees": "₹50,000 (1st Year Fees)",
            "Eligibility": "10+3 with 50%",
            "Application Date": "6 May - 11 Jun 2024",
            "Action": "Apply Now"
        }
    ],
    "Expired Events": [
        {
            "Events": "TNEA Counselling Timeline",
            "Dates": "Jul 20, 2024"
        },
        {
            "Events": "Grievances Redressal (TNEA) [BE/B.Tech]",
            "Dates": "Jul 11, 2024 - Jul 20, 2024"
        },
        {
            "Events": "TNEA Result Date",
            "Dates": "Jul 10, 2024"
        }
    ],
    "A.K.T. Memorial College of Engineering & Technology, TNEA Cutoff 2023": [
        {
            "Courses": "BE Electronics & Communication Engineering",
            "Round 2": "69396",
            "Round 3": "137184"
        },
        {
            "Courses": "BE Computer Science and Engineering",
            "Round 2": "69624",
            "Round 3": "127377"
        },
        {
            "Courses": "BE Mechanical Engineering",
            "Round 2": "70355",
            "Round 3": "173742"
        }
    ],
    "faqs": []
}