{
    "title": "A.V.C College of Engineering: Admission 2024, Cutoff, Courses, Fees, Placements",
    "meta_description": "A.V.C College of Engineering Admission 2024 is open for B.Tech courses through TNEA Counselling. Check latest updates and news on A.V.C College of Engineering Admission 2024, Cutoff, Courses, Fees, Placement, Rankings, Official Website",
    "keywords": "A.V.C College of Engineering, A.V.C College of Engineering Admission 2024, A.V.C College of Engineering Cutoff 2024, A.V.C College of Engineering Official Website, A.V.C College of Engineering Placement, A.V.C College of Engineering Admission Dates, A.V.C College of Engineering Rankings, A.V.C College of Engineering Courses, A.V.C College of Engineering Fees, A.V.C College of Engineering AddressA.V.C College of Engineering details, A.V.C College of Engineering contact, A.V.C College of Engineering reviews, A.V.C College of Engineering updates",
    "basic_info": [
        {
            "name": "Facts & Figures of AVC College of Engineering:",
            "description": []
        },
        {
            "name": "Why to Join AVC College of Engineering?",
            "description": []
        }
    ],
    "Section": {
        "name": "About AVCCE",
        "description": "AVC College of Engineering was established in the year 1996 in the Nagpattnam district of Tamil Nadu with a mission to become the center of technical and academic excellence. It is currently managed by A V charities which have been working towards imparting the quality education since 1955. The learning modules are directly linked with the R& D department in order to evolve the patterns and make it more students oriented.\nFounded in\n1996\nApproval\nAICTE\nAccreditation\nNBA\nNAAC with B Grade\nAffiliation\nAnna University of technology, Chennai\nBharathidasan University, Tiruchirapalli\nCampus Strength\n\nGraduate: 2500+\nPostgraduate: 2000+\nFaculty Members\n130+\nTotal no of Students placed\n80\nCompanies visited in 2014\n30\nAcademic Tie Up’s – Association with Strategically sound Organizations for Educational and employment development. The institute has strategic alliance with Center for Research, Anna University for collaborative researches. The college is currently also owning ISO 9001:2008 certification from DNV Neterlands.\nQualified Faculty of 130+ Strength – A team of highly qualified faculty with an expertise than runs into years holding PHDs and Masters profiles from pioneer institutions.\nTie Up’s with Corporate Giants – Major alliances with top MNCs like IBM, Infosys, Wipro, ORACLE, ZENITH, Mphasis, Sapient Technologies, City Union Bank among others to offer the best launch pad to students."
    },
    "AVCCE Fees & Eligibility": [
        {
            "Course": "BE6  Courses",
            "Fees": "₹2.2 Lakhs (Total Fees)",
            "Eligibility": "10+2 with 50% + TNEA",
            "Application Date": "6 May - 11 Jun 2024",
            "Action": "Apply Now"
        },
        {
            "Course": "B.Tech1  Course",
            "Fees": "₹2.2 Lakhs (Total Fees)",
            "Eligibility": "10+2 with 50% + TNEA",
            "Application Date": "6 May - 11 Jun 2024",
            "Action": "Apply Now"
        },
        {
            "Course": "BE {Lateral}6  Courses",
            "Fees": "₹1.65 Lakhs (Total Fees)",
            "Eligibility": "B.Sc or Diploma",
            "Application Date": "6 May - 11 Jun 2024",
            "Action": "Apply Now"
        },
        {
            "Course": "ME3  Courses",
            "Fees": "₹60,000 (Total Fees)",
            "Eligibility": "Graduation with 50% + TANCET",
            "Application Date": "15 Apr - 14 May 2024",
            "Action": "Apply Now"
        },
        {
            "Course": "MBA1  Course",
            "Fees": "₹41,000 (Total Fees)",
            "Eligibility": "Graduation with 50% + TANCET",
            "Application Date": "10 June - 04 Jul 2024",
            "Action": "Apply Now"
        }
    ],
    "Important Events": [
        {
            "Events": "TANCET 2025 Registration Timeline",
            "Dates": "TentativeJan 10, 2025 - Feb 15, 2025"
        },
        {
            "Events": "TANCET 2025 Admit Card Date",
            "Dates": "TentativeFeb 21, 2025"
        },
        {
            "Events": "TANCET 2025 Exam Date",
            "Dates": "TentativeMar 09, 2025"
        },
        {
            "Events": "TANCET 2025 Result Date",
            "Dates": "TentativeMar 28, 2025"
        }
    ],
    "Expired Events": [
        {
            "Events": "Grievances Redressal (TANCET Counselling) [MBA]",
            "Dates": "Jul 23, 2024 - Jul 26, 2024"
        },
        {
            "Events": "Publication of Rank List (TANCET Counselling) [MBA]",
            "Dates": "Jul 22, 2024"
        },
        {
            "Events": "Online Registration & Filling of Applications (TANCET Counselling) [MBA]",
            "Dates": "Jun 10, 2024 - Jul 04, 2024"
        }
    ],
    "AVCCE, TNEA Cutoff 2023": [
        {
            "Courses": "BE Computer Science and Engineering",
            "Round 1": "15416",
            "Round 2": "57632",
            "Round 3": "-"
        },
        {
            "Courses": "B.Tech Information Technology",
            "Round 1": "20591",
            "Round 2": "65405",
            "Round 3": "-"
        },
        {
            "Courses": "BE Civil Engineering",
            "Round 1": "-",
            "Round 2": "78941",
            "Round 3": "167130"
        }
    ],
    "faqs": []
}