{
    "title": "AAA College of Engineering & Technology, Sivakasi - Admissions, Contact, Website, Facilities 2024-2025",
    "meta_description": "AAA College of Engineering & Technology, Sivakasi, Tamil Nadu Application Form, Admissions, Contact, Website, Map, B.Tech, BE, Ph.D . 10 Courses. Average Fees is 54000 per year.",
    "keywords": "",
    "basic_info": [],
    "Section": {
        "name": "AAA College of Engineering & Technology Cutoff 2024"
    },
    "AAA College of Engineering & Technology Fees & Eligibility": [
        {
            "Course": "BE6  Courses",
            "Fees": "₹54,000 (1st Year Fees)",
            "Eligibility": "10+2 with 45%",
            "Application Date": "6 May - 11 Jun 2024",
            "Action": "Apply Now"
        },
        {
            "Course": "B.Tech2  Courses",
            "Fees": "₹54,000 (1st Year Fees)",
            "Eligibility": "10+2 with 45%",
            "Application Date": "6 May - 11 Jun 2024",
            "Action": "Apply Now"
        }
    ],
    "Expired Events": [
        {
            "Events": "Release of Provisional Allotment for Upward Opted Candidates (TNEA Round 2) [BE/B.Tech]",
            "Dates": "Aug 23, 2024"
        },
        {
            "Events": "Reporting at College (TNEA Round 2) [BE/B.Tech]",
            "Dates": "Aug 15, 2024 - Aug 20, 2024"
        },
        {
            "Events": "Reporting at TFC for Upward Opted Candidates (TNEA Round 2) [BE/B.Tech]",
            "Dates": "Aug 15, 2024 - Aug 20, 2024"
        }
    ],
    "AAA College of Engineering & Technology, TNEA Cutoff 2023": [
        {
            "Courses": "BE Cyber Security",
            "Round 1": "14787",
            "Round 2": "78897",
            "Round 3": "89744"
        },
        {
            "Courses": "B.Tech Artificial Intelligence and Data Science",
            "Round 1": "15001",
            "Round 2": "72969",
            "Round 3": "-"
        },
        {
            "Courses": "BE Electronics & Communication Engineering",
            "Round 1": "16755",
            "Round 2": "50449",
            "Round 3": "77609"
        }
    ],
    "Comments": [
        {
            "Year": "Total Year Wise Fees",
            "1": "54,000",
            "2": "54,000",
            "3": "54,000",
            "4": "54,000"
        }
    ],
    "faqs": []
}