{
    "title": "Aalim Muhammed Salegh College of Engineering: Admission 2024, Cutoff, Courses, Fees, Placements",
    "meta_description": "Aalim Muhammed Salegh College of Engineering Admission 2024 is open for B.Tech courses through TNEA Counselling. Check latest updates and news on Aalim Muhammed Salegh College of Engineering Admission 2024, Cutoff, Courses, Fees, Placement, Rankings, Official Website",
    "keywords": "Aalim Muhammed Salegh College of Engineering, Aalim Muhammed Salegh College of Engineering Admission 2024, Aalim Muhammed Salegh College of Engineering Cutoff 2024, Aalim Muhammed Salegh College of Engineering Official Website, Aalim Muhammed Salegh College of Engineering Placement, Aalim Muhammed Salegh College of Engineering Admission Dates, Aalim Muhammed Salegh College of Engineering Rankings, Aalim Muhammed Salegh College of Engineering Courses, Aalim Muhammed Salegh College of Engineering Fees, Aalim Muhammed Salegh College of Engineering AddressAalim Muhammed Salegh College of Engineering details, Aalim Muhammed Salegh College of Engineering contact, Aalim Muhammed Salegh College of Engineering reviews, Aalim Muhammed Salegh College of Engineering updates",
    "basic_info": [
        {
            "name": "AALIMEC Chennai Highlights",
            "description": []
        },
        {
            "name": "AALIMEC Chennai Courses",
            "description": []
        },
        {
            "name": "AALIMEC Chennai Admission 2024",
            "description": [
                "1. BE Admission- Candidates seeking admission in B.Tech need to qualify TNEA. TNEA is conducted by Anna University for admission to UG courses at the colleges in Tamil Nadu. The university releases a merit list based on candidates 10+2 marks and the candidates need to appear for counseling.",
                "TNEA Application Procedure:",
                "Read more AALIMEC Chennai Admission"
            ]
        },
        {
            "name": "AALIMEC Chennai Placement 2023",
            "description": [
                "There is always separate placement authority in the Institute to take care of Placement progress with training programs and events organized among its students every year.",
                "Some of the top recruiters are Accenture, Wipro, Infosys, HCL, HP, Blue star, Cognizant, Infosys, L&T, TCS, BOSCH, and many more, Here is given below a few records of the previous year placed students in several companies.",
                "Read more AALIMEC Chennai Placement"
            ]
        },
        {
            "name": "AALIMEC Chennai Facilities",
            "description": [
                "Read more AALIMEC Chennai Hostel"
            ]
        },
        {
            "name": "AALIMEC Chennai FAQs",
            "description": []
        }
    ],
    "Section": {
        "name": "About AALIMEC",
        "description": "Aalim Muhammed Salegh College of Engineering (AALIMEC) is a private engineering college established in 1990 at Chennai, Tamil Nadu. It is affiliated to Anna University, Chennai, and is approved by AICTE. It helps in imparting career-oriented courses to all its students to acquire knowledge and skills and converts them into true professionals as per International and National Standards. AALIMEC Chennai offers B.E. across six specializations.\nTable of Content\n\n\nFollowing are the courses offered by Aalim Muhammed Salegh College of Engineering, Tamil Nadu:\nCourse 1: Bachelor of Engineering (B.E)\nCourse 2: Bachelor of Engineering (Lateral)\nRead more AALIMEC Chennai courses & Fees\n1. BE Admission- Candidates seeking admission in B.Tech need to qualify TNEA. TNEA is conducted by Anna University for admission to UG courses at the colleges in Tamil Nadu. The university releases a merit list based on candidates 10+2 marks and the candidates need to appear for counseling.\nTNEA Application Procedure:\nRead more AALIMEC Chennai Admission\nThere is always separate placement authority in the Institute to take care of Placement progress with training programs and events organized among its students every year.\nSome of the top recruiters are Accenture, Wipro, Infosys, HCL, HP, Blue star, Cognizant, Infosys, L&T, TCS, BOSCH, and many more, Here is given below a few records of the previous year placed students in several companies.\n\nRead more AALIMEC Chennai Placement\nRead more AALIMEC Chennai Hostel\nQues: Is there any scholarship available?\nAns: Yes, there are Govt. scholarships for SC/ST/ BC students, minority scholarships and more\nQues: Does AALIMEC Chennai provide accommodation?\nAns: Yes, there are hostel facilities for boys and girls\nQues: Can I apply for TNEA offline?\nAns: Fill the TNEA application form, attach it with all the required documents and send it to the following address before the deadline\nThe Secretary\nTamil Nadu Engineering Admissions\nAnna University\nChennai – 600025"
    },
    "AALIMEC Fees & Eligibility": [
        {
            "Course": "BE6  Courses",
            "Fees": "₹55,000 - 85,000 (1st Year Fees)",
            "Eligibility": "10+2",
            "Application Date": "6 May - 11 Jun 2024",
            "Action": "Apply Now"
        },
        {
            "Course": "BE {Lateral}5  Courses",
            "Fees": "₹45,000 - 55,000 (1st Year Fees)",
            "Eligibility": "10+3",
            "Application Date": "6 May - 11 Jun 2024",
            "Action": "Apply Now"
        },
        {
            "Course": "B.Tech1  Course",
            "Fees": "₹65,000 (1st Year Fees)",
            "Eligibility": "10+2",
            "Application Date": "6 May - 11 Jun 2024",
            "Action": "Apply Now"
        },
        {
            "Course": "B.Tech {Lateral}1  Course",
            "Fees": "₹55,000 (1st Year Fees)",
            "Eligibility": "10+2",
            "Application Date": "6 May - 11 Jun 2024",
            "Action": "Apply Now"
        }
    ],
    "Important Events": [
        {
            "Events": "TANCET 2025 Registration Timeline",
            "Dates": "TentativeJan 10, 2025 - Feb 15, 2025"
        },
        {
            "Events": "TANCET 2025 Admit Card Date",
            "Dates": "TentativeFeb 21, 2025"
        },
        {
            "Events": "TANCET 2025 Exam Date",
            "Dates": "TentativeMar 09, 2025"
        },
        {
            "Events": "TANCET 2025 Result Date",
            "Dates": "TentativeMar 28, 2025"
        }
    ],
    "Expired Events": [
        {
            "Events": "TANCET 2024 Counselling Date",
            "Dates": "Jun 10, 2024"
        }
    ],
    "AALIMEC, TNEA Cutoff 2023": [
        {
            "Courses": "BE Computer Science and Engineering",
            "Round 1": "18860",
            "Round 2": "85316",
            "Round 3": "90091"
        },
        {
            "Courses": "BE Mechanical Engineering",
            "Round 1": "-",
            "Round 2": "51451",
            "Round 3": "146893"
        },
        {
            "Courses": "BE Artificial Intelligence and Data Science",
            "Round 1": "-",
            "Round 2": "77385",
            "Round 3": "-"
        }
    ],
    "faqs": [
        {
            "question": "Ques: Is there any scholarship available?",
            "answer": "Ans:Yes, there are Govt. scholarships for SC/ST/ BC students, minority scholarships and more"
        },
        {
            "question": "Ques: Does AALIMEC Chennai provide accommodation?",
            "answer": "Ans:Yes, there are hostel facilities for boys and girls"
        },
        {
            "question": "Ques: Can I apply for TNEA offline?",
            "answer": "Ans:Fill the TNEA application form, attach it with all the required documents and send it to the following address before the deadlineThe SecretaryTamil Nadu Engineering AdmissionsAnna UniversityChennai – 600025"
        }
    ]
}