{
    "title": "Abacus Institute of Engineering and Management: Admission 2024, Cutoff, Courses, Fees, Placement, Ranking",
    "meta_description": "Abacus Institute of Engineering and Management Admission 2024 is open for B.Tech and other degree courses based on JEE Main, WBJEE and other state level entrance exam scores. Check latest updates and news on Abacus Institute of Engineering and Management Admission 2024, Cutoff, Courses, Fees, Placement, Ranking",
    "keywords": "Abacus Institute of Engineering and Management, Abacus Institute of Engineering and Management Admission 2024, Abacus Institute of Engineering and Management B.Tech Admission 2024, Abacus Institute of Engineering and Management Cutoff 2024, Abacus Institute of Engineering and Management Courses Admission 2024, Abacus Institute of Engineering and Management Cutoff, Abacus Institute of Engineering and Management Fees, Abacus Institute of Engineering and Management Admission Cutoff 2024, How much rank to get admission in Abacus Institute of Engineering and Management, Abacus Institute of Engineering and Management Admission Updates,Abacus Institute of Engineering and Management Placement,Abacus Institute of Engineering and Management Ranking",
    "basic_info": [],
    "Section": {
        "name": "About Abacus Institute of Engineering and Management",
        "description": "Abacus Institute of Engineering and Management is a private funded management and technical Institute. It was established in 2003 by some social workers and educationist to create a ‘Center for Excellence’.\n\n\nAcademic success is the most important factor in laying the foundation for the students & so as the College endeavors on quality academic delivery in their stride towards excellence. BTech is the most popular course at Abacus Institute of Engineering and Management. Some of the specializations available at Abacus Institute of Engineering and Management are BTech Computer Science and Engineering (CSE), BTech Electronics Engineering (EE), BTech Information Technology (IT), BTech Applied Electronics and Communication Engineering (AEIE), etc."
    },
    "Abacus Institute of Engineering and Management Fees & Eligibility": [
        {
            "Course": "B.Tech5  Courses",
            "Fees": "₹80,500 - 94,500 (1st Year Fees)",
            "Eligibility": "10+2",
            "Application Date": "28 Dec - 27 Jan 2024",
            "Action": "Apply Now"
        },
        {
            "Course": "B.Tech {Lateral}4  Courses",
            "Fees": "₹65,000 - 77,000 (1st Year Fees)",
            "Eligibility": "Diploma",
            "Application Date": "28 Dec - 27 Jan 2024",
            "Action": "Apply Now"
        }
    ],
    "Important Events": [
        {
            "Events": "WBJEE 2025 Registration Timeline",
            "Dates": "TentativeDec 28, 2024 - Feb 05, 2025"
        },
        {
            "Events": "WBJEE 2025 Exam Date",
            "Dates": "TentativeApr 28, 2025"
        },
        {
            "Events": "WBJEE 2025 Admit Card Date",
            "Dates": "TentativeApr 18, 2025 - Apr 28, 2025"
        },
        {
            "Events": "WBJEE 2025 Result Date",
            "Dates": "TentativeJun 06, 2025"
        }
    ],
    "Expired Events": [
        {
            "Events": "Payment of Seat acceptance fee (Fresh allottees) (Mop Up Round - WBJEE Counselling) [BE/B.Tech]",
            "Dates": "Aug 09, 2024 - Aug 12, 2024"
        },
        {
            "Events": "Reporting to Allotted Institutes for Document Verification & Admission (Mop Up Round - WBJEE Counselling) [BE/B.Tech]",
            "Dates": "Aug 09, 2024 - Aug 12, 2024"
        },
        {
            "Events": "Seat Allottment Result (Mop Up Round - WBJEE Counselling) [BE/B.Tech]",
            "Dates": "Aug 09, 2024"
        }
    ],
    "Abacus Institute of Engineering and Management, WBJEE Cutoff 2024": [
        {
            "Courses": "B.Tech Computer Science Engineering",
            "Round 1": "44621",
            "Round 2": "108089",
            "Round 3": "82605"
        },
        {
            "Courses": "B.Tech Civil Engineering",
            "Round 1": "75537",
            "Round 2": "107549",
            "Round 3": "109244"
        },
        {
            "Courses": "B.Tech Electronics & Communication Engineering",
            "Round 1": "106001",
            "Round 2": "-",
            "Round 3": "43250"
        }
    ],
    "faqs": []
}