{
    "title": "ABES Institute of Technology: Admission 2024, Cutoff, Courses, Fees, Placement, Ranking",
    "meta_description": "ABES Institute of Technology Admission 2024 is open for B.Tech and other degree courses based on JEE Main, NATA and CUET scores. Eligible candidates need to apply through UPTAC counselling. Check latest updates and news on ABES Institute of TechnologyAdmission 2024, Cutoff, Courses, Fees, Placement, Ranking",
    "keywords": "ABES Institute of Technology, ABES Institute of Technology Admission 2024, ABES Institute of Technology B.Tech Admission 2024, ABES Institute of Technology Cutoff 2024, ABES Institute of Technology Courses Admission 2024, ABES Institute of Technology Cutoff, ABES Institute of Technology Fees, ABES Institute of Technology Admission Cutoff 2024, How much rank to get admission in ABES Institute of Technology, ABES Institute of Technology Admission Updates,ABES Institute of Technology Placement,ABES Institute of Technology Ranking",
    "basic_info": [
        {
            "name": "ABES Institute of Technology Cutoff 2023 (Released)",
            "description": [
                "ABES Institute of Technology cutoff 2023 has been released by the UPTAC counselling. The institute offers admission to its UG & PG courses based on the respective entrance exam scores followed by UPTAC counselling. Given below are the ABES Institute of Technology cutoffs 2023 for the various UG & PG programs:"
            ]
        },
        {
            "name": "ABES Institute of Technology BTech Cutoff 2023 (Released)",
            "description": [
                "ABES Institute of Technology cutoff 2023 Rounds 1-4 for all the categories and courses have been released by UPTAC counselling. Candidates who meet the minimum JEE Main cutoff rank released by the institute can be admitted to the respective BTech program. Given below is the table of the ABES Institute of Technology BTech Round 4 JEE Mains cutoff 2023 of the general category:",
                "Check below for the ABES Institute of Technology BTech cutoff 2023 round-wise:"
            ]
        },
        {
            "name": "ABES Institute of Technology BTech (Lateral) Cutoff 2023 (Released)",
            "description": [
                "ABES Institute of Technology BTech (Lateral Entry) cutoff 2023 has been released by the UPTAC counselling. The counselling authority has announced 2 rounds of seat allotment for the institute. Given below is the ABES Institute of Technology BTech (Lateral Entry) Round 2 cutoff 2023 of the general category:",
                "Also check: ABES Institute of Technology BTech (Lateral) All Category cutoff 2023"
            ]
        },
        {
            "name": "ABES Institute of Technology MCA Cutoff 2023 (Released)",
            "description": [
                "ABES Institute of Technology cutoff 2023 for the PG programs has been released by the UPTAC counselling. The counselling authority has announced 2 rounds of seat allotment for the institute’s MBA & MCA courses. Given below is the ABES Institute of Technology MCA Round 1 and Round 2 cutoff 2023 of the general category:",
                "Also check: ABES Institute of Technology MCA All Category cutoff 2023",
                "Departments:",
                "Placement:",
                "Extracurricular Activities:",
                "Facilities:",
                "Club:",
                "Events:",
                "Festivals:"
            ]
        }
    ],
    "Section": {
        "name": "About ABESIT",
        "description": "The ABES Institute of Technology was established in 2007-08 in the field of Technical and Management Education. The campus is spread over 17 acres of land and situated next to Crossing Republic, NH-24, near Lal Quan, Ghaziabad.\nABES Institute of Technology cutoff 2023 has been released by the UPTAC counselling. The institute offers admission to its UG & PG courses based on the respective entrance exam scores followed by UPTAC counselling. Given below are the ABES Institute of Technology cutoffs 2023 for the various UG & PG programs:\nABES Institute of Technology cutoff 2023 Rounds 1-4 for all the categories and courses have been released by UPTAC counselling. Candidates who meet the minimum JEE Main cutoff rank released by the institute can be admitted to the respective BTech program. Given below is the table of the ABES Institute of Technology BTech Round 4 JEE Mains cutoff 2023 of the general category:\nCheck below for the ABES Institute of Technology BTech cutoff 2023 round-wise:\n\nABES Institute of Technology BTech (Lateral Entry) cutoff 2023 has been released by the UPTAC counselling. The counselling authority has announced 2 rounds of seat allotment for the institute. Given below is the ABES Institute of Technology BTech (Lateral Entry) Round 2 cutoff 2023 of the general category:\nAlso check: ABES Institute of Technology BTech (Lateral) All Category cutoff 2023\nABES Institute of Technology cutoff 2023 for the PG programs has been released by the UPTAC counselling. The counselling authority has announced 2 rounds of seat allotment for the institute’s MBA & MCA courses. Given below is the ABES Institute of Technology MCA Round 1 and Round 2 cutoff 2023 of the general category:\nAlso check: ABES Institute of Technology MCA All Category cutoff 2023\nDepartments:\nPlacement:\nCompany\nStudent Placed\nGenpact\n33\nMphasis\n02\nIBM\n02\nSyntel\n18\nTCS\n06\nCEBS\n01\nIIFM\n01\nExtracurricular Activities:\nFacilities:\nLibrary\nSports\nAmphitheatre\nAuditorium\nClub:\nEvents:\nFestivals:\n"
    },
    "ABESIT Fees & Eligibility": [
        {
            "Course": "B.Tech8  Courses",
            "Fees": "₹2.45 Lakhs (Total Fees)",
            "Eligibility": "10+2+UPTAC",
            "Application Date": "11 June - 30 Jul 2024",
            "Action": "Apply Now"
        },
        {
            "Course": "B.Tech {Lateral}7  Courses",
            "Fees": "₹1.84 Lakhs (Total Fees)",
            "Eligibility": "10+3 with 75% + UPTAC",
            "Application Date": "11 June - 30 Jul 2024",
            "Action": "Apply Now"
        },
        {
            "Course": "MCA",
            "Fees": "₹1.22 Lakhs (Total Fees)",
            "Eligibility": "Graduation",
            "Application Date": "19 June - 10 Jul 2024",
            "Action": "Apply Now"
        }
    ],
    "Important Events": [
        {
            "Events": "JEE Main 2025 Registration (Session - 1)",
            "Dates": "TentativeNov 01, 2024 - Dec 04, 2024"
        },
        {
            "Events": "JEE Main 2025 Admit Card (Session - 1)",
            "Dates": "TentativeJan 17, 2025"
        },
        {
            "Events": "JEE Main 2025 Exam Date (Session - 1)",
            "Dates": "TentativeJan 24, 2025 - Jan 31, 2025"
        },
        {
            "Events": "JEE Main 2025 Result (Session - 1)",
            "Dates": "TentativeFeb 13, 2025"
        },
        {
            "Events": "JEE-Main counselling",
            "Dates": "TentativeJun 10, 2025 - Jun 18, 2025"
        }
    ],
    "Expired Events": [
        {
            "Events": "UPTAC 2024 Counselling & Admission Process (Based on JEE Score) [B.Tech]",
            "Dates": "Jun 11, 2024 - Jul 30, 2024"
        },
        {
            "Events": "Round 1 choice filling",
            "Dates": "Jul 17, 2024 - Jul 21, 2024"
        },
        {
            "Events": "Choice Filling (UPTAC) [BE/B.Tech]",
            "Dates": "Jul 17, 2024 - Jul 21, 2024"
        }
    ],
    "ABESIT, UPTAC Cutoff 2024": [
        {
            "Courses": "MCA",
            "Round 1": "13325",
            "Round 2": "-",
            "Round 3": "-"
        },
        {
            "Courses": "B.Tech Computer Science Engineering",
            "Round 1": "214899",
            "Round 2": "315380",
            "Round 3": "368063"
        },
        {
            "Courses": "B.Tech Information Technology",
            "Round 1": "240808",
            "Round 2": "356060",
            "Round 3": "456994"
        }
    ],
    "faqs": []
}