{
    "title": "AMET Chennai: Admission 2024, Courses, Result, Fees, Placement, Scholarship",
    "meta_description": "Academy of Maritime Education and Training University - [AMET], Chennai, Tamil Nadu Application Form, Admissions, Contact, Website, Map, B.Tech, MBA, B.Sc . 55 Courses. Average Fees is 158000 per year.",
    "keywords": "",
    "basic_info": [
        {
            "name": "AMET Chennai Highlights",
            "description": []
        },
        {
            "name": "AMET Chennai Important Dates 2024",
            "description": []
        },
        {
            "name": "AMET Chennai Courses",
            "description": [
                "Eligibility: Master’s degree in relevant subject with min. 55% marks, entrance exam merit rank, and personal interviews Duration: 2 to 5 years",
                "Click AMET Chennai Courses and Fees"
            ]
        },
        {
            "name": "AMET Chennai Admission",
            "description": [
                "The Academy has courses right from undergraduate in B.E., B.Sc., BBA to postgraduate in M.E., M.B.A., and M.Sc. Postgraduate students also have Ph.D. options to continue education into Research and Development in Naval Science.",
                "How to Apply?",
                "Check here AMET Chennai Admission"
            ]
        },
        {
            "name": "AMET Chennai Placement",
            "description": [
                "AMET placement department co-ordinates with companies for on-campus interviews. The top recruiting companies are Maersk, Shell, Selandia, Fleet, DHL, Transworld, Beta, and HCL. For Marine Engineering, placements begin in the 1st year itself. The bulk recruiter from this college is Maersk Line. Listed below are the placement details of the college is given below:",
                "Know more AMET Chennai Placement"
            ]
        },
        {
            "name": "AMET Chennai Scholarship",
            "description": [
                "AMET University offers scholarship programs for deserving students. Given below are the seven categories in which scholarships are provided:",
                "Read more: AMET Chennai Scholarship"
            ]
        },
        {
            "name": "AMET Chennai Facilities",
            "description": [
                "The following facilities are being provided for the students during their tenure with the college:",
                "Click AMET Chennai Hostel"
            ]
        },
        {
            "name": "AMET Chennai Faculty",
            "description": [
                "AMET University faculty under the leadership of Chancellor Dr. J.Ramachandran. This college has 190+ faculty members who hold or are pursuing their Ph.D. degree in their respective fields of expertise and has worked in their field for a long time. Faculty members have done 20 consultancy projects, 39 sponsored research projects, and 2 IPR in the academic year 2018-2019.",
                "Check here AMET Chennai Faculty"
            ]
        },
        {
            "name": "AMET Chennai FAQs",
            "description": []
        }
    ],
    "Section": {
        "name": "About AMET",
        "description": "Academy of Maritime Education and Training (AMET), established in 1993, is a maritime educational academy situated in Chennai, Tamil Nadu. It is a technology-oriented institute for higher education, which was regarded as a University under section 3 of the University Grants Commission Act, 1956. This institute offers UG, PG, Ph.D., and various other courses in streams of engineering, and maritime education and training.\n4.1 How to Apply?\n\nAMET University Eligibility Criteria\n\nThe following table gives details about the courses being conducted at the AMET Chennai:\nEligibility: Master’s degree in relevant subject with min. 55% marks, entrance exam merit rank, and personal interviews Duration: 2 to 5 years\nClick AMET Chennai Courses and Fees\nThe Academy has courses right from undergraduate in B.E., B.Sc., BBA to postgraduate in M.E., M.B.A., and M.Sc. Postgraduate students also have Ph.D. options to continue education into Research and Development in Naval Science.\nHow to Apply?\nCheck here AMET Chennai Admission\nAMET placement department co-ordinates with companies for on-campus interviews. The top recruiting companies are Maersk, Shell, Selandia, Fleet, DHL, Transworld, Beta, and HCL. For Marine Engineering, placements begin in the 1st year itself. The bulk recruiter from this college is Maersk Line. Listed below are the placement details of the college is given below:\nKnow more AMET Chennai Placement\nAMET University offers scholarship programs for deserving students. Given below are the seven categories in which scholarships are provided:\nRead more: AMET Chennai Scholarship\nThe following facilities are being provided for the students during their tenure with the college:\nLibrary: This college has well equipped open accessed Central Library consisting of more than 900 books, periodicals, dissertations, back volumes, projects and e-journal facilities, etc.\nSports and Games: There are indoor and outdoor sports facilities available for the students inside the campus, which include volleyball court, basketball court, gymnasium, kabaddi court, indoor game hall, and swimming pool.\nHealth facility: Full-time medical facility is available within the campus. A doctor and a nurse are also available in the campus for any medical emergency.\nClick AMET Chennai Hostel\nAMET University faculty under the leadership of Chancellor Dr. J.Ramachandran. This college has 190+ faculty members who hold or are pursuing their Ph.D. degree in their respective fields of expertise and has worked in their field for a long time. Faculty members have done 20 consultancy projects, 39 sponsored research projects, and 2 IPR in the academic year 2018-2019.\nCheck here AMET Chennai Faculty\nQues. What are the eligibility criteria to pursue a diploma in Marine engineering?\nQues. What is the total fee amount for 4 years in Marine Engineering at AMET University?\nQues. Is AMET University a good choice for pursuing B.Sc Nautical Science. How are its placements assistance for students?\nQues. How many seats are available for B. Sc Nautical Science at AMET University. Also is the selection process tough?"
    },
    "AMET Chennai Highlights": [],
    "AMET Chennai Important Dates 2024": [
        {
            "Event": "Start of Application Process (UG & PG)",
            "Dates": "January 24, 2024"
        },
        {
            "Event": "Closing of Application Window",
            "Dates": "UG: 1st week of June’24,\n\t\t\tPG: 3rd week of June’24"
        },
        {
            "Event": "Entrance Examination Date",
            "Dates": "Will be notified"
        },
        {
            "Event": "Declaration of Results",
            "Dates": "Will be notified"
        },
        {
            "Event": "Date of Counselling and Admission",
            "Dates": "Will be notified"
        }
    ],
    "AMET Chennai Placement": [
        {
            "Academic year": "2018-19",
            "Graduation level": "UG",
            "Students placed": "243",
            "Median salary INR": "360000"
        },
        {
            "Academic year": "2018-19",
            "Graduation level": "PG",
            "Students placed": "75",
            "Median salary INR": "390000"
        }
    ],
    "AMET Fees & Eligibility": [
        {
            "Course": "BE7  Courses",
            "Fees": "₹1.25 Lakhs - 3.54 Lakhs (1st Year Fees)",
            "Eligibility": "10+2 with 50%",
            "Application Date": "24 Jan - 07 Jun 2024",
            "Action": "Apply Now"
        },
        {
            "Course": "B.Sc7  Courses",
            "Fees": "₹55,000 - 4.14 Lakhs (1st Year Fees)",
            "Eligibility": "10+2",
            "Application Date": "24 Jan - 07 Jun 2024",
            "Action": "Apply Now"
        },
        {
            "Course": "BBA1  Course",
            "Fees": "₹1.2 Lakhs (1st Year Fees)",
            "Eligibility": "10+2 with 50%",
            "Application Date": "24 Jan - 07 Jun 2024",
            "Action": "Apply Now"
        },
        {
            "Course": "Certification4  Courses",
            "Fees": "₹1.98 Lakhs (Total Fees)",
            "Eligibility": "10+2",
            "Application Date": "24 Jan - 07 Jun 2024",
            "Action": "Apply Now"
        },
        {
            "Course": "ME4  Courses",
            "Fees": "₹40,000 (1st Year Fees)",
            "Eligibility": "Graduation",
            "Application Date": "24 Jan - 21 Jun 2024",
            "Action": "Apply Now"
        }
    ],
    "Important Events": [
        {
            "Events": "IMU CET 2025 Application Process",
            "Dates": "TentativeMar 18, 2025 - May 10, 2025"
        },
        {
            "Events": "IMU CET 2025 Admit Card",
            "Dates": "TentativeMay 28, 2025"
        },
        {
            "Events": "IMU CET 2025 Exam",
            "Dates": "TentativeJun 08, 2025"
        },
        {
            "Events": "IMU CET 2025 Result",
            "Dates": "TentativeJun 15, 2025"
        }
    ],
    "Expired Events": [
        {
            "Events": "IMU CET 2024 Counselling Registration",
            "Dates": "Jun 19, 2024"
        },
        {
            "Events": "IMU CET",
            "Dates": "Jun 08, 2024"
        },
        {
            "Events": "Application Timeline [UG Courses]",
            "Dates": "Jan 24, 2024 - Jun 07, 2024"
        }
    ],
    "faqs": [
        {
            "question": "What are the eligibility criteria to pursue a diploma in Marine engineering?",
            "answer": "Ans.The eligibility criteria to pursue a Diploma course in Marine Engineering from AMET is 10+2 with at least 50% marks from a recognized board."
        },
        {
            "question": "What is the total fee amount for 4 years in Marine Engineering at AMET University?",
            "answer": "Ans.Total fees for the four-year course are around Rs.5 Lakhs, for Marine Engineering at AMET University."
        },
        {
            "question": "Is AMET University a good choice for pursuing B.Sc Nautical Science. How are its placements assistance for students?",
            "answer": "Ans.Yes, AMET is good for B.Sc. Nautical Science. The college is dedicated to maritime education and training."
        },
        {
            "question": "How many seats are available for B. Sc Nautical Science at AMET University. Also is the selection process tough?",
            "answer": "Ans.The total seats are 250 for B.Sc. Nautical Science at AMET University."
        }
    ]
}