{
    "title": "Academy of Technology: Admission 2024, Cutoff, Courses, Fees, Placement, Ranking",
    "meta_description": "Academy of Technology Admission 2024 is open for B.Tech and other degree courses based on JEE Main, WBJEE and other state level entrance exam scores. Check latest updates and news on Academy of TechnologyAdmission 2024, Cutoff, Courses, Fees, Placement, Ranking",
    "keywords": "Academy of Technology, Academy of Technology Admission 2024, Academy of Technology B.Tech Admission 2024, Academy of Technology Cutoff 2024, Academy of Technology Courses Admission 2024, Academy of Technology Cutoff, Academy of Technology Fees, Academy of Technology Admission Cutoff 2024, How much rank to get admission in Academy of Technology, Academy of Technology Admission Updates,Academy of Technology Placement,Academy of Technology Ranking",
    "basic_info": [
        {
            "name": "Academy of Technology, Hooghly Highlights",
            "description": []
        },
        {
            "name": "Academy of Technology, Hooghly Courses",
            "description": [
                "Read More: Academy of Technology, Hooghly Courses & Fees"
            ]
        },
        {
            "name": "Academy of Technology, Hooghly Admission",
            "description": [
                "Academy of Technology, Hooghly offers admission to students on the basis of scores obtained in entrance exams.",
                "Admission to B.tech is based on JEE Mains/ WBJEE while, for lateral entry admission to B.tech course, one must have a JELET score. MBA and MCA Admission is done through MAT/ JEMAT and JECA respectively.",
                "Candidates must apply for counselling for the desired course. The college does not conduct its own admissions."
            ]
        },
        {
            "name": "How To Apply?",
            "description": [
                "Candidates can follow the below steps while applying for admission.",
                "Documents Required"
            ]
        },
        {
            "name": "Academy of Technology, Hooghly Placement",
            "description": [
                "Academy of Technology, Hooghly has an active placement cell. They invite many renowned companies for on-campus recruitment opportunities. The total percentage of placement offers received in the year 2020 was 99.60%. The highest salary package that was offered to students was 8.00 LPA. While, the average salary package was 3.65 LPA. The top recruiters were Amazon, Asahi Glass, Accenture, IBM, Bansal Mechanical Works, Atmecs, Capgemini, Ceasefire etc.",
                "Read More: Academy of Technology Placement"
            ]
        },
        {
            "name": "Academy of Technology Scholarship",
            "description": [
                "Academy of Technology offers assistance to students in receiving financial aid from various Government and Non-Government Organizations. It also offers assistance to help students avail educational loans from nationalized banks. Some scholarships are listed below:",
                "Read More: Academy of Technology Scholarship"
            ]
        },
        {
            "name": "Academy of Technology, Hooghly Facility",
            "description": [
                "Academy of Technology, Hooghly offers various facilities to its students.and they are mentioned below:"
            ]
        },
        {
            "name": "Academy of Technology, Hooghly Faculty",
            "description": [
                "The faculty members of the college are highly educated and experienced. They also attend faculty development programs in order to refine their knowledge. All of them are experts in their respective fields. The faculties hold the following positions:"
            ]
        },
        {
            "name": "FAQs",
            "description": []
        }
    ],
    "Section": {
        "name": "About AOT",
        "description": "Academy of Technology (AOT), Hooghly, West Bengal, was established in the year 2003. It is a private institute which is affiliated with Maulana Abul Kalam Azad University of Technology. At present, Academy of Technology offers B.Tech at UG level and MCA & MBA at PG level. All courses are approved by AICTE. Admission to the courses is done on the basis of entrance examinations such as JEE Mains/ WBJEE/ JECA/ JELET/ MAT/ JEMAT\nRead More: Academy of Technology, Hooghly Courses & Fees\nAcademy of Technology, Hooghly offers admission to students on the basis of scores obtained in entrance exams.\nAdmission to B.tech is based on JEE Mains/ WBJEE while, for lateral entry admission to B.tech course, one must have a JELET score. MBA and MCA Admission is done through MAT/ JEMAT and JECA respectively.\nCandidates must apply for counselling for the desired course. The college does not conduct its own admissions.\nCandidates can follow the below steps while applying for admission.\nDocuments Required\nAcademy of Technology, Hooghly has an active placement cell. They invite many renowned companies for on-campus recruitment opportunities. The total percentage of placement offers received in the year 2020 was 99.60%. The highest salary package that was offered to students was 8.00 LPA. While, the average salary package was 3.65 LPA. The top recruiters were Amazon, Asahi Glass, Accenture, IBM, Bansal Mechanical Works, Atmecs, Capgemini, Ceasefire etc.\nRead More: Academy of Technology Placement\nAcademy of Technology offers assistance to students in receiving financial aid from various Government and Non-Government Organizations. It also offers assistance to help students avail educational loans from nationalized banks. Some scholarships are listed below:\nRead More: Academy of Technology Scholarship\nAcademy of Technology, Hooghly offers various facilities to its students.and they are mentioned below:\nThe faculty members of the college are highly educated and experienced. They also attend faculty development programs in order to refine their knowledge. All of them are experts in their respective fields. The faculties hold the following positions:\nQues. What is the MBA fee structure at Academy of Technology, Hooghly?\nAns. MBA fee structure is as follows:\nQues. Who are the top recruiters at Academy of Technology, Hooghly?\nAns. The top recruiters at Academy of Technology in 2020 were Amazon, IBM, Accenture, Cognizant, Bansal Mechanical Works, Atmecs, Capgemini, Ceasefire and several more.\nQues. Does the Academy of Technology, Hooghly offer Lateral Entry into B.Tech?\nAns. Yes. Academy of Technology offers lateral entry into B.Tech across six branches. Candidates seeking to apply must score a valid rank in the JELET entrance examination and thereafter apply for counselling conducted by the same.\nQues. What is the B.Tech intake of Academy of Technology, Hooghly?\nAns. The B.Tech course wise intake is given below:\nQues. Does the Academy of Technology, Hooghly provide accommodation facilities?\nAns. Yes, the Academy of Technology does provide hostel facilities. It has separate hostels for boys and girls located within the campus. The Boys’ Hostel has the capacity to accommodate 250 students and the Girl’s Hostel has the capacity to accommodate 130 students."
    },
    "Academy of Technology, Hooghly Highlights": [],
    "Academy of Technology, Hooghly Courses": [
        {
            "Course": "B.Tech",
            "Specialization": "Computer Science and Engineering",
            "Details": "Duration: 4 Years\n\t\t\tEligibility: 10+2 in PCM\n\t\t\tSelection Criteria: JEE Main/ WBJEE"
        },
        {
            "Course": "B.Tech",
            "Specialization": "Computer Science & Business Systems"
        },
        {
            "Course": "B.Tech",
            "Specialization": "Electronics and Communication Engineering"
        },
        {
            "Course": "B.Tech",
            "Specialization": "Electrical and Electronics Engineering"
        },
        {
            "Course": "B.Tech",
            "Specialization": "Electrical Engineering"
        },
        {
            "Course": "B.Tech",
            "Specialization": "Mechanical Engineering"
        },
        {
            "Course": "B.Tech (Lateral)",
            "Specialization": "Computer Science and Engineering",
            "Details": ""
        },
        {
            "Course": "B.Tech (Lateral)",
            "Specialization": "Computer Science & Business Systems"
        },
        {
            "Course": "B.Tech (Lateral)",
            "Specialization": "Electronics and Communication Engineering"
        },
        {
            "Course": "B.Tech (Lateral)",
            "Specialization": "Electrical and Electronics Engineering"
        },
        {
            "Course": "B.Tech (Lateral)",
            "Specialization": "Electrical Engineering"
        },
        {
            "Course": "B.Tech (Lateral)",
            "Specialization": "Mechanical Engineering"
        },
        {
            "Course": "MBA",
            "Specialization": "-",
            "Details": ""
        },
        {
            "Course": "MCA",
            "Specialization": "-",
            "Details": ""
        }
    ],
    "FAQs": [
        {
            "Course": "Computer Science and Engineering",
            "Intake": "180"
        },
        {
            "Course": "Computer Science & Business Systems",
            "Intake": "60"
        },
        {
            "Course": "Electronics and Communication Engineering",
            "Intake": "180"
        },
        {
            "Course": "Electrical and Electronics Engineering",
            "Intake": "60"
        },
        {
            "Course": "Electrical Engineering",
            "Intake": "60"
        },
        {
            "Course": "Mechanical Engineering",
            "Intake": "60"
        }
    ],
    "AOT Fees & Eligibility": [
        {
            "Course": "B.Tech8  Courses",
            "Fees": "₹1.13 Lakhs (1st Year Fees)",
            "Eligibility": "10+2 with 45% + JEE Main",
            "Application Date": "28 Dec - 27 Jan 2024",
            "Action": "Apply Now"
        },
        {
            "Course": "B.Tech {Lateral}8  Courses",
            "Fees": "₹1.05 Lakhs - 1.13 Lakhs (1st Year Fees)",
            "Eligibility": "10+3 with 45% + WBJEE",
            "Application Date": "28 Dec - 27 Jan 2024",
            "Action": "Apply Now"
        },
        {
            "Course": "MBA1  Course",
            "Fees": "₹1.81 Lakhs (1st Year Fees)",
            "Eligibility": "Graduation",
            "Application Date": "-",
            "Action": "Apply Now"
        },
        {
            "Course": "MCA",
            "Fees": "₹1.02 Lakhs (1st Year Fees)",
            "Eligibility": "Graduation with 50% + WB JECA",
            "Application Date": "-",
            "Action": "Apply Now"
        }
    ],
    "Important Events": [
        {
            "Events": "WB-JECA results",
            "Dates": "UpcomingSep 06, 2024"
        }
    ],
    "Expired Events": [
        {
            "Events": "WB-JECA exam",
            "Dates": "Jun 30, 2024"
        },
        {
            "Events": "WB-JECA admit card",
            "Dates": "Jun 28, 2024"
        },
        {
            "Events": "WB-JECA registration",
            "Dates": "Apr 02, 2024 - Apr 30, 2024"
        }
    ],
    "AOT, WBJEE Cutoff 2024": [
        {
            "Courses": "B.Tech Computer Science Engineering",
            "Round 1": "16414",
            "Round 2": "20187",
            "Round 3": "20083"
        },
        {
            "Courses": "B.Tech Computer Science and Business Systems",
            "Round 1": "26571",
            "Round 2": "34331",
            "Round 3": "26053"
        },
        {
            "Courses": "B.Tech Electronics & Communication Engineering",
            "Round 1": "34103",
            "Round 2": "43545",
            "Round 3": "28744"
        }
    ],
    "faqs": [
        {
            "question": "What is the MBA fee structure at Academy of Technology, Hooghly?",
            "answer": "Ans.MBA fee structure is as follows:Total fees & deposit payable at the time of admissionRs. 1,06,000Tuition Fees payable at 2nd semesterRs. 75,000Tuition Fees payable at 3rd semesterRs. 75,000Tuition Fees payable at 4th semesterRs. 75,000"
        },
        {
            "question": "Who are the top recruiters at Academy of Technology, Hooghly?",
            "answer": "Ans.The top recruiters at Academy of Technology in 2020 were Amazon, IBM, Accenture, Cognizant, Bansal Mechanical Works, Atmecs, Capgemini, Ceasefire and several more."
        },
        {
            "question": "Does the Academy of Technology, Hooghly offer Lateral Entry into B.Tech?",
            "answer": "Ans.Yes. Academy of Technology offers lateral entry into B.Tech across six branches. Candidates seeking to apply must score a valid rank in the JELET entrance examination and thereafter apply for counselling conducted by the same."
        },
        {
            "question": "What is the B.Tech intake of Academy of Technology, Hooghly?",
            "answer": "Ans.The B.Tech course wise intake is given below:CourseIntakeComputer Science and Engineering180Computer Science & Business Systems60Electronics and Communication Engineering180Electrical and Electronics Engineering60Electrical Engineering60Mechanical Engineering60"
        },
        {
            "question": "Does the Academy of Technology, Hooghly provide accommodation facilities?",
            "answer": "Ans.Yes, the Academy of Technology does provide hostel facilities. It has separate hostels for boys and girls located within the campus. The Boys’ Hostel has the capacity to accommodate 250 students and the Girl’s Hostel has the capacity to accommodate 130 students."
        }
    ]
}