{
    "title": "ACE Engineering College: Admission 2024, Cutoff, Courses, Fees, Placements, Rankings",
    "meta_description": "ACE Engineering College Admission 2024 is open for various degree programs based on TS EAMCET and other entrance exam scores. Check latest updates and news on ACE Engineering CollegeAdmission 2024, Cutoff, Courses, Fees, Eligibility, and Admission Process",
    "keywords": "ACE Engineering College Admission 2024, ACE Engineering College B.Tech Admission 2024, ACE Engineering College Cutoff 2024, ACE Engineering College Courses Admission 2024, ACE Engineering College Cutoff, ACE Engineering College Fees, ACE Engineering College Admission Cutoff 2024, How much rank to get admission in ACE Engineering College, ACE Engineering College Admission Updates",
    "basic_info": [
        {
            "name": "ACE Engineering College Courses and Fees",
            "description": [
                "The ACE Engineering College offers a full-time and 4-year duration Bachelor of Technology course at the UG level and in 10 specializations. In addition, under the Butterfly program, students are provided a different set of training each year. For instance, in 1st year, girl students are trained in 20+ technologies, competitive programming, and Business English.",
                "In the 2nd and 3rd years, students are trained in advanced quantitative, Reasoning, and Verbal Abilities followed by behavioral skills, Java, and Data Structure and Algorithms. In addition, they get to study through PEGA Certification courses, CISCO, Cybersecurity, and AWS Training, training for coding challenges like Infosys-Infytq, Hackwith Infy, TCS-Codevita, etc. Last but not least, in the final year, company-specific training sessions are arranged for students.",
                "Read More: ACE Engineering College Courses"
            ]
        },
        {
            "name": "ACE Engineering College Cutoff 2024",
            "description": []
        },
        {
            "name": "ACE Engineering College Admission",
            "description": [
                "The process followed by the ACE Engineering College to grant admission to students in its courses is well-defined and has multiple steps in it. Seats of the B.Tech courses are filled under 2 categories namely Category A (filled by the Convener of EAMCET) and Category B i.e. Management Quota.",
                "How to Apply?",
                "Read More: ACE Engineering College Admission 2024"
            ]
        },
        {
            "name": "ACE Engineering College Facilities",
            "description": [
                "The highly vibrant, lively, and technology-integrated campus of ACE Engineering College is situated on a large area of land. Additionally, the overall ambiance is truly suitable for faculty and students' learning and growth. Further, lush greenery surrounding the college enhances its beauty. The following are some of the key facilities the college has for its students and staff members.",
                "Advanced Classrooms: The ACE Engineering College has well-developed, interactive, and ventilated lecture halls on its campus. All the classrooms are well-resourced with comfortable seating arrangements, internet, multimedia projectors, audio-video devices, and enough lighting.",
                "Seminar Hall and Auditorium: A cutting-edge seminar hall and auditorium also exist on the college premises. These places are used during events such as Seminars, Expert lectures, Project Presentations, Orientation Sessions, Conferences, etc. All facilities such as a public speaking system, projectors, internet connectivity, audio-video systems, etc. are available here. The Auditorium has a seating capacity of 1500+ people while Seminar Hall can accommodate 500+ people at a time.",
                "Central Library: The ACE Engineering College has a huge Knowledge Center situated over an area of 1073.52 sq. m. The library hosts an extensively rich collection of nearly 42,759 books covering a wide range of Engineering disciplines, competitive exams books, and 108 periodicals followed by international & national journals in domains like core engineering, Management, entrepreneurship, humanities, and soft skills. In addition, 3555 CD ROMS are available in the library. Lastly, the reference section of the library is home to standard textbooks for use by both students and faculty.",
                "Computer Lab: This well-equipped facility aims to enhance the digital competency of young minds. The lab has 400 computers in total with dual operating systems. The availability of WI-FI further allows students to access a variety of online content including e-journals and e-books, conduct online research, and finish assignments and projects.",
                "Canteen: A big and fully-furnished canteen has been built by the college to provide hygienic, nutritious, and fresh food items and snacks to students and staff members at a reasonable price.",
                "Transport: The college has a fleet of vehicles to offer pickup and drop facilities to students and staff members from the nearby locations of Hyderabad. All the vehicles are driven by trained individuals.",
                "Accommodations: The college strongly believes that students coming from a different city or state must receive a home-like ambiance away from their homes. Hence, separate hostel facilities are offered to both boys and girls. These accommodations are resourced with all facilities like clean and spacious rooms, 24*7 electricity and water supply, mess for food, recreational space, and Wi-Fi. The security of students is monitored via CCTV cameras and security guards around the clock.",
                "Check: ACE Engineering College Reviews"
            ]
        },
        {
            "name": "ACE Engineering College Placement",
            "description": [
                "There is a dedicated Training and Placement Cell at ACE Engineering College and the primary job of this cell is to work closely with recruiters to understand their requirements and guide students for skills enhancement. Another key task of this cell is to arrange mock interviews, group discussions, pre-placement talks, training programs, and take care of recruitment drives. In terms of infrastructure, the cell comprises 12 air-conditioned interview panel rooms and 5 air-conditioned GD rooms. eLitmus, Amcat, and AON are the assessment partners of ACE Engineering College while uipath Academy, DXC Technologies, Salesforce, Cisco, and Pega provide specialized training to students. Given below are some of the top recruiters and package details secured by students.",
                "Tabulated below are the total number of students placed during ACE Engineering College Placements 2024"
            ]
        },
        {
            "name": "ACE Engineering College Scholarships and Fee Concessions",
            "description": [
                "The ACE Engineering College offers scholarships and concessions in fees to students based on their marks in the EAPCET exam. Cited below are the details of the same.",
                "For EC | CS and Allied Branches:",
                "For EE | ME and CE Branches:"
            ]
        },
        {
            "name": "Note: Students can utilize either Hostel or Transport facility. Students cannot claim refunds for facilities not utilized by them. The above-mentioned facilities are not transferable.",
            "description": []
        },
        {
            "name": "How to reach ACE Engineering College?",
            "description": [
                "The ACE Engineering College is located in Ankushapur, Ghatkesar Mandal, Medchal District, Hyderabad - 501301, Telangana, India. Students can reach here via different modes of transport as mentioned below."
            ]
        },
        {
            "name": "ACE Engineering College FAQs",
            "description": []
        }
    ],
    "Section": {
        "name": "About ACEEC",
        "description": "ACE Engineering College is a well-developed, autonomous, and highly reputed college in Hyderabad. It was founded in 2007 by the Yadala Satyanarayana Memorial Educational Society. The college is approved by the All-India Council of Technical Education, accredited by NAAC with an A grade, and affiliated with Jawaharlal Nehru Technological University, Hyderabad.\nACE Engineering College offers an Undergraduate program called B.Tech in multiple specializations. Admission is granted to students based on the merit of the last year’s qualifying exam. The score of candidates in entrance exams like EAMCET or JEE is also counted during the final selection. All the courses of ACE are NBA accredited.\nACE Engineering College Highlights\nRead More: ACE Engineering College Faculty\nThe ACE Engineering College offers a full-time and 4-year duration Bachelor of Technology course at the UG level and in 10 specializations. In addition, under the Butterfly program, students are provided a different set of training each year. For instance, in 1st year, girl students are trained in 20+ technologies, competitive programming, and Business English.\nIn the 2nd and 3rd years, students are trained in advanced quantitative, Reasoning, and Verbal Abilities followed by behavioral skills, Java, and Data Structure and Algorithms. In addition, they get to study through PEGA Certification courses, CISCO, Cybersecurity, and AWS Training, training for coding challenges like Infosys-Infytq, Hackwith Infy, TCS-Codevita, etc. Last but not least, in the final year, company-specific training sessions are arranged for students.\nRead More: ACE Engineering College Courses\nThe table given below shows ACEEC TS EAMCET Cutoff 2024 for Round 1.\nThe process followed by the ACE Engineering College to grant admission to students in its courses is well-defined and has multiple steps in it. Seats of the B.Tech courses are filled under 2 categories namely Category A (filled by the Convener of EAMCET) and Category B i.e. Management Quota.\nHow to Apply?\nRead More: ACE Engineering College Admission 2024\nThe highly vibrant, lively, and technology-integrated campus of ACE Engineering College is situated on a large area of land. Additionally, the overall ambiance is truly suitable for faculty and students' learning and growth. Further, lush greenery surrounding the college enhances its beauty. The following are some of the key facilities the college has for its students and staff members.\nAdvanced Classrooms: The ACE Engineering College has well-developed, interactive, and ventilated lecture halls on its campus. All the classrooms are well-resourced with comfortable seating arrangements, internet, multimedia projectors, audio-video devices, and enough lighting.\nSeminar Hall and Auditorium: A cutting-edge seminar hall and auditorium also exist on the college premises. These places are used during events such as Seminars, Expert lectures, Project Presentations, Orientation Sessions, Conferences, etc. All facilities such as a public speaking system, projectors, internet connectivity, audio-video systems, etc. are available here. The Auditorium has a seating capacity of 1500+ people while Seminar Hall can accommodate 500+ people at a time.\nCentral Library: The ACE Engineering College has a huge Knowledge Center situated over an area of 1073.52 sq. m. The library hosts an extensively rich collection of nearly 42,759 books covering a wide range of Engineering disciplines, competitive exams books, and 108 periodicals followed by international & national journals in domains like core engineering, Management, entrepreneurship, humanities, and soft skills. In addition, 3555 CD ROMS are available in the library. Lastly, the reference section of the library is home to standard textbooks for use by both students and faculty.\nComputer Lab: This well-equipped facility aims to enhance the digital competency of young minds. The lab has 400 computers in total with dual operating systems. The availability of WI-FI further allows students to access a variety of online content including e-journals and e-books, conduct online research, and finish assignments and projects.\nCanteen: A big and fully-furnished canteen has been built by the college to provide hygienic, nutritious, and fresh food items and snacks to students and staff members at a reasonable price.\nTransport: The college has a fleet of vehicles to offer pickup and drop facilities to students and staff members from the nearby locations of Hyderabad. All the vehicles are driven by trained individuals.\nAccommodations: The college strongly believes that students coming from a different city or state must receive a home-like ambiance away from their homes. Hence, separate hostel facilities are offered to both boys and girls. These accommodations are resourced with all facilities like clean and spacious rooms, 24*7 electricity and water supply, mess for food, recreational space, and Wi-Fi. The security of students is monitored via CCTV cameras and security guards around the clock.\nCheck: ACE Engineering College Reviews\nThere is a dedicated Training and Placement Cell at ACE Engineering College and the primary job of this cell is to work closely with recruiters to understand their requirements and guide students for skills enhancement. Another key task of this cell is to arrange mock interviews, group discussions, pre-placement talks, training programs, and take care of recruitment drives. In terms of infrastructure, the cell comprises 12 air-conditioned interview panel rooms and 5 air-conditioned GD rooms. eLitmus, Amcat, and AON are the assessment partners of ACE Engineering College while uipath Academy, DXC Technologies, Salesforce, Cisco, and Pega provide specialized training to students. Given below are some of the top recruiters and package details secured by students.\nTabulated below are the total number of students placed during ACE Engineering College Placements 2024\nThe ACE Engineering College offers scholarships and concessions in fees to students based on their marks in the EAPCET exam. Cited below are the details of the same.\nFor EC | CS and Allied Branches:\nFor EE | ME and CE Branches:\nThe ACE Engineering College is located in Ankushapur, Ghatkesar Mandal, Medchal District, Hyderabad - 501301, Telangana, India. Students can reach here via different modes of transport as mentioned below.\nQues. How many seats are there in each Specialization of the B.Tech course offered by the ACE Engineering College?\nAns. The following are the seat details of each specialization of the B.Tech course offered by the ACE Engineering College.\nQues. Which Committees are there in ACE Engineering College for student welfare?\nAns. The ACE Engineering College has the following Committees for the welfare of students.\nQues. What measures does the ACE Engineering College have taken to ensure everyone's security on campus?\nAns. The whole campus of ACE Engineering College is equipped with CCTV cameras to monitor the movement of people and ensure everyone's safety.\nQues. Does ACE Engineering College offer sports and Gym facilities to students?\nAns. Yes, the ACE Engineering College has enough arrangements for various indoor and outdoor games. In addition, there is a full-fledged gym for students.\nQues. How can one contact the ACE Engineering College for admission-related queries?\nAns. For any query or issues related to enrollment, an individual can get in touch with the concerned authority at 8712225044 or they can drop their queries at admissions@aceec.ac.in."
    },
    "ACE Engineering College Courses and Fees": [
        {
            "Courses": "B.Tech Computer Science and Engineering - Data Science",
            "Round 1": "34722"
        },
        {
            "Courses": "B.Tech Information Technology",
            "Round 1": "35697"
        },
        {
            "Courses": "B.Tech Computer Science and Engineering - Internet of Things",
            "Round 1": "39717"
        },
        {
            "Courses": "B.Tech Electrical and Electronics Engineering",
            "Round 1": "79242"
        },
        {
            "Courses": "B.Tech Mechanical Engineering",
            "Round 1": "91325"
        },
        {
            "Courses": "B.Tech Civil Engineering",
            "Round 1": "97739"
        },
        {
            "Courses": "B.Tech Computer Science and Engineering (Artificial Intelligence & Machine Learning)",
            "Round 1": "140737"
        },
        {
            "Courses": "B.Tech Computer Science Engineering",
            "Round 1": "148105"
        },
        {
            "Courses": "B.Tech Electronics & Communication Engineering",
            "Round 1": "164779"
        }
    ],
    "ACE Engineering College Placement": [
        {
            "Company": "Cisco",
            "Students Placed": "1",
            "Package Offered": "INR 17.8 LPA"
        },
        {
            "Company": "TCS",
            "Students Placed": "35",
            "Package Offered": "INR 9 LPA"
        },
        {
            "Company": "IBM",
            "Students Placed": "1",
            "Package Offered": "INR 8.5 LPA"
        },
        {
            "Company": "Intellipaat",
            "Students Placed": "1",
            "Package Offered": "INR 7 LPA"
        },
        {
            "Company": "Accenture",
            "Students Placed": "183",
            "Package Offered": "INR 6.5 LPA"
        },
        {
            "Company": "Hexaware-PGET",
            "Students Placed": "2",
            "Package Offered": "INR 6 LPA"
        },
        {
            "Company": "Cognoxia",
            "Students Placed": "1",
            "Package Offered": "INR 6 LPA"
        },
        {
            "Company": "Tech Mahindra",
            "Students Placed": "10",
            "Package Offered": "INR 5.5 LPA"
        },
        {
            "Company": "Hyundai-R&D",
            "Students Placed": "2",
            "Package Offered": "INR 5 LPA"
        },
        {
            "Company": "Deloitte",
            "Students Placed": "2",
            "Package Offered": "INR 4.5 LPA"
        },
        {
            "Company": "Sobha Developers",
            "Students Placed": "2",
            "Package Offered": "INR 4.2 LPA"
        },
        {
            "Company": "BSCPL",
            "Students Placed": "1",
            "Package Offered": "INR 4 LPA"
        },
        {
            "Company": "Accel",
            "Students Placed": "14",
            "Package Offered": "INR 3.6 LPA"
        },
        {
            "Company": "Motherson Automotive",
            "Students Placed": "3",
            "Package Offered": "INR 3.6 LPA"
        },
        {
            "Company": "Viamagus Technologies Pvt. Ltd.",
            "Students Placed": "1",
            "Package Offered": "INR 3.6 LPA"
        },
        {
            "Company": "Amazon-CSA",
            "Students Placed": "1",
            "Package Offered": "INR 3.6 LPA"
        },
        {
            "Company": "Revature",
            "Students Placed": "1",
            "Package Offered": "INR 3.5 LPA"
        },
        {
            "Company": "Keolis",
            "Students Placed": "4",
            "Package Offered": "INR 3.5 LPA"
        },
        {
            "Company": "Astra Microwave",
            "Students Placed": "2",
            "Package Offered": "INR 3.25 LPA"
        },
        {
            "Company": "Amazon LMAQ",
            "Students Placed": "2",
            "Package Offered": "INR 3.14 LPA"
        },
        {
            "Company": "Pronifus",
            "Students Placed": "3",
            "Package Offered": "INR 3 LPA"
        },
        {
            "Company": "Dheeraj Engineers",
            "Students Placed": "4",
            "Package Offered": "INR 3 LPA"
        },
        {
            "Company": "Movate",
            "Students Placed": "5",
            "Package Offered": "INR 3 LPA"
        },
        {
            "Company": "IComm",
            "Students Placed": "2",
            "Package Offered": "INR 3 LPA"
        },
        {
            "Company": "Cway Engineering Exports",
            "Students Placed": "3",
            "Package Offered": "INR 3 LPA"
        },
        {
            "Company": "Novac Technology",
            "Students Placed": "3",
            "Package Offered": "INR 3 LPA"
        },
        {
            "Company": "AIA Engineering Ltd",
            "Students Placed": "5",
            "Package Offered": "INR 2.52 LPA"
        },
        {
            "Company": "Sutherland",
            "Students Placed": "84",
            "Package Offered": "INR 2.5 LPA"
        },
        {
            "Company": "KYB Corporation",
            "Students Placed": "62",
            "Package Offered": "INR 2.5 LPA"
        },
        {
            "Company": "ACE Engineering Academy",
            "Students Placed": "2",
            "Package Offered": "INR 2.4 LPA"
        },
        {
            "Company": "Tech Mahindra (BPO)",
            "Students Placed": "2",
            "Package Offered": "INR 2.33 LPA"
        },
        {
            "Company": "Maintec",
            "Students Placed": "25",
            "Package Offered": "INR 2.22 LPA"
        },
        {
            "Company": "Mitsuba & ZF Rane",
            "Students Placed": "3",
            "Package Offered": "INR 2.17 LPA"
        },
        {
            "Company": "ZFSVCS",
            "Students Placed": "3",
            "Package Offered": "INR 2.17 LPA"
        },
        {
            "Company": "Nucleonix-Internship",
            "Students Placed": "4",
            "Package Offered": "INR 2.16 LPA"
        },
        {
            "Company": "[24/7].ai",
            "Students Placed": "12",
            "Package Offered": "INR 2.1 LPA"
        },
        {
            "Company": "TVS Sundaram Fastners",
            "Students Placed": "4",
            "Package Offered": "INR 1.92 LPA"
        },
        {
            "Company": "Bhagwati Products (Micromax)",
            "Students Placed": "29",
            "Package Offered": "INR 1.92 LPA"
        },
        {
            "Company": "UTS-Internship",
            "Students Placed": "1",
            "Package Offered": "INR 1.8 LPA"
        },
        {
            "Company": "Dewize.io",
            "Students Placed": "3",
            "Package Offered": "INR 1.8 LPA"
        },
        {
            "Company": "App Protech",
            "Students Placed": "2",
            "Package Offered": "INR 1.8 LPA"
        },
        {
            "Company": "RAP ECO Motors",
            "Students Placed": "1",
            "Package Offered": "INR 1.8 LPA"
        },
        {
            "Company": "Total Selections",
            "Students Placed": "Total Selections",
            "Package Offered": "532"
        },
        {
            "Company": "Average Package",
            "Students Placed": "Average Package",
            "Package Offered": "INR 4.02  LPA"
        }
    ],
    "ACE Engineering College Scholarships and Fee Concessions": [
        {
            "TSEAPCET Rank": "Below 2500",
            "Hostel Fee": "100%",
            "Transport Fee": "100%",
            "GATE Coaching": "100%"
        },
        {
            "TSEAPCET Rank": "2501 - 5000",
            "Hostel Fee": "100%",
            "Transport Fee": "100%",
            "GATE Coaching": "100%"
        },
        {
            "TSEAPCET Rank": "5001 - 10000",
            "Hostel Fee": "50%",
            "Transport Fee": "100%",
            "GATE Coaching": "100%"
        },
        {
            "TSEAPCET Rank": "10001 - 15000",
            "Hostel Fee": "50%",
            "Transport Fee": "75%",
            "GATE Coaching": "100%"
        },
        {
            "TSEAPCET Rank": "15001 - 20000",
            "Hostel Fee": "40%",
            "Transport Fee": "50%",
            "GATE Coaching": "100%"
        }
    ],
    "How to reach ACE Engineering College?": [
        {
            "Mode of Transport": "By Air",
            "Halt Point": "Hyderabad Airport",
            "Distance": "53.3 km"
        },
        {
            "Mode of Transport": "By Bus",
            "Halt Point": "Hyderabad Bus Stand",
            "Distance": "30.7 km"
        },
        {
            "Mode of Transport": "By Railway",
            "Halt Point": "Hyderabad Railway Station",
            "Distance": "33.5 km"
        }
    ],
    "ACE Engineering College FAQs": [
        {
            "B.Tech Specializations": "Electronics and Communication Engineering",
            "Total Seats": "120",
            "Convener Seats (as per EAMCET scores)": "84",
            "Management Seats": "36"
        },
        {
            "B.Tech Specializations": "Computer Science and Engineering",
            "Total Seats": "420",
            "Convener Seats (as per EAMCET scores)": "294",
            "Management Seats": "126"
        },
        {
            "B.Tech Specializations": "Information Technology",
            "Total Seats": "60",
            "Convener Seats (as per EAMCET scores)": "42",
            "Management Seats": "18"
        },
        {
            "B.Tech Specializations": "Civil Engineering",
            "Total Seats": "60",
            "Convener Seats (as per EAMCET scores)": "42",
            "Management Seats": "18"
        },
        {
            "B.Tech Specializations": "Electrical and Electronics Engineering",
            "Total Seats": "30",
            "Convener Seats (as per EAMCET scores)": "21",
            "Management Seats": "9"
        },
        {
            "B.Tech Specializations": "Mechanical Engineering",
            "Total Seats": "30",
            "Convener Seats (as per EAMCET scores)": "21",
            "Management Seats": "9"
        },
        {
            "B.Tech Specializations": "CSE (AI and ML) - CSM",
            "Total Seats": "180",
            "Convener Seats (as per EAMCET scores)": "126",
            "Management Seats": "54"
        },
        {
            "B.Tech Specializations": "CSE (Data Science) - CSD",
            "Total Seats": "180",
            "Convener Seats (as per EAMCET scores)": "126",
            "Management Seats": "54"
        },
        {
            "B.Tech Specializations": "CSE (IoT) - CSO",
            "Total Seats": "60",
            "Convener Seats (as per EAMCET scores)": "42",
            "Management Seats": "18"
        }
    ],
    "ACEEC Fees & Eligibility": [
        {
            "Course": "B.Tech9  Courses",
            "Fees": "₹1.1 Lakhs (1st Year Fees)",
            "Eligibility": "10+2 with 45% + TS EAMCET",
            "Application Date": "3 Mar - 02 May 2024",
            "Action": "Apply Now"
        },
        {
            "Course": "B.Tech {Lateral}9  Courses",
            "Fees": "₹1.1 Lakhs (1st Year Fees)",
            "Eligibility": "10+2 with 45% + TSECET",
            "Application Date": "3 Mar - 02 May 2024",
            "Action": "Apply Now"
        }
    ],
    "Important Events": [
        {
            "Events": "TS EAMCET Application Dates",
            "Dates": "TentativeFeb 26, 2025 - Apr 06, 2025"
        },
        {
            "Events": "TS ECET Registration Timeline",
            "Dates": "TentativeFeb 15, 2025 - Apr 16, 2025"
        },
        {
            "Events": "TS EAMCET Admit Card Date",
            "Dates": "TentativeApr 29, 2025"
        },
        {
            "Events": "TS ECET Admit Card Date",
            "Dates": "TentativeMay 01, 2025"
        },
        {
            "Events": "TS ECET Exam Date",
            "Dates": "TentativeMay 06, 2025"
        },
        {
            "Events": "TS EAMCET Exam Date",
            "Dates": "TentativeMay 07, 2025 - May 11, 2025"
        },
        {
            "Events": "TS EAMCET Result Date",
            "Dates": "TentativeMay 18, 2025"
        },
        {
            "Events": "TS ECET Result Date",
            "Dates": "TentativeMay 20, 2025"
        },
        {
            "Events": "TS ECET Counselling Date",
            "Dates": "TentativeJun 08, 2025"
        }
    ],
    "Expired Events": [
        {
            "Events": "Downloading of New Allotment Order, if any (Internal Sliding) & Self report through Website [BE/B.Tech]",
            "Dates": "Aug 28, 2024 - Aug 30, 2024"
        },
        {
            "Events": "Provisional Allotment of Seats on or before [Centralized Internal Sliding] [BE/B.Tech]",
            "Dates": "Aug 26, 2024"
        },
        {
            "Events": "Exercising options [Centralized Internal Sliding] [BE/B.Tech]",
            "Dates": "Aug 21, 2024 - Aug 22, 2024"
        }
    ],
    "ACEEC, TS EAMCET Cutoff 2024": [
        {
            "Courses": "B.Tech Computer Science and Engineering - Data Science",
            "Round 1": "34722"
        },
        {
            "Courses": "B.Tech Information Technology",
            "Round 1": "35697"
        },
        {
            "Courses": "B.Tech Computer Science and Engineering - Internet of Things",
            "Round 1": "39717"
        }
    ],
    "ACE Engineering College EC, CS, and Allied Branches Scholarship": [
        {
            "TSEAPCET Rank": "Below 2500",
            "Hostel Fee": "100%",
            "Transport Fee": "100%",
            "GATE Coaching": "100%"
        },
        {
            "TSEAPCET Rank": "2501 - 5000",
            "Hostel Fee": "75%",
            "Transport Fee": "75%",
            "GATE Coaching": "100%"
        },
        {
            "TSEAPCET Rank": "5001 - 10000",
            "Hostel Fee": "50%",
            "Transport Fee": "50%",
            "GATE Coaching": "100%"
        }
    ],
    "ACE Engineering College EE, ME, and CE Branches Scholarship": [
        {
            "TSEAPCET Rank": "Below 2500",
            "Hostel Fee": "100%",
            "Transport Fee": "100%",
            "GATE Coaching": "100%"
        },
        {
            "TSEAPCET Rank": "2501 - 5000",
            "Hostel Fee": "100%",
            "Transport Fee": "100%",
            "GATE Coaching": "100%"
        },
        {
            "TSEAPCET Rank": "5001 - 10000",
            "Hostel Fee": "50%",
            "Transport Fee": "100%",
            "GATE Coaching": "100%"
        },
        {
            "TSEAPCET Rank": "10001 - 15000",
            "Hostel Fee": "50%",
            "Transport Fee": "75%",
            "GATE Coaching": "100%"
        },
        {
            "TSEAPCET Rank": "15001 - 20000",
            "Hostel Fee": "40%",
            "Transport Fee": "50%",
            "GATE Coaching": "100%"
        }
    ],
    "faqs": [
        {
            "question": "How many seats are there in each Specialization of the B.Tech course offered by the ACE Engineering College?",
            "answer": "The following are the seat details of each specialization of the B.Tech course offered by the ACE Engineering College.B.Tech SpecializationsTotal SeatsConvener Seats (as per EAMCET scores)Management SeatsElectronics and Communication Engineering1208436Computer Science and Engineering420294126Information Technology604218Civil Engineering604218Electrical and Electronics Engineering30219Mechanical Engineering30219CSE (AI and ML) - CSM18012654CSE (Data Science) - CSD18012654CSE (IoT) - CSO604218"
        },
        {
            "question": "Which Committees are there in ACE Engineering College for student welfare?",
            "answer": "The ACE Engineering College has the following Committees for the welfare of students.Anti-Ragging CommitteeDisciplinary CommitteeEntrepreneurship Development CommitteeTraining and Placement CommitteeSports and Games CommitteeCollege Canteen CommitteeTransportation CommitteeCultural CommitteeAlumni CommitteeGrievance Redressal CommitteeResearch & Development CommitteeInternal Complaints CommitteeIntellectual Property Right CellSC/ST Committee"
        },
        {
            "question": "What measures does the ACE Engineering College have taken to ensure everyone's security on campus?",
            "answer": "The whole campus of ACE Engineering College is equipped with CCTV cameras to monitor the movement of people and ensure everyone's safety."
        },
        {
            "question": "Does ACE Engineering College offer sports and Gym facilities to students?",
            "answer": "Yes, the ACE Engineering College has enough arrangements for various indoor and outdoor games. In addition, there is a full-fledged gym for students."
        },
        {
            "question": "How can one contact the ACE Engineering College for admission-related queries?",
            "answer": "For any query or issues related to enrollment, an individual can get in touch with the concerned authority at 8712225044 or they can drop their queries atadmissions@aceec.ac.in."
        }
    ]
}