{
    "title": "Acharya Institute of Technology: Admission 2024, Courses, Fees, Placements",
    "meta_description": "Acharya Institute of Technology Admission 2024 is open for various degree programs based on merit in KCET, COMEDK and other entrance exams. Check the latest updates and news on Acharya Institute of Technology Admission 2024, Cutoff, Courses, Fees, Eligibility, and Admission Process",
    "keywords": "Acharya Institute of Technology, Acharya Institute of Technology admission, Acharya Institute of Technology courses, Acharya Institute of Technology fees, Acharya Institute of Technology cutoff, Acharya Institute of Technology placements, Acharya Institute of Technology admission",
    "basic_info": [
        {
            "name": "Acharya Institute of Technology Bangalore Highlights",
            "description": []
        },
        {
            "name": "Acharya Institute of Technology Bangalore Courses & Fees",
            "description": []
        },
        {
            "name": "Acharya Institute of Technology Bangalore Admission 2024",
            "description": [
                "The application form is available on the official website of the university. Those who wish to apply are required to submit their applications on the admission portal of the university. The basic eligibility for UG courses is class 12 with minimum 50% marks and for PG courses is a graduation degree in relevant discipline with at least 50% marks. Candidates are selected on the basis of an entrance exam. Shortlisted candidates are offered seats on the basis of their performance in the entrance exam.",
                "Admission to B.Tech, M.Tech and MBA programs at Acharya Institute of Technology Bangalore are granted on the basis of scores obtained in the below mentioned national level entrance examinations:"
            ]
        },
        {
            "name": "Acharya Institute of Technology Bangalore Cutoff 2024",
            "description": [
                "Acharya Institute of Technology COMEDK Cutoff 2024 is out. The table below shows the cutoff rank for GM (General Merit) & KKR (Kalyana Karnataka Region) categories under Round 1:"
            ]
        },
        {
            "name": "Acharya Institute of Technology Bangalore Placements 2024",
            "description": [
                "Acharya Institute of Technology Placement 2024 report is not released yet. The university has a 85% placement rate. Around 550 companies visit the campus every year on an average. During the last year the highest package of Acharya Institute of Technology stood at INR 65 LPA and the average package closed at INR 6 LPA.",
                "Recruiters at Acharya Institute of Technology include companies HSBC, Pingala Software, Infosys, EY, HP, Wipro, Capgemini, Kotak Mahindra Bank, Cavinkare, Indiamart and many other big names in the industry. Several students from the institute were also selected for higher studies."
            ]
        },
        {
            "name": "Acharya Institute of Technology Ranking 2024",
            "description": [
                "Acharya Institute of Technology (AIT) has consistently performed well in rankings. It ranks 81 in India according to the IIRF Ranking (2023) for B.Tech programs. Acharya Institute of Technology has achieved a NIRF Innovation Ranking (2023) of 151 in India. The table below shows the ranking of the Acharya Institute of Technology:"
            ]
        },
        {
            "name": "Acharya Institute of Technology Bangalore Faculty",
            "description": [
                "Acharya Institute of Technology Bangalore has a large and diverse faculty of 306 highly qualified members, out of which many members are PhD holders in their respective disciplines. The faculty at AIT Bangalore consists of a combination of young and experienced, passionate and curious individuals. They are the most distinguished scholars, who constantly indulge in research in their respective fields. All faculty members are very accomplished and are always available and cooperative towards students. The faculty includes the Dean, Professors and Assistant Professors."
            ]
        },
        {
            "name": "Acharya Institute of Technology Bangalore Facilities",
            "description": [
                "Being a reputed engineering college, Acharya Institute of Technology Bangalore maintains its reputation by providing students with the best in class academic and other facilities. Details for some of these facilities are as follows:"
            ]
        },
        {
            "name": "Acharya Institute of Technology Bangalore Campus",
            "description": []
        },
        {
            "name": "Acharya Institute of Technology FAQs",
            "description": []
        }
    ],
    "Section": {
        "name": "About Acharya Institute of Technology",
        "description": "Acharya Institute of Technology is a private co-educational engineering and management college in Bengaluru, India. The institute is approved by AICTE and affiliated to Visvesaraya Technological University (VTU), Belgaum. Acharya Institute of Technology is accredited by NAAC with B++ grade. It has been accredited both by AICTE and NBA (National Board of Accreditation). The college also received the status of a Technical Institute by AICTE.\nAdmission to Acharya Institute of Technology B.Tech courses is granted on the basis of KCET Cutoff. For Outside state candidates COMEDK-UGET Score is considered. For MTech Admissions, the college accepts GATE / PGCET Score. The institute currently has a total strength of 12,000+ students across all departments, as well as over 300 extremely qualified faculty members.\nCandidate must have completed Graduation in relevant Discipline from VTU or any recognised university with a minimum aggregate of 50% marks+ PGCET Score\nThe application form is available on the official website of the university. Those who wish to apply are required to submit their applications on the admission portal of the university. The basic eligibility for UG courses is class 12 with minimum 50% marks and for PG courses is a graduation degree in relevant discipline with at least 50% marks. Candidates are selected on the basis of an entrance exam. Shortlisted candidates are offered seats on the basis of their performance in the entrance exam.\nAdmission to B.Tech, M.Tech and MBA programs at Acharya Institute of Technology Bangalore are granted on the basis of scores obtained in the below mentioned national level entrance examinations:\nAcharya Institute of Technology COMEDK Cutoff 2024 is out. The table below shows the cutoff rank for GM (General Merit) & KKR (Kalyana Karnataka Region) categories under Round 1:\nAcharya Institute of Technology Placement 2024 report is not released yet. The university has a 85% placement rate. Around 550 companies visit the campus every year on an average. During the last year the highest package of Acharya Institute of Technology stood at INR 65 LPA and the average package closed at INR 6 LPA.\nRecruiters at Acharya Institute of Technology include companies HSBC, Pingala Software, Infosys, EY, HP, Wipro, Capgemini, Kotak Mahindra Bank, Cavinkare, Indiamart and many other big names in the industry. Several students from the institute were also selected for higher studies.\nAcharya Institute of Technology (AIT) has consistently performed well in rankings. It ranks 81 in India according to the IIRF Ranking (2023) for B.Tech programs. Acharya Institute of Technology has achieved a NIRF Innovation Ranking (2023) of 151 in India. The table below shows the ranking of the Acharya Institute of Technology:\nAcharya Institute of Technology Bangalore has a large and diverse faculty of 306 highly qualified members, out of which many members are PhD holders in their respective disciplines. The faculty at AIT Bangalore consists of a combination of young and experienced, passionate and curious individuals. They are the most distinguished scholars, who constantly indulge in research in their respective fields. All faculty members are very accomplished and are always available and cooperative towards students. The faculty includes the Dean, Professors and Assistant Professors.\nBeing a reputed engineering college, Acharya Institute of Technology Bangalore maintains its reputation by providing students with the best in class academic and other facilities. Details for some of these facilities are as follows:\n\nQues. What type of college is the Acharya Institute of Technology?\nAns. Acharya Institute of Technology is a private co-educational engineering and management college in Bengaluru, India. Established in 2000, it offers undergraduate and postgraduate courses in various disciplines.\nQues. What are the accreditations and affiliations of the Acharya Institute of Technology?\nAns. Acharya Institute of Technology is affiliated with Visvesvaraya Technological University (VTU) and accredited by the National Board of Accreditation (NBA). It also holds a B++ grade from the National Assessment and Accreditation Council (NAAC)\nQues. What is the admission criteria at Acharya Institute of Technology?\nAns. For B.Tech courses, Acharya Institute of Technology admission is based on the KCET score. Outside Karnataka, students can apply through COMEDK-UGET. For MTech admissions, GATE or PGCET scores are considered.\nQues. What are the courses offered at Acharya Institute of Technology?\nAns. Acharya Institute of Technology offers BE, M.Tech, MBA and MCA programs. Acharya Institute of Technology Bangalore provides B.Tech programs in various engineering disciplines, including Computer Engineering, Electronics and Telecommunication Engineering, Information Technology, and Mechanical Engineering. It also offers an M.Tech in Mechanical Design and an MBA.\nQues. What are the campus facilities at Acharya Institute of Technology?\nAns. Acharya Institute of Technology’s campus spans 120 acres and has excellent facilities for students. The campus has spacious classrooms equipped with smartboards and projection facilities. It has a library, laboratories, hostels for boys and girls, a health centre, a gym, and wifi- access.\nQues. What is the application process at Acharya Institute of Technology?\nAns. Interested candidates can apply online through the Acharya Institute of Technology's official website. Eligibility candidates have to fill out the online application form, submit required documents, pay the application fee, appear for entrance exams, and attend counselling or interviews. The seat allotment is based on merit. Once seats are allotted, candidates will be called for document verification and the final step is confirmation of admission.\nQues. What are the entrance tests at Acharya Institute of Technology?\nAns. Acharya Institute of Technology admits students based on the All India Ranking obtained in the JEE Main exam conducted by the NTA for B.Tech courses. KCET, GATE, MAT, and PGCET are the entrance tests considered for various programs.\nQues. What are the tuition fees for different courses at Acharya Institute of Technology?\nAns. Acharya Institute of Technology tuition fees vary based on the program. Check the table below for the total tuition fees for various programs:\nQues. What is the total faculty strength of Acharya Institute of Technology?\nAns. Acharya Institute of Technology has a diverse faculty strength comprising 306 highly qualified members, many of these teachers hold Ph.D. degrees in their respective disciplines.\n"
    },
    "Acharya Institute of Technology Bangalore Highlights": [],
    "Acharya Institute of Technology Bangalore Courses & Fees": [
        {
            "Program": "BE",
            "Eligibility and Selection Criteria": "Candidate must have completed 10+2/ PUC level of education with a minimum aggregate of 45% marks, with English as a compulsory subject + KMAT Score/ COMEDK Score",
            "Tuition Fee (per annum)": "INR 91,296"
        },
        {
            "Program": "BE",
            "Eligibility and Selection Criteria": "Candidate must have completed 10+2/ PUC level of education with a minimum aggregate of 45% marks, with English as a compulsory subject + KMAT Score/ COMEDK Score",
            "Tuition Fee (per annum)": "INR 91,296"
        },
        {
            "Program": "BE",
            "Eligibility and Selection Criteria": "Candidate must have completed 10+2/ PUC level of education with a minimum aggregate of 45% marks, with English as a compulsory subject + KMAT Score/ COMEDK Score",
            "Tuition Fee (per annum)": "INR 91,296"
        },
        {
            "Program": "BE",
            "Eligibility and Selection Criteria": "Candidate must have completed 10+2/ PUC level of education with a minimum aggregate of 45% marks, with English as a compulsory subject + KMAT Score/ COMEDK Score",
            "Tuition Fee (per annum)": "INR 91,296"
        }
    ],
    "Acharya Institute of Technology Bangalore Cutoff 2024": [
        {
            "Course Name": "Aeronautical Engineering",
            "GM": "30316",
            "KKR": "69087"
        },
        {
            "Course Name": "Artificial Intelligence & Machine Learning",
            "GM": "18743",
            "KKR": "39916"
        },
        {
            "Course Name": "Biotechnology",
            "GM": "46902",
            "KKR": "NA"
        },
        {
            "Course Name": "Computer Science & Engineering (Data Science)",
            "GM": "17174",
            "KKR": "44419"
        },
        {
            "Course Name": "Computer Science & Engineering",
            "GM": "16299",
            "KKR": "42048"
        },
        {
            "Course Name": "Civil Engineering",
            "GM": "58244",
            "KKR": "93817"
        },
        {
            "Course Name": "Electronics & Communication Engineering",
            "GM": "23183",
            "KKR": "63631"
        },
        {
            "Course Name": "Electrical & Electronics Engineering",
            "GM": "31072",
            "KKR": "87923"
        },
        {
            "Course Name": "Information Science & Engineering",
            "GM": "21963",
            "KKR": "47020"
        },
        {
            "Course Name": "Mechanical Engineering",
            "GM": "54924",
            "KKR": "NA"
        },
        {
            "Course Name": "Mechatronics Engineering",
            "GM": "58876",
            "KKR": "NA"
        }
    ],
    "Acharya Institute of Technology Ranking 2024": [
        {
            "Ranking Agency": "IIRF Ranking 2023",
            "Category": "Engineering",
            "Rank": "81"
        },
        {
            "Ranking Agency": "NIRF Innovation 2023",
            "Category": "Overall",
            "Rank": "151"
        }
    ],
    "Acharya Institute of Technology FAQs": [
        {
            "Course": "B.E.",
            "Total Tuition Fees": "INR 10.57 Lakhs"
        },
        {
            "Course": "MBA",
            "Total Tuition Fees": "INR 65,810"
        },
        {
            "Course": "M.Tech",
            "Total Tuition Fees": "INR 69,300"
        },
        {
            "Course": "MCA",
            "Total Tuition Fees": "INR 65,810"
        }
    ],
    "Acharya Institute of Technology Fees & Eligibility": [
        {
            "Course": "BE12  Courses",
            "Fees": "₹1.91 Lakhs - 4.17 Lakhs (1st Year Fees)",
            "Eligibility": "10+2 with 45%",
            "Application Date": "30 Apr - 17 Jun 2024",
            "Action": "Apply Now"
        },
        {
            "Course": "MBA1  Course",
            "Fees": "₹1.28 Lakhs (Total Fees)",
            "Eligibility": "Graduation with 50%",
            "Application Date": "30 Apr - 17 Jun 2024",
            "Action": "Apply Now"
        },
        {
            "Course": "M.Tech4  Courses",
            "Fees": "₹1.28 Lakhs - 1.51 Lakhs (Total Fees)",
            "Eligibility": "Graduation with 50%",
            "Application Date": "30 Apr - 17 Jun 2024",
            "Action": "Apply Now"
        },
        {
            "Course": "MCA",
            "Fees": "₹1.28 Lakhs (Total Fees)",
            "Eligibility": "Graduation with 50% + KMAT",
            "Application Date": "30 Apr 2024",
            "Action": "Apply Now"
        }
    ],
    "Important Events": [
        {
            "Events": "Karnataka PGCET Result",
            "Dates": "TentativeOct 22, 2024"
        }
    ],
    "Expired Events": [
        {
            "Events": "Karnataka PGCET Exam (ME, M.Tech & M.Arch)",
            "Dates": "Jul 13, 2024 - Jul 14, 2024"
        },
        {
            "Events": "Karnataka PGCET Admit Card",
            "Dates": "Jul 04, 2024 - Jul 14, 2024"
        },
        {
            "Events": "Karnataka PGCET Registration Timeline",
            "Dates": "May 27, 2024 - Jun 26, 2024"
        }
    ],
    "Acharya Institute of Technology, KCET Cutoff 2023": [
        {
            "Courses": "BE Computer Science and EngineeringCompare",
            "Round 1": "14021",
            "Round 2": "15799"
        },
        {
            "Courses": "BE Information Science & EngineeringCompare",
            "Round 1": "17868",
            "Round 2": "18999"
        },
        {
            "Courses": "BE Artificial Intelligence & Machine LearningCompare",
            "Round 1": "21015",
            "Round 2": "22180"
        }
    ],
    "faqs": [
        {
            "question": "What type of college is the Acharya Institute of Technology?",
            "answer": "Acharya Institute of Technology is a private co-educational engineering and management college in Bengaluru, India. Established in 2000, it offers undergraduate and postgraduate courses in various disciplines."
        },
        {
            "question": "What are the accreditations and affiliations of the Acharya Institute of Technology?",
            "answer": "Acharya Institute of Technology is affiliated with Visvesvaraya Technological University (VTU) and accredited by the National Board of Accreditation (NBA). It also holds a B++ grade from the National Assessment and Accreditation Council (NAAC)"
        },
        {
            "question": "What is the admission criteria at Acharya Institute of Technology?",
            "answer": "For B.Tech courses, Acharya Institute of Technology admission is based on the KCET score. Outside Karnataka, students can apply through COMEDK-UGET. For MTech admissions, GATE or PGCET scores are considered."
        },
        {
            "question": "What are the courses offered at Acharya Institute of Technology?",
            "answer": "Acharya Institute of Technology offers BE, M.Tech, MBA and MCA programs. Acharya Institute of Technology Bangalore provides B.Tech programs in various engineering disciplines, including Computer Engineering, Electronics and Telecommunication Engineering, Information Technology, and Mechanical Engineering. It also offers an M.Tech in Mechanical Design and an MBA."
        },
        {
            "question": "What are the campus facilities at Acharya Institute of Technology?",
            "answer": "Acharya Institute of Technology’s campus spans 120 acres and has excellent facilities for students. The campus has spacious classrooms equipped with smartboards and projection facilities. It has a library, laboratories, hostels for boys and girls, a health centre, a gym, and wifi- access."
        },
        {
            "question": "What is the application process at Acharya Institute of Technology?",
            "answer": "Interested candidates can apply online through the Acharya Institute of Technology's official website. Eligibility candidates have to fill out the online application form, submit required documents, pay the application fee, appear for entrance exams, and attend counselling or interviews. The seat allotment is based on merit. Once seats are allotted, candidates will be called for document verification and the final step is confirmation of admission."
        },
        {
            "question": "What are the entrance tests at Acharya Institute of Technology?",
            "answer": "Acharya Institute of Technology admits students based on the All India Ranking obtained in the JEE Main exam conducted by the NTA for B.Tech courses. KCET, GATE, MAT, and PGCET are the entrance tests considered for various programs."
        },
        {
            "question": "What are the tuition fees for different courses at Acharya Institute of Technology?",
            "answer": "Acharya Institute of Technology tuition fees vary based on the program. Check the table below for the total tuition fees for various programs:CourseTotal Tuition FeesB.E.INR 10.57 LakhsMBAINR 65,810M.TechINR 69,300MCAINR 65,810"
        },
        {
            "question": "What is the total faculty strength of Acharya Institute of Technology?",
            "answer": "Acharya Institute of Technology has a diverse faculty strength comprising 306 highly qualified members, many of these teachers hold Ph.D. degrees in their respective disciplines."
        }
    ]
}