{
    "title": "Acropolis Institute of Technology & Research - [AITR], Indore Courses & Fees 2024-2025",
    "meta_description": "Acropolis Institute of Technology & Research - [AITR],Indore, Madhya Pradesh has 39 Courses with Average Fees 73600 per year. Top Courses at Acropolis Institute of Technology & Research - [AITR] Indore, Madhya Pradesh are MCA, BCA, Polytechnic",
    "keywords": "",
    "basic_info": [],
    "Section": {},
    "Acropolis Institute of Technology and Research Fees & Eligibility": [
        {
            "Course": "B.Tech13  Courses",
            "Fees": "₹73,600 (1st Year Fees)",
            "Eligibility": "10+2 with 45%+JEE MAINS",
            "Application Date": "13 June - 18 Aug 2024",
            "Action": "Apply Now"
        },
        {
            "Course": "MBA6  Courses",
            "Fees": "₹1.14 Lakhs (1st Year Fees)",
            "Eligibility": "Graduation with 50%+CMAT",
            "Application Date": "-",
            "Action": "Apply Now"
        },
        {
            "Course": "Polytechnic2  Courses",
            "Fees": "₹25,500 (1st Year Fees)",
            "Eligibility": "10th",
            "Application Date": "-",
            "Action": "Apply Now"
        },
        {
            "Course": "B.Tech {Lateral}12  Courses",
            "Fees": "₹60,000 (1st Year Fees)",
            "Eligibility": "Diploma with 50%+JEE MAINS",
            "Application Date": "13 June - 18 Aug 2024",
            "Action": "Apply Now"
        },
        {
            "Course": "M.Tech4  Courses",
            "Fees": "₹50,000 (1st Year Fees)",
            "Eligibility": "Graduation with 55%+GATE",
            "Application Date": "-",
            "Action": "Apply Now"
        }
    ],
    "faqs": []
}