{
    "title": "ACS College of Engineering ( ACSCE) Banagalore: Admission, Fees, Ranking, Cutoff, Scholarship, Courses",
    "meta_description": "ACS College of Engineering B.Tech Admission 2024 is open via COMEDK and KCET scores. Candidates applying through KCET scores must register for KEA counselling on the official website cetonline.karnataka.gov.in",
    "keywords": "ACS College of Engineering: Admissions 2024, Application process, RNSIT B.Tech admission, RNSIT Cut off, RNSIT selection criteria",
    "basic_info": [
        {
            "name": "ACS College of Engineering Highlights",
            "description": []
        },
        {
            "name": "ACS College of Engineering Courses",
            "description": []
        },
        {
            "name": "ACS College of Engineering Admission",
            "description": [
                "Admissions at ACS College of Engineering are made on marks obtained in the qualifying entrance exam."
            ]
        },
        {
            "name": "How to apply?",
            "description": [
                "Application fee: Application fee for general category candidates is INR 650 and for SC/ST candidates is INR 500.",
                "Documents to be submitted at the time of admission:",
                "Read More: ACS College of Engineering Admission"
            ]
        },
        {
            "name": "ACS College of Engineering Hostel",
            "description": [
                "ACSCE Bangalore provide hostel accommodation to both girls and boys with a capacity of 300 seats each. The hostels are well-furnished rooms, attached bathrooms, beds, wardrobes, study tables, and chairs. In addition to this, the hostels also provide facilities like Laundry, mess, etc.",
                "Guest and visitors are also offered a seat which are available on advance intimation and availability."
            ]
        },
        {
            "name": "ACS College of Engineering Cutoff 2024",
            "description": [
                "ACS College of Engineering COMEDK cutoff 2024 is out. The table below shows the cutoff rank for GM (General Merit) under Round 1."
            ]
        },
        {
            "name": "​ACS College of Engineering Faculty",
            "description": [
                "The faculty members of ACSCE Bangalore are highly qualified in their relevant fields with Masters and Doctoral degrees. There are a total of 67 faculty members who hold a Ph.D. degree, department-wise bifurcation is given below:"
            ]
        },
        {
            "name": "ACS College of Engineering Placement",
            "description": [
                "The college has a Placement and Training Cell conducts recruitment programs for students to groom them and achieve desired targets of placements. The cell also organizes one-on-one counseling for students facing difficulties.",
                "Looking at the recent placements of ACSCE Bangalore, here are some highlights of the same:",
                "Read More: ACS College of Engineering Placement"
            ]
        },
        {
            "name": "ACS College of Engineering College Facilities",
            "description": []
        }
    ],
    "Section": {
        "name": "About ACSCE",
        "description": "ACS College of Engineering in Bangalore is established in the year 2009, affiliated to Visvesvaraya Technological University, Belagavi and also approved by All India Council of Technical Education, New Delhi. The institute offers a wide range of courses in the field of Engineering including new courses like Aeronautical Engineering and Bio-Medical Engineering.\nACSCE Bangalore offers BE and M.Tech in various specializations. The selection of students to all the courses is made on marks obtained in national-level qualifying exams such as CET, COMED K, and GATE etc. The last round closing rank for KCET and COMED K for the B.E. program remained at 202306 (General) and 73745 (General) respectively.\nOut of 115 faculty members, 67 members of the faculty has a Ph.D. degree in their specialized fields. ACS College of Enigneering has recently placed a total of 554+ students in well-reputed companies like Capgemini, Mphasis, HP, Oracle, TechMahindra, Wissen, Eneffen, Artech, Trigent, BPL Medical Technologies, etc. The median salary offered to students ranges between INR 2 LPA to INR 9 LPA for all the Graduates.\nRead More: ACS College of Engineering Admission\nTable of Content\nACS College of Engineering offers Undergraduate, Postgraduate, and Research programs in the fields of Engineering in various specializations. Given below are the details of the same:\nSpecializations: Aeronautical, Aerospace, Bio-Medical, Civil, Computer Science, Electronics Communication Engineering, Mechanical, Computer Science Engineering (Data Science), Computer Science Engineering (Cyber Security), and Computer Science Engineering (IOT).\nEligibility: 45% marks in 10+2 in the science stream with English as a compulsory subject.\nSpecializations: Structural Engineering\nEligibility: 45% marks in Graduation.\nSpecializations: Physics, Chemistry, Mathematics, Aeronautical, Civil, Bio-Medical, Mechanical, Electrical Electronics, Electronics Communication, and Computer Science.\nEligibility: Master’s degree in the relevant discipline\nRead More: ACS College of Engineering Fee Structure\nAdmissions at ACS College of Engineering are made on marks obtained in the qualifying entrance exam.\nApplication fee: Application fee for general category candidates is INR 650 and for SC/ST candidates is INR 500.\nDocuments to be submitted at the time of admission:\nRead More: ACS College of Engineering Admission\nACSCE Bangalore provide hostel accommodation to both girls and boys with a capacity of 300 seats each. The hostels are well-furnished rooms, attached bathrooms, beds, wardrobes, study tables, and chairs. In addition to this, the hostels also provide facilities like Laundry, mess, etc.\nGuest and visitors are also offered a seat which are available on advance intimation and availability.\nACS College of Engineering COMEDK cutoff 2024 is out. The table below shows the cutoff rank for GM (General Merit) under Round 1.\nThe faculty members of ACSCE Bangalore are highly qualified in their relevant fields with Masters and Doctoral degrees. There are a total of 67 faculty members who hold a Ph.D. degree, department-wise bifurcation is given below:\nThe college has a Placement and Training Cell conducts recruitment programs for students to groom them and achieve desired targets of placements. The cell also organizes one-on-one counseling for students facing difficulties.\nLooking at the recent placements of ACSCE Bangalore, here are some highlights of the same:\nRead More: ACS College of Engineering Placement"
    },
    "ACS College of Engineering Highlights": [],
    "ACS College of Engineering Courses": [
        {
            "Course": "B.E.",
            "Specialization and Eligibility": "Specializations: Aeronautical, Aerospace, Bio-Medical, Civil, Computer Science, Electronics Communication Engineering, Mechanical, Computer Science Engineering (Data Science), Computer Science Engineering (Cyber Security), and Computer Science Engineering (IOT).\nEligibility: 45% marks in 10+2 in the science stream with English as a compulsory subject.",
            "Selection Criteria": "KCET/ COMEDK UGET"
        },
        {
            "Course": "M.Tech",
            "Specialization and Eligibility": "Specializations: Structural Engineering\nEligibility: 45% marks in Graduation.",
            "Selection Criteria": "PGCET/ GATE"
        },
        {
            "Course": "Ph.D.",
            "Specialization and Eligibility": "Specializations: Physics, Chemistry, Mathematics, Aeronautical, Civil, Bio-Medical, Mechanical, Electrical Electronics, Electronics Communication, and Computer Science.\nEligibility: Master’s degree in the relevant discipline",
            "Selection Criteria": "Merit basis"
        }
    ],
    "ACS College of Engineering Cutoff 2024": [
        {
            "Course Name": "Aeronautical Engineering",
            "GM": "62967"
        },
        {
            "Course Name": "Aerospace Engineering",
            "GM": "33264"
        },
        {
            "Course Name": "Bio-Medical Engineering",
            "GM": "94280"
        },
        {
            "Course Name": "Computer Science & Engineering (Data Science)",
            "GM": "53968"
        },
        {
            "Course Name": "Computer Science & Engineering (IOT)",
            "GM": "64223"
        },
        {
            "Course Name": "Computer Science & Engineering (Cyber Security)",
            "GM": "64079"
        },
        {
            "Course Name": "Electronics & Communication Engineering",
            "GM": "60941"
        }
    ],
    "ACSCE Fees & Eligibility": [
        {
            "Course": "BE12  Courses",
            "Fees": "₹2.81 Lakhs - 4.17 Lakhs (1st Year Fees)",
            "Eligibility": "10+2 with 45% + JEE Main",
            "Application Date": "24 May - 17 Jun 2024",
            "Action": "Apply Now"
        },
        {
            "Course": "BE {Lateral}6  Courses",
            "Fees": "₹2.81 Lakhs - 3.13 Lakhs (1st Year Fees)",
            "Eligibility": "10+3 with 45% + DCET",
            "Application Date": "24 May - 17 Jun 2024",
            "Action": "Apply Now"
        },
        {
            "Course": "M.Tech5  Courses",
            "Fees": "₹1.28 Lakhs (Total Fees)",
            "Eligibility": "Pass in Graduation + GATE",
            "Application Date": "27 May - 17 Jun 2024",
            "Action": "Apply Now"
        }
    ],
    "Important Events": [
        {
            "Events": "Karnataka PGCET Result",
            "Dates": "TentativeOct 22, 2024"
        }
    ],
    "Expired Events": [
        {
            "Events": "Karnataka PGCET Exam (ME, M.Tech & M.Arch)",
            "Dates": "Jul 13, 2024 - Jul 14, 2024"
        },
        {
            "Events": "Karnataka PGCET Admit Card",
            "Dates": "Jul 04, 2024 - Jul 14, 2024"
        },
        {
            "Events": "Karnataka PGCET Registration Timeline",
            "Dates": "May 27, 2024 - Jun 26, 2024"
        }
    ],
    "ACSCE, KCET Cutoff 2023": [
        {
            "Courses": "BE Computer Science and Engineering",
            "Round 1": "39386",
            "Round 2": "41543"
        },
        {
            "Courses": "BE Data Science",
            "Round 1": "57263",
            "Round 2": "57263"
        },
        {
            "Courses": "BE Electronics & Communication Engineering",
            "Round 1": "59640",
            "Round 2": "61751"
        }
    ],
    "faqs": []
}