{
    "title": "Adarsh Institute of Technology and Research Centre: Admission 2024, Cutoff, Courses, Fees, Placements, Rankings",
    "meta_description": "Adarsh Institute of Technology and Research Centre Admission 2024 is open for various degree programs based on MHT CET entrance exams and Maharashtra CAP Counselling. Check latest updates and news on Adarsh Institute of Technology and Research CentreAdmission 2024, Cutoff, Courses, Fees, Eligibility, and Admission Process",
    "keywords": "Adarsh Institute of Technology and Research Centre, Adarsh Institute of Technology and Research Centre Admission 2024, Adarsh Institute of Technology and Research Centre B.Tech Admission 2024, Adarsh Institute of Technology and Research Centre Cutoff 2024, Adarsh Institute of Technology and Research Centre Courses Admission 2024, Adarsh Institute of Technology and Research Centre Cutoff, Adarsh Institute of Technology and Research Centre Fees, Adarsh Institute of Technology and Research Centre Admission Cutoff 2024, How much rank to get admission in Adarsh Institute of Technology and Research Centre, Adarsh Institute of Technology and Research Centre Admission Updates",
    "basic_info": [],
    "Section": {
        "name": "About AITRC",
        "description": "\n\n\nAIT aims at bringing out a leader, globally competent, innovative and geared to drive the future, out of each student enrolled. And to meet this aim the institute has strategically fortified its position as a pioneer in educational technology, designed in-demand technical programs and curriculum, has brought in a team of competent ,renowned and dedicated staff, well equipped digital research labs, secure wireless network access been provided to all students, faculty, and staff from any location on the Tech campus, the institute has developed and maintained a communication and data network that is comparable to that of the most innovative institutions, a hi-tech and vibrant campus and building with enthuses a innovative learning environment, all the more the campus is studded with the best hostel facility, making learning all the more thrilling and inviting.\n\n\n\n\n\n\n\n\n\n\n\n\n\n\n\n\n\n\n\n\n\n\n\n\n\n\n\n"
    },
    "AITRC Fees & Eligibility": [
        {
            "Course": "BE6  Courses",
            "Fees": "₹96,500 (1st Year Fees)",
            "Eligibility": "10+2 with 50% + JEE Main",
            "Application Date": "16 Jan - 28 Jul 2024",
            "Action": "Apply Now"
        }
    ],
    "Important Events": [
        {
            "Events": "JEE Main 2025 Registration (Session - 1)",
            "Dates": "TentativeNov 01, 2024 - Dec 04, 2024"
        },
        {
            "Events": "JEE Main 2025 Admit Card (Session - 1)",
            "Dates": "TentativeJan 17, 2025"
        },
        {
            "Events": "JEE Main 2025 Exam Date (Session - 1)",
            "Dates": "TentativeJan 24, 2025 - Jan 31, 2025"
        },
        {
            "Events": "JEE Main 2025 Result (Session - 1)",
            "Dates": "TentativeFeb 13, 2025"
        },
        {
            "Events": "MHT CET Registration Timeline",
            "Dates": "TentativeJan 16, 2025 - Mar 15, 2025"
        },
        {
            "Events": "MHT CET (PCB) Admit Card Date",
            "Dates": "TentativeApr 13, 2025"
        }
    ],
    "Expired Events": [
        {
            "Events": "Display of Final Merit List (CAP R-1) [BE/B.Tech]",
            "Dates": "Aug 06, 2024"
        },
        {
            "Events": "Submission of Grievances, If Any (CAP R-1) [BE/B.Tech]",
            "Dates": "Aug 01, 2024 - Aug 03, 2024"
        },
        {
            "Events": "Display of Provisional Merit List (CAP R-1) [BE/B.Tech]",
            "Dates": "Jul 31, 2024"
        }
    ],
    "AITRC, MHT CET Cutoff 2023": [
        {
            "Courses": "BE Computer Science and Engineering",
            "Round 1": "70.28",
            "Round 2": "75.35",
            "Round 3": "90.89"
        },
        {
            "Courses": "BE Electronics & Telecom Engineering",
            "Round 1": "65.42",
            "Round 2": "20.32",
            "Round 3": "-"
        },
        {
            "Courses": "BE Artificial Intelligence & Machine Learning",
            "Round 1": "59.92",
            "Round 2": "38.84",
            "Round 3": "-"
        }
    ],
    "faqs": []
}