{
    "title": "Adhi College of Engineering and Technology - [ACET], Kanchipuram - Admissions, Contact, Website, Facilities 2024-2025",
    "meta_description": "Adhi College of Engineering and Technology - [ACET], Kanchipuram, Tamil Nadu Application Form, Admissions, Contact, Website, Map, B.Tech, BE, ME . 13 Courses. Average Fees is 55000 per year.",
    "keywords": "",
    "basic_info": [],
    "Section": {
        "name": "About ACET",
        "description": "Adhi College of Engineering and Technology was established in the year 2008-2009, with the Approval of Government of Tamil Nadu and AICTE, New Delhi.\nPlacements:\nS.No\nCompany Name\nStudents Placed\n1.\nUsha Fire & Safety Equipment Pvt. Ltd.\n13\n2.\nAquapure Plus\n10\n3.\nE-Care India Pvt. Ltd.\n03\n4.\nQuiscient Technologies\n09\n5.\nHinduja Global Solutions Pvt. Ltd.\n08\n6.\nSoutherland Global Services\n09\nActivities:\nNSS: National Service Scheme Camp was conducted every year at various places. The College organized Awareness Rally on “Pollution Free World” from our College Campus (Sankarapuram) to Wallajabad Bus Stop.\nActivities include:\nYouth Red Cross: Students have been consistently showing enthusiasm & progress. They have won prizes in competitions hosted by leading Institutions.\nClubs:\nFacilities:\nLibrary: A modernized well-stocked College library is housed in a well-ventilated spacious area of 3000 sq. ft. with all comfortable and user-friendly reading facilities.\nHostel: The hostels are housed in two 10,000 sq. ft - blocks each with spacious living rooms/ dormitories well-furnished with cots, study tables, storage facilities etc.\nThe inmates are assured of all comfortable and healthy life style amenities –proper study, wholesome food, rest and recreation hours, all in a safe and secure ambience closely monitored by caring wardens with resident faculty also complementing the services with tutorial help or ego support whenever needed.\nInternet: College has 8 mbps Internet connectivity through BSNL leased line.\nComputer Centre:\nScholarship:"
    },
    "ACET Fees & Eligibility": [
        {
            "Course": "BE5  Courses",
            "Fees": "₹2.2 Lakhs (Total Fees)",
            "Eligibility": "10+2 with 50% + TNEA",
            "Application Date": "6 May - 11 Jun 2024",
            "Action": "Apply Now"
        },
        {
            "Course": "B.Tech2  Courses",
            "Fees": "₹2.2 Lakhs (Total Fees)",
            "Eligibility": "10+2 with 50% + TNEA",
            "Application Date": "6 May - 11 Jun 2024",
            "Action": "Apply Now"
        },
        {
            "Course": "ME2  Courses",
            "Fees": "₹60,000 (Total Fees)",
            "Eligibility": "Graduation",
            "Application Date": "15 Apr - 14 May 2024",
            "Action": "Apply Now"
        }
    ],
    "Expired Events": [
        {
            "Events": "Release of Provisional Allotment for Upward Opted Candidates (TNEA Round 2) [BE/B.Tech]",
            "Dates": "Aug 23, 2024"
        },
        {
            "Events": "Reporting at College (TNEA Round 2) [BE/B.Tech]",
            "Dates": "Aug 15, 2024 - Aug 20, 2024"
        },
        {
            "Events": "Reporting at TFC for Upward Opted Candidates (TNEA Round 2) [BE/B.Tech]",
            "Dates": "Aug 15, 2024 - Aug 20, 2024"
        }
    ],
    "ACET, TNEA Cutoff 2023": [
        {
            "Courses": "BE Computer Science and Engineering",
            "Round 1": "18223",
            "Round 2": "75549",
            "Round 3": "-"
        },
        {
            "Courses": "B.Tech Artificial Intelligence and Data Science",
            "Round 1": "-",
            "Round 2": "73319",
            "Round 3": "-"
        },
        {
            "Courses": "BE Electrical and Electronics Engineering",
            "Round 1": "-",
            "Round 2": "76058",
            "Round 3": "168698"
        }
    ],
    "faqs": []
}