{
    "title": "Adhiparasakthi Engineering College Admission 2024: Courses, Fees, Application Process, Eligibility",
    "meta_description": "Adhiparasakthi Engineering College - [APEC], Kanchipuram, Tamil Nadu. Admission News for",
    "keywords": "",
    "basic_info": [],
    "Section": {
        "name": "APEC Cutoff 2024"
    },
    "Admission Highlights 2024": [],
    "Adhiparasakthi Engineering College B.E/B.Tech. Admission 2024": [
        {
            "Community": "OC",
            "Eligibility": "Maths, Physics & Chemistry",
            "Percentage": "55%"
        },
        {
            "Community": "BC",
            "Eligibility": "Maths, Physics & Chemistry",
            "Percentage": "50%"
        },
        {
            "Community": "MBC",
            "Eligibility": "Maths, Physics & Chemistry",
            "Percentage": "45%"
        },
        {
            "Community": "SC / ST",
            "Eligibility": "Just Pass is enough",
            "Percentage": "Pass in +2"
        }
    ],
    "Adhiparasakthi Engineering College M.E/M.Tech. Admission 2024": [],
    "Adhiparasakthi Engineering College MBA Admission 2024": [],
    "Adhiparasakthi Engineering College MCA Admission 2024": [],
    "Adhiparasakthi Engineering College Ph.D. Admission 2024": [],
    "Important Events": [
        {
            "Events": "TANCET 2025 Registration Timeline",
            "Dates": "TentativeJan 10, 2025 - Feb 15, 2025"
        },
        {
            "Events": "TANCET 2025 Admit Card Date",
            "Dates": "TentativeFeb 21, 2025"
        },
        {
            "Events": "TANCET 2025 Exam Date",
            "Dates": "TentativeMar 09, 2025"
        },
        {
            "Events": "TANCET 2025 Result Date",
            "Dates": "TentativeMar 28, 2025"
        }
    ],
    "Expired Events": [
        {
            "Events": "Grievances Redressal (TANCET Counselling) [MBA]",
            "Dates": "Jul 23, 2024 - Jul 26, 2024"
        },
        {
            "Events": "Publication of Rank List (TANCET Counselling) [MBA]",
            "Dates": "Jul 22, 2024"
        },
        {
            "Events": "Online Registration & Filling of Applications (TANCET Counselling) [MBA]",
            "Dates": "Jun 10, 2024 - Jul 04, 2024"
        }
    ],
    "APEC, TNEA Cutoff 2023": [
        {
            "Courses": "BE Electronics & Communication Engineering",
            "Round 1": "16091",
            "Round 2": "86169",
            "Round 3": "116144"
        },
        {
            "Courses": "BE Computer Science and Engineering",
            "Round 1": "17958",
            "Round 2": "74147",
            "Round 3": "-"
        },
        {
            "Courses": "B.Tech Information Technology",
            "Round 1": "21587",
            "Round 2": "75988",
            "Round 3": "-"
        }
    ],
    "APEC, TANCET Cutoff 2023": [
        {
            "Courses": "MCA",
            "Round 1": "21.295"
        }
    ],
    "APEC Fees & Eligibility": [
        {
            "COURSE": "BE/B.Tech, M.Phil/Ph.D in Engineering, M.Phil/Ph.D in Science, MBA/PGDM, MCA, ME/M.Tech,",
            "ADMISSION LINK": "Admission Link"
        }
    ],
    "faqs": [
        {
            "question": "Ques.Does the institute offer campus placements? Who were the top recruiters?",
            "answer": "Ans.Yes, the institute does offer campus placements, Many top tier companies like amazon, IBM, oracle, TCS recruited students from the college."
        },
        {
            "question": "Does the college provide scholarships?",
            "answer": "Ans.Yes, scholarships are provided by the government and third party organisations to encourage students to maintain their spirit towards academics."
        },
        {
            "question": "Does the college organise any events?",
            "answer": "Ans.Frequently the college organises events for students and faculties to develop their skills and bring out the hidden talents."
        },
        {
            "question": "What is the registration fee for TNEA?",
            "answer": "Ans.The registration fee for TNEA counseling is INR. 500/- (INR. 250/- for SC/ST/PH and INR. 100/- for special reservation category) which can be paid by Credit/ Debit Card/ Net-Banking or through DD drawn in favour of ‘The Secretary, TNEA Admissions, Anna University payable at Chennai’."
        }
    ]
}