{
    "title": "Adhiyamaan College of Engineering: Admission 2024, Cutoff, Courses, Fees, Placements",
    "meta_description": "Adhiyamaan College of Engineering Admission 2024 is open for B.Tech courses through TNEA Counselling. Check latest updates and news on Adhiyamaan College of Engineering Admission 2024, Cutoff, Courses, Fees, Placement, Rankings, Official Website",
    "keywords": "Adhiyamaan College of Engineering, Adhiyamaan College of Engineering Admission 2024, Adhiyamaan College of Engineering Cutoff 2024, Adhiyamaan College of Engineering Official Website, Adhiyamaan College of Engineering Placement, Adhiyamaan College of Engineering Admission Dates, Adhiyamaan College of Engineering Rankings, Adhiyamaan College of Engineering Courses, Adhiyamaan College of Engineering Fees, Adhiyamaan College of Engineering AddressAdhiyamaan College of Engineering details, Adhiyamaan College of Engineering contact, Adhiyamaan College of Engineering reviews, Adhiyamaan College of Engineering updates",
    "basic_info": [
        {
            "name": "Adhiyamaan College of Engineering, Tamil Nadu Highlights",
            "description": []
        },
        {
            "name": "Adhiyamaan College of Engineering, Tamil Nadu Courses",
            "description": [
                "The institute offers Under Graduates and Post Graduates Courses which are available in the below mentioned table with the eligibility criteria of each course. Without passing the given eligibility, the candidate will not be able to appear in the exam conducted for the admission process.",
                "Read More: Adhiyamaan College of Engineering Courses"
            ]
        },
        {
            "name": "Adhiyamaan College of Engineering, Tamil Nadu Admission",
            "description": [
                "For B.Arch-",
                "For BE/B.Tech-",
                "For MBA, MCA and ME/M.Tech-"
            ]
        },
        {
            "name": "Documents required",
            "description": [
                "For Government Quota:-",
                "For Management Quota:-",
                "Read More: Adhiyamaan College of Engineering Admissions"
            ]
        },
        {
            "name": "Adhiyamaan College of Engineering, Tamil Nadu Placements",
            "description": [
                "The institute provides placement facilities to its deserving candidates. Some of the top recruiting companies visiting the campus are Amazon, Aditya Birla Group, Berger Paints, CapGemini, Birla Sun Life, IBM any many more. The institute conducts various placement activities such as Personality Development, Group Discussion, Mock Interviews and Aptitude Tests which aims to help the students in facing the challenging interviews from various companies/industries.",
                "Read More: Adhiyamaan College of Engineering Placements"
            ]
        },
        {
            "name": "Adhiyamaan College of Engineering, Tamil Nadu Facilities",
            "description": []
        },
        {
            "name": "Adhiyamaan College of Engineering,Tamil Nadu Faculty",
            "description": [
                "The institute has well-experienced faculty members. Some of the most prominent faculties of the institute are as follows:"
            ]
        },
        {
            "name": "FAQs",
            "description": []
        }
    ],
    "Section": {
        "name": "About Adhiyamaan College of Engineering",
        "description": "Adhiyamaan College of Engineering, Hosur, Tamil Nadu is a private institute established in the year 1987-1988. The institute is affiliated to Anna University Chennai and offers UG and PG courses such as BE/B. Tech, B.Arch, ME/M.Tech, MBA, and MCA. The institute has excellent infrastructure spread over 250 acres of land and is NAAC B++ accredited. The institute offers courses in different streams such as Engineering, IT and Software, Business and Management, and Architecture and Planning.\nFor admissions to UG courses such as B.Arch, candidates have to appear for the NATA. Similarly, admissions to BE/B.Tech courses are based upon TNEA counselling.\nAdmissions to PG courses such as MBA, MCA, ME/M.Tech are provided on the basis of candidate’s score in TANCET entrance exam.\nThe institute offers Under Graduates and Post Graduates Courses which are available in the below mentioned table with the eligibility criteria of each course. Without passing the given eligibility, the candidate will not be able to appear in the exam conducted for the admission process.\nRead More: Adhiyamaan College of Engineering Courses\nFor B.Arch-\nFor BE/B.Tech-\nFor MBA, MCA and ME/M.Tech-\nFor Government Quota:-\nFor Management Quota:-\nRead More: Adhiyamaan College of Engineering Admissions\nThe institute provides placement facilities to its deserving candidates. Some of the top recruiting companies visiting the campus are Amazon, Aditya Birla Group, Berger Paints, CapGemini, Birla Sun Life, IBM any many more. The institute conducts various placement activities such as Personality Development, Group Discussion, Mock Interviews and Aptitude Tests which aims to help the students in facing the challenging interviews from various companies/industries.\nRead More: Adhiyamaan College of Engineering Placements\nThe institute has well-experienced faculty members. Some of the most prominent faculties of the institute are as follows:\nQues. What is the nearest landmark of the institute?\nAns. The nearest landmark of the institute is Dr Mgr Nagar Opposite Ashok Leyland.\nQues. Does college provide any medical facility inside the campus?\nAns. Yes, the college has their own medical faculty department. The college organised various camps for the physical and mental health of their students.\nQues. What are the facilities that the institute provides?\nAns. The institute provides Hostel Facilities, Library, Laboratory, Playgrounds, Canteen, Gym, Medical Facilities, Auditorium and Scholarship Facilities to their students.\nQues. Is the institute a co-educational institute?\nAns. Yes, the institute is a co-educational institute.\nQues. When was the institute established?\nAns. The institute was established in 1987 and approved by AICTE New Delhi."
    },
    "Adhiyamaan College of Engineering, Tamil Nadu Highlights": [],
    "Adhiyamaan College of Engineering, Tamil Nadu Courses": [
        {
            "Courses": "B.E",
            "Details": "Specialisations: Mechanical Engineering, Computer Science and Engineering, Electronics and Communication Engineering, Electronics and Instrumentation Engineering, Electrical and Electronics Engineering, Civil Engineering, Biomedical Engineering, Aeronautical Engineering\nDuration: 4 Years\nEligibility: Candidate must have passed 10+2 from a recognized board or its equivalent.\nSelection Criteria: TNEA counselling.\nIntake: 1080"
        },
        {
            "Courses": "B.Tech",
            "Details": "Specialisations : Information Technology, Chemical Engineering, Bio-Technology\nDuration: 4 years\nEligibility: Candidate must have passed 10+2 from a recognized board or its equivalent.\nSelection Criteria: TNEA counselling\nIntake: 240"
        },
        {
            "Courses": "B.Arch",
            "Details": "Specialisations: Architecture\nDuration: 5 Years\nEligibility:Candidate must have passed 10+2 from a recognized board or its equivalent.\nSelection Criteria: NATA\nIntake: 120"
        },
        {
            "Courses": "MBA",
            "Details": "Type:Full time/ Part time\nDuration:2 years/ 3 years\nEligibility: Candidate must have passed Graduation with 50 % marks.\nSelection Criteria: TANCET\nIntake: 180"
        },
        {
            "Courses": "MCA",
            "Details": "Duration: 3 Years\nSelection Criteria: TANCET\nIntake: 120"
        },
        {
            "Courses": "ME",
            "Details": "Specialisations: Structural Engineering, Power System Engineering, CSE, VLSIDesign, Communication System, Engineering Design\nDuration: 2 Years\nSelection Criteria: TANCET\nIntake: 120"
        }
    ],
    "Adhiyamaan College of Engineering Fees & Eligibility": [
        {
            "Course": "BE9  Courses",
            "Fees": "₹2.2 Lakhs (Total Fees)",
            "Eligibility": "10+2 with 50% + TNEA",
            "Application Date": "6 May - 11 Jun 2024",
            "Action": "Apply Now"
        },
        {
            "Course": "B.Tech3  Courses",
            "Fees": "₹2.2 Lakhs (Total Fees)",
            "Eligibility": "10+2 with 50% + TNEA",
            "Application Date": "6 May - 11 Jun 2024",
            "Action": "Apply Now"
        },
        {
            "Course": "MBA1  Course",
            "Fees": "₹41,000 (Total Fees)",
            "Eligibility": "Graduation",
            "Application Date": "10 June - 04 Jul 2024",
            "Action": "Apply Now"
        },
        {
            "Course": "ME7  Courses",
            "Fees": "₹60,000 (Total Fees)",
            "Eligibility": "Graduation with 50% + TANCET",
            "Application Date": "15 Apr - 14 May 2024",
            "Action": "Apply Now"
        },
        {
            "Course": "M.Tech1  Course",
            "Fees": "₹60,000 (Total Fees)",
            "Eligibility": "Graduation with 50% + TANCET",
            "Application Date": "15 Apr - 14 May 2024",
            "Action": "Apply Now"
        }
    ],
    "Important Events": [
        {
            "Events": "NATA  Phase 1 Registration Timeline",
            "Dates": "OngoingMar 01, 2024 - Mar 01, 2025"
        }
    ],
    "Expired Events": [
        {
            "Events": "NATA Phase 1 Result Date",
            "Dates": "Apr 19, 2024"
        },
        {
            "Events": "NATA Phase 1 Exam Date",
            "Dates": "Apr 06, 2024"
        },
        {
            "Events": "NATA Phase 1 Admit Card Date",
            "Dates": "Apr 03, 2024"
        }
    ],
    "Adhiyamaan College of Engineering, TNEA Cutoff 2023": [
        {
            "Courses": "B.Arch",
            "Round 1": "1322",
            "Round 2": "-",
            "Round 3": "-"
        },
        {
            "Courses": "B.Tech Information Technology",
            "Round 1": "16819",
            "Round 2": "50341",
            "Round 3": "-"
        },
        {
            "Courses": "BE Biomedical Engineering",
            "Round 1": "22169",
            "Round 2": "82259",
            "Round 3": "149776"
        }
    ],
    "faqs": [
        {
            "question": "What is the nearest landmark of the institute?",
            "answer": "Ans.The nearest landmark of the institute is  Dr Mgr Nagar Opposite Ashok Leyland."
        },
        {
            "question": "Does college provide any medical facility inside the campus?",
            "answer": "Ans.Yes, the college has their own medical faculty department. The college organised various camps for the physical and mental health of their students."
        },
        {
            "question": "What are the facilities that the institute provides?",
            "answer": "Ans.The institute provides Hostel Facilities, Library, Laboratory, Playgrounds, Canteen, Gym, Medical Facilities, Auditorium and Scholarship Facilities to their students."
        },
        {
            "question": "Is the institute a co-educational institute?",
            "answer": "Ans.Yes, the institute is a co-educational institute."
        },
        {
            "question": "When was the institute established?",
            "answer": "Ans.The institute was established in 1987 and approved by AICTE New Delhi."
        }
    ]
}