{
    "title": "Adhiparasakthi College of Engineering Arcot: Admission 2024, Cutoff, Courses, Fees, Placements",
    "meta_description": "Adhiparasakthi College of Engineering Arcot Admission 2024 is open for B.Tech courses through TNEA Counselling. Check latest updates and news on Adhiparasakthi College of Engineering Arcot Admission 2024, Cutoff, Courses, Fees, Placement, Rankings, Official Website",
    "keywords": "Adhiparasakthi College of Engineering Arcot, Adhiparasakthi College of Engineering Arcot Admission 2024, Adhiparasakthi College of Engineering Arcot Cutoff 2024, Adhiparasakthi College of Engineering Arcot Official Website, Adhiparasakthi College of Engineering Arcot Placement, Adhiparasakthi College of Engineering Arcot Admission Dates, Adhiparasakthi College of Engineering Arcot Rankings, Adhiparasakthi College of Engineering Arcot Courses, Adhiparasakthi College of Engineering Arcot Fees, Adhiparasakthi College of Engineering Arcot AddressAdhiparasakthi College of Engineering Arcot details, Adhiparasakthi College of Engineering Arcot contact, Adhiparasakthi College of Engineering Arcot reviews, Adhiparasakthi College of Engineering Arcot updates",
    "basic_info": [
        {
            "name": "Adhiparasakthi College of Engineering Highlights",
            "description": []
        },
        {
            "name": "Adhiparasakthi College of Engineering Courses",
            "description": []
        },
        {
            "name": "Adhiparasakthi College of Engineering Admission",
            "description": [
                "Students seeking admission in the institute must fill the online or offline admission form. Below is the online admission process for the courses offered:"
            ]
        },
        {
            "name": "Adhiparasakthi College of Engineering Cut off",
            "description": [
                "Tentative Minimum Cut off of TNEA for each category in 2018:",
                "Round 5",
                "Read More: Adhiparasakthi College of Engineering Cut off"
            ]
        },
        {
            "name": "Adhiparasakthi College of Engineering Placements",
            "description": [
                "The Training & Placement Cell of the college facilitates the process of placement for final year students. The cell collaborates with leading organizations and also set-up an internship and training program for the students. The cell is well equipped with ample infrastructure in terms of the training hall, dedicated auditorium, testing halls, consultancy hall for pre-placement talk and presentations. The college is known to place its students in well-reputed companies with a good salary package. The top recruiters that visit the campuses for the placement process are HCL Technologies, ATOS Syntel, Hexaware Technologies, Excelacom Technologies, IBM India, Maruti Suzuki, Sutherland, Blue Whale, etc."
            ]
        },
        {
            "name": "Adhiparasakthi College of Engineering Scholarships",
            "description": [
                "Financial aid is offered to meritorious & economically backward students (Indian nationals). Each year several scholarships are awarded and these scholarships vary in value and have different criteria on which they are awarded.",
                "Full Fee Concession for SC/ ST Students: The government provides full-tuition fee concession to SC/ST students whose annual income is less than INR 2,50,000 irrespective of the quota in which they are admitted.",
                "Government of India Post Matric Scholarship To SC/ST Students: Students whose parent’s annual income is less than INR 2,50,000 are eligible to get this scholarship. This scholarship is granted to SC/ ST students in addition to tuition fee concession.",
                "Higher Educational Scholarship for SC/ ST: Under this scheme financial assistance is provided to the SC/ST hostel students whose annual income is less than INR 1,00 000. An amount of INR 8,000 per year is granted.",
                "Adhoc Merit Grants for SC/ ST: These grants are awarded to the SC/ ST students only by the Director of Collegiate Education, Chennai on the basis of marks secured in Higher Secondary Examination.",
                "State Government Post Matric/ Free Education Scholarship for BC/ MBC/ DNC Students: This scholarship is awarded by the District Backward Class Welfare Officer to the students of Backward/Most Backward Classes belonging to Hindu religion who have secured not less than 40% in the aggregate in the HSC examination or previous year final examinations of the scholarship application. They are eligible to receive a concession for special fees, examination fees and allowance for books etc. The annual income to a sanction of the scholarship should be less than INR 2,00,000.",
                "Tuition Fee Concession to First Generation Graduates: An amount of INR 20,000 is given by the State Government to all first-generation graduate students irrespective of the community subject to the condition that their parents’ annual income is less than INR 2,00,000 and they should have been selected for admission under government quota through single window system of the State Government/ Anna University.",
                "AICTE’s Tuition fee waiver scheme: Under this scheme top 5% of students in each branch will be given a tuition fee concession of INR 20,000 per student of UG engineering courses provided if the candidate admitted/allotted are more than 5% of AICTE’s approved intake in the branch concerned.",
                "National Foundation of Teachers Welfare Fund: Under this scheme, the candidates whose parents are teachers will get a scholarship of INR 5,000 per year.",
                "Merit-Cum-Means based scholarship to Minority students: Muslim and Christian and other minority students are eligible under this scheme and will get a scholarship of INR 30,000 per year whose parents’ annual income is less than INR 2,50,000. This scholarship is sanctioned by the Government of India."
            ]
        },
        {
            "name": "Adhiparasakthi College of Engineering Hostel",
            "description": [
                "The institute also provides a hostel facility to full-time students. It has a separate hostel for boys and girls. The hostel is spread over 10000 sq.m with 3-storied buildings having a capacity of 800 students and two dining halls each of capacity for 600 people. Each hostel block has its own Deputy Warden. All rooms have adequate ventilation and lighting facilities and each student is provided with a cot, chair and a study table."
            ]
        },
        {
            "name": "Adhiparasakthi College of Engineering Facilities",
            "description": [
                "The college campus is spread over a wide area accommodating spacious buildings to house workshops, laboratories, computer centre, hostels and other infrastructural facilities. The college has sound infrastructure on par with any of the leading technical institutions."
            ]
        },
        {
            "name": "Adhiparasakthi College of Engineering Faculty",
            "description": [
                "APCE has an experienced and well-qualified faculty specialized in their relevant fields. A brief about the faculty is given below:",
                "Read More: Adhiparasakthi College of Engineering Faculty"
            ]
        },
        {
            "name": "Conclusion",
            "description": [
                "It is one of the renowned private colleges in the country that offers various engineering courses. The best features of the college are as follows:"
            ]
        },
        {
            "name": "Adhiparasakthi College of Engineering FAQs",
            "description": []
        }
    ],
    "Section": {
        "name": "About APCE",
        "description": "Adhiparasakthi College of Engineering Arcot (APCE), established in 1984, is an affiliation of Anna University, Chennai. The institute offers 2 Undergraduate and 3 Postgraduate programs in various specializations. Admission to UG programs is based on the TNEA exam and admission to the PG programs is based on the TANCET exam. The eligibility criteria for the UG programs is 50% marks in the 10+2 in science stream and the eligibility criteria for the PG programs is Graduate degree in relevant stream. Interested candidates are applicable to apply online as well as offline for the admission process.\nGiven below are the top academic programs offered by the college:\nCourse\nDetails\nBachelor of Engineering (BE)\nDuration: 4 years\nEligibility: 10+2 with minimum 50% marks (with Physics and Mathematics along with one of the Chemistry/ Biotechnology/ Biology/Technical Vocational subject)\nSelection criteria: Based on TNEA\nSpecializations: Civil, Mechanical, Electronics & Communication, and Computer Science.\nRead more\nBachelor of Technology (B.Tech)\nDuration: 4 years\nEligibility: 10+2 from a recognized board with minimum 50% marks in Science stream\nSelection criteria: Based on TNEA.\nSpecializations: Information Technology and Chemical Engineering.\nRead more\nMaster of Engineering (ME)\nDuration: 2 years\nEligibility: BE/ B.Tech. (relevant stream) with a minimum of 50% marks in aggregate\nSelection criteria: Based on scores obtained in TANCET.\nSpecializations: Computer Science, Thermal, VLSI Design, Applied Electronics, Power Electronics & Drives Engineering, Construction Engineering & Management, Environmental Science and Technology, and Communication & Networking.\nRead more\nMaster of Business Administration (MBA)\nDuration: 2 years\nEligibility: Bachelor’s Degree with a minimum of 50% marks in aggregate\nSelection criteria: Based on scores in TANCET\nRead more\nMaster of Computer Applications (MCA)\nDuration: 3 years\nEligibility: Bachelor’s Degree with a minimum of 50% marks in aggregate\nSelection criteria: Based on scores obtained in TANCET.\nNote: A relaxation of 5% of marks, or an equivalent relaxation of grade, may be allowed for those belonging to SC/ST/OBC/Differently-Abled and other categories of candidates of Tamil Nadu.\nRead More: Adhiparasakthi College of Engineering Fees Structure\nStudents seeking admission in the institute must fill the online or offline admission form. Below is the online admission process for the courses offered:\nTentative Minimum Cut off of TNEA for each category in 2018:\nRound 5\nRead More: Adhiparasakthi College of Engineering Cut off\nThe Training & Placement Cell of the college facilitates the process of placement for final year students. The cell collaborates with leading organizations and also set-up an internship and training program for the students. The cell is well equipped with ample infrastructure in terms of the training hall, dedicated auditorium, testing halls, consultancy hall for pre-placement talk and presentations. The college is known to place its students in well-reputed companies with a good salary package. The top recruiters that visit the campuses for the placement process are HCL Technologies, ATOS Syntel, Hexaware Technologies, Excelacom Technologies, IBM India, Maruti Suzuki, Sutherland, Blue Whale, etc.\nFinancial aid is offered to meritorious & economically backward students (Indian nationals). Each year several scholarships are awarded and these scholarships vary in value and have different criteria on which they are awarded.\nFull Fee Concession for SC/ ST Students: The government provides full-tuition fee concession to SC/ST students whose annual income is less than INR 2,50,000 irrespective of the quota in which they are admitted.\nGovernment of India Post Matric Scholarship To SC/ST Students: Students whose parent’s annual income is less than INR 2,50,000 are eligible to get this scholarship. This scholarship is granted to SC/ ST students in addition to tuition fee concession.\nHigher Educational Scholarship for SC/ ST: Under this scheme financial assistance is provided to the SC/ST hostel students whose annual income is less than INR 1,00 000. An amount of INR 8,000 per year is granted.\nAdhoc Merit Grants for SC/ ST: These grants are awarded to the SC/ ST students only by the Director of Collegiate Education, Chennai on the basis of marks secured in Higher Secondary Examination.\nState Government Post Matric/ Free Education Scholarship for BC/ MBC/ DNC Students: This scholarship is awarded by the District Backward Class Welfare Officer to the students of Backward/Most Backward Classes belonging to Hindu religion who have secured not less than 40% in the aggregate in the HSC examination or previous year final examinations of the scholarship application. They are eligible to receive a concession for special fees, examination fees and allowance for books etc. The annual income to a sanction of the scholarship should be less than INR 2,00,000.\nTuition Fee Concession to First Generation Graduates: An amount of INR 20,000 is given by the State Government to all first-generation graduate students irrespective of the community subject to the condition that their parents’ annual income is less than INR 2,00,000 and they should have been selected for admission under government quota through single window system of the State Government/ Anna University.\nAICTE’s Tuition fee waiver scheme: Under this scheme top 5% of students in each branch will be given a tuition fee concession of INR 20,000 per student of UG engineering courses provided if the candidate admitted/allotted are more than 5% of AICTE’s approved intake in the branch concerned.\nNational Foundation of Teachers Welfare Fund: Under this scheme, the candidates whose parents are teachers will get a scholarship of INR 5,000 per year.\nMerit-Cum-Means based scholarship to Minority students: Muslim and Christian and other minority students are eligible under this scheme and will get a scholarship of INR 30,000 per year whose parents’ annual income is less than INR 2,50,000. This scholarship is sanctioned by the Government of India.\nThe institute also provides a hostel facility to full-time students. It has a separate hostel for boys and girls. The hostel is spread over 10000 sq.m with 3-storied buildings having a capacity of 800 students and two dining halls each of capacity for 600 people. Each hostel block has its own Deputy Warden. All rooms have adequate ventilation and lighting facilities and each student is provided with a cot, chair and a study table.\nThe college campus is spread over a wide area accommodating spacious buildings to house workshops, laboratories, computer centre, hostels and other infrastructural facilities. The college has sound infrastructure on par with any of the leading technical institutions.\nAPCE has an experienced and well-qualified faculty specialized in their relevant fields. A brief about the faculty is given below:\nRead More: Adhiparasakthi College of Engineering Faculty\nIt is one of the renowned private colleges in the country that offers various engineering courses. The best features of the college are as follows:\nQues. Can a student avail scholarship?\nAns. Yes, the scholarships are granted by both state and central government for the students belonging to weaker economic and/or social backgrounds. The final decision to award the scholarship remains with the authority.\nQues. What is the fee for undergraduate courses offered by the college?\nAns. The fee for the Undergraduate courses ranges between INR 40,000 - INR 45,000 per year.\nQues. What is the intake capacity of the college for UG programs?\nAns. The intake capacity for the UG programs is as follows:\nDepartment\nIntake\nCivil\n120\nMechanical\n180\nECE\n120\nEEE\n60\nCSE\n120\nIT\n60\nChemical\n40\nQues. Is the option of conducting placement processes off campus available?\nAns. On-campus recruitment remains the primary mode of placements. If a company cannot make it to the campus for any reason, it is possible to work out other convenient arrangements. Please contact the Placement Office for further information.\nQues. What is the intake capacity for the PG programs?\nAns. The intake capacity for the PG programs is as follows:\nDepartment\nIntake\nComputer Science and Engineering\n18\nThermal Engineering\n18\nVLSI Design\n18\nApplied Electronics\n18\nPower Electronics & Drives Engineering\n18\nCommunication & Networking\n18\nConstruction Engineering & Management\n18\nEnvironmental Science & Technology\n18\nMBA\n60\nMCA\n60\nQues. Is there any relaxation in eligibility marks for students belonging to SC/ ST?\nAns. A relaxation of 5% of marks, or an equivalent relaxation of grade, may be allowed for those belonging to SC/ST/OBC/Differently-Abled and other categories of candidates of Tamil Nadu.\nQues. Who are the top recruiters?\nAns. Many reputed organizations visit the campus for placing candidates such as LIC, HCL Technologies, Maruti Suzuki, Sutherland, Blue Whale, ATOS Syntel, Hexaware Technologies, Excelacom Technologies, IBM India and many more."
    },
    "APCE Fees & Eligibility": [
        {
            "Course": "BE5  Courses",
            "Fees": "₹2.2 Lakhs (Total Fees)",
            "Eligibility": "10+2 with 50% + TNEA",
            "Application Date": "6 May - 11 Jun 2024",
            "Action": "Apply Now"
        },
        {
            "Course": "ME2  Courses",
            "Fees": "₹60,000 (Total Fees)",
            "Eligibility": "Graduation with 50% + TANCET",
            "Application Date": "15 Apr - 14 May 2024",
            "Action": "Apply Now"
        },
        {
            "Course": "B.Tech1  Course",
            "Fees": "₹2.2 Lakhs (Total Fees)",
            "Eligibility": "10+2 with 50% + TNEA",
            "Application Date": "6 May - 11 Jun 2024",
            "Action": "Apply Now"
        },
        {
            "Course": "MBA1  Course",
            "Fees": "₹41,000 (Total Fees)",
            "Eligibility": "Graduation",
            "Application Date": "10 June - 04 Jul 2024",
            "Action": "Apply Now"
        }
    ],
    "Important Events": [
        {
            "Events": "TANCET 2025 Registration Timeline",
            "Dates": "TentativeJan 10, 2025 - Feb 15, 2025"
        },
        {
            "Events": "TANCET 2025 Admit Card Date",
            "Dates": "TentativeFeb 21, 2025"
        },
        {
            "Events": "TANCET 2025 Exam Date",
            "Dates": "TentativeMar 09, 2025"
        },
        {
            "Events": "TANCET 2025 Result Date",
            "Dates": "TentativeMar 28, 2025"
        }
    ],
    "Expired Events": [
        {
            "Events": "Grievances Redressal (TANCET Counselling) [MBA]",
            "Dates": "Jul 23, 2024 - Jul 26, 2024"
        },
        {
            "Events": "Publication of Rank List (TANCET Counselling) [MBA]",
            "Dates": "Jul 22, 2024"
        },
        {
            "Events": "Online Registration & Filling of Applications (TANCET Counselling) [MBA]",
            "Dates": "Jun 10, 2024 - Jul 04, 2024"
        }
    ],
    "APCE, TNEA Cutoff 2023": [
        {
            "Courses": "BE Computer Science and Engineering",
            "Round 1": "11432",
            "Round 2": "77012",
            "Round 3": "-"
        },
        {
            "Courses": "BE Electronics & Communication Engineering",
            "Round 1": "19626",
            "Round 2": "81745",
            "Round 3": "116844"
        },
        {
            "Courses": "BE Mechanical Engineering",
            "Round 1": "-",
            "Round 2": "83750",
            "Round 3": "164098"
        }
    ],
    "faqs": [
        {
            "question": "Can a student avail scholarship?",
            "answer": "Ans.Yes, the scholarships are granted by both state and central government for the students belonging to weaker economic and/or social backgrounds. The final decision to award the scholarship remains with the authority."
        },
        {
            "question": "What is the fee for undergraduate courses offered by the college?",
            "answer": "Ans.The fee for the Undergraduate courses ranges between INR 40,000 - INR 45,000 per year."
        },
        {
            "question": "What is the intake capacity of the college for UG programs?",
            "answer": "Ans.The intake capacity for the UG programs is as follows:DepartmentIntakeCivil120Mechanical180ECE120EEE60CSE120IT60Chemical40"
        },
        {
            "question": "Is the option of conducting placement processes off campus available?",
            "answer": "Ans.On-campus recruitment remains the primary mode of placements. If a company cannot make it to the campus for any reason, it is possible to work out other convenient arrangements. Please contact the Placement Office for further information."
        },
        {
            "question": "What is the intake capacity for the PG programs?",
            "answer": "Ans.The intake capacity for the PG programs is as follows:DepartmentIntakeComputer Science and Engineering18Thermal Engineering18VLSI Design18Applied Electronics18Power Electronics & Drives Engineering18Communication & Networking18Construction Engineering & Management18Environmental Science & Technology18MBA60MCA60"
        },
        {
            "question": "Is there any relaxation in eligibility marks for students belonging to SC/ ST?",
            "answer": "Ans.A relaxation of 5% of marks, or an equivalent relaxation of grade, may be allowed for those belonging to SC/ST/OBC/Differently-Abled and other categories of candidates of Tamil Nadu."
        },
        {
            "question": "Who are the top recruiters?",
            "answer": "Ans.Many reputed organizations visit the campus for placing candidates such as LIC, HCL Technologies, Maruti Suzuki, Sutherland, Blue Whale, ATOS Syntel, Hexaware Technologies, Excelacom Technologies, IBM India and many more."
        }
    ]
}