{
    "title": "ASIET: Courses, Ranking, Fees, Placements, Scholarship, Admission 2024",
    "meta_description": "Adi Shankara Institute of Engineering and Technology - [ASIET] Kalady, Ernakulam, Kerala Application Form, Admissions, Contact, Website, Map, B.Tech, MBA, M.Tech . 18 Courses. Average Fees is 83588 per year.",
    "keywords": "",
    "basic_info": [
        {
            "name": "ASIET Key Points",
            "description": []
        },
        {
            "name": "ASIET Rankings",
            "description": []
        },
        {
            "name": "ASIET Courses & Fees",
            "description": [
                "Check ASIET Courses & Fees"
            ]
        },
        {
            "name": "ASIET Placements",
            "description": []
        },
        {
            "name": "ASIET FAQs",
            "description": []
        }
    ],
    "Section": {
        "name": "About ASIET",
        "description": "Adi Shankara Institute of Engineering and Technology is one of the prestigious technological institutes in Kerala offering NBA accredited programs (CSE, ECE, ME, EE) and having industry collaborations with the top Techno Giants and international collaborations with various universities abroad.\nThe ASIET has recently launched two new programs in B.Tech, namely, Computer Science and Engineering (Artificial Intelligence) and Robotics and Automation. Admission for the same is based on the entrance scores. Check ASIET Admission\nThe institute also offers certain Add-on Certification Courses along with MBA, M.Tech and B.Tech degrees from the well recognized foreign universities and business schools. However, admission to the MBA program is purely based on the entrance examinations.\nTable of Content\nCheck ASIET Courses & Fees\nQues. How is B.Tech CSE at ASIET?\nAns. ASIET offers an NBA accredited B.Tech Computer Science and Engineering program under the guidance of excellent faculty along with various Add-on certification courses from well recognized foreign universities. Also, the CSE placements are good enough at ASIET.\nQues. Does ASIET also offer online programs?\nAns. Adi Shankara Digital Academy has introduced a range of international online courses offering more than 30+ courses in different streams in both long term and short term.\nQues. Are students of ASIET provided scholarships or financial aid?\nAns. Scholarships are provided for meritorious as well as economically backward students. Students with high ranks in the Kerala State Entrance Exam will be given 100% tuition fee as scholarship.\nQues. What facilities are provided to the students of ASIET ?\nAns. The students at ASIET are provided the facilities of transportation, hostels, libraries, dignitaries visited and various other facilities.\nQues. How are the faculty members of ASIET?\nAns. Faculty members of ASIET are extremely experienced and highly qualified in their respective fields."
    },
    "ASIET Courses & Fees": [
        {
            "Programs": "B.Tech",
            "Program Details": "Duration: 4 Years\n\t\t\tFee Structure: INR 92,400 (1st year fees)\n\t\t\tEligibility: 10+2 with 50%",
            "Selection Criteria": "KEAM"
        },
        {
            "Programs": "M.Tech",
            "Program Details": "Duration: 2 years\n\t\t\tFee Structure: INR 84,200 (1st year fees)\n\t\t\tEligibility: Graduation",
            "Selection Criteria": "GATE"
        },
        {
            "Programs": "MBA",
            "Program Details": "Duration: 2 years\n\t\t\tFee Structure: INR 2.81 Lakh (1st year fees)\n\t\t\tEligibility: Graduation",
            "Selection Criteria": "CAT/ KMAT/ CMAT"
        }
    ],
    "ASIET Placements": [],
    "ASIET Fees & Eligibility": [
        {
            "Course": "B.Tech11  Courses",
            "Fees": "₹5.02 Lakhs (Total Fees)",
            "Eligibility": "10+2 with 50% + KEAM",
            "Application Date": "17 Mar - 31 Jul 2024",
            "Action": "Apply Now"
        },
        {
            "Course": "MBA3  Courses",
            "Fees": "₹2.81 Lakhs (1st Year Fees)",
            "Eligibility": "Graduation with 50% + CAT",
            "Application Date": "-",
            "Action": "Apply Now"
        },
        {
            "Course": "M.Tech4  Courses",
            "Fees": "₹60,000 (Total Fees)",
            "Eligibility": "Pass in Graduation + GATE",
            "Application Date": "-",
            "Action": "Apply Now"
        }
    ],
    "Important Events": [
        {
            "Events": "CAT 2024 Registration Date",
            "Dates": "OngoingAug 01, 2024 - Sep 13, 2024"
        },
        {
            "Events": "KMAT Karnataka Registration Timeline",
            "Dates": "OngoingJun 30, 2024 - Sep 30, 2024"
        },
        {
            "Events": "KMAT Karnataka Admit Card",
            "Dates": "TentativeNov 03, 2024"
        },
        {
            "Events": "KMAT Karnataka Exam Date",
            "Dates": "TentativeNov 05, 2024"
        },
        {
            "Events": "CAT 2024 Admit Card Date",
            "Dates": "Nov 05, 2024"
        },
        {
            "Events": "KMAT Karnataka Result",
            "Dates": "TentativeNov 21, 2024"
        }
    ],
    "Expired Events": [
        {
            "Events": "MAT (PBT) Exam",
            "Dates": "Aug 25, 2024"
        },
        {
            "Events": "MAT (PBT) Admit Card Availability",
            "Dates": "Aug 21, 2024"
        },
        {
            "Events": "MAT (PBT) Registration Deadline",
            "Dates": "Jun 07, 2024 - Aug 18, 2024"
        }
    ],
    "ASIET, KEAM Cutoff 2024": [
        {
            "Courses": "B.Tech Computer Science Engineering - Artificial Intelligence",
            "Round 1": "16510",
            "Round 2": "19893",
            "Round 3": "27282"
        },
        {
            "Courses": "B.Tech Computer Science Engineering",
            "Round 1": "19294",
            "Round 2": "21333",
            "Round 3": "24627"
        },
        {
            "Courses": "B.Tech Data Science",
            "Round 1": "21657",
            "Round 2": "24824",
            "Round 3": "43176"
        }
    ],
    "faqs": [
        {
            "question": "How is B.Tech CSE at ASIET?",
            "answer": "ASIET offers an NBA accredited B.Tech Computer Science and Engineering program under the guidance of excellent faculty along with various Add-on certification courses from well recognized foreign universities. Also, the CSE placements are good enough at ASIET."
        },
        {
            "question": "Does ASIET also offer online programs?",
            "answer": "Adi Shankara Digital Academy has introduced a range of international online courses offering more than 30+ courses in different streams in both long term and short term."
        },
        {
            "question": "Are students of ASIET provided scholarships or financial aid?",
            "answer": "Scholarships are provided for meritorious as well as economically backward students. Students with high ranks in the Kerala State Entrance Exam will be given 100% tuition fee as scholarship."
        },
        {
            "question": "What facilities are provided to the students of ASIET ?",
            "answer": "The students at ASIET are provided the facilities of transportation, hostels, libraries, dignitaries visited and various other facilities."
        },
        {
            "question": "How are the faculty members of ASIET?",
            "answer": "Faculty members of ASIET are extremely experienced and highly qualified in their respective fields."
        }
    ]
}