{
    "title": "Adichunchanagiri Institute of Technology- [AIT], Chikmagalur - Admissions, Contact, Website, Facilities 2024-2025",
    "meta_description": "Adichunchanagiri Institute of Technology- [AIT], Chikmagalur, Karnataka Application Form, Admissions, Contact, Website, Map, B.Tech, MBA, BE . 20 Courses. Average Fees is 191111 per year.",
    "keywords": "",
    "basic_info": [
        {
            "name": "Adichunchanagiri Institute of Technology Cutoff 2024",
            "description": [
                "Adichunchanagiri Institute of Technology COMEDK Cutoff 2024 is out. The table below shows the cutoff rank for GM (General Merit) category under Round 1:"
            ]
        },
        {
            "name": "Adichunchanagiri Institute of Technology Departments",
            "description": []
        },
        {
            "name": "Adichunchanagiri Institute of Technology Facilities",
            "description": []
        }
    ],
    "Section": {
        "name": "About AIT",
        "description": "Adichunchanagiri Institute of Technology (AIT), Chikmagalur was established in 1980 under Adhichunchanagiri Shikshana Trust. The institute is affiliated with Visvesvaraya Technological University, Belgaum. It is recognized by the All India Council for Technical Education (AICTE), New Delhi, and accredited by the National Board of Accreditation (NBA), New Delhi. It is an ISO 9001:2008 certified institute. The objective of the institute is committed to quality education, training & research providing quality technical education, and molding the younger generation with the spirit of service to society. The institute is located in the famous Chickmagalur city which is 240 km from Bangalore, the capital of Karnataka, and well connected by bus routes to all the major cities and towns of the state. The nearest railway station is at Kadur (or Birur) on the Bangalore - Bombay broad gauge line, which is 35 km away.\nAdichunchanagiri Institute of Technology COMEDK Cutoff 2024 is out. The table below shows the cutoff rank for GM (General Merit) category under Round 1:\nDepartment of Civil Engineering\nDepartment of Mechanical Engineering\nDepartment of Electronics & Communication Engineering\nDepartment of Electrical & Electronics Engineering\nDepartment of Computer Science & Engineering\nDepartment of Information Science & Engineering\nDepartment of Physics\nDepartment of Chemistry\nDepartment of Mathematics\nDepartment of Business Administration\nDepartment of Structural Engineering\nDepartment of Thermal Power Engineering\nDepartment of Machine Design\nAmphitheatre\nA huge amphi theatre provides a platform for all cultural and academic activities of the Institute.\nLibrary\nThe Institute has a well-equipped library housed in a spacious building which has a collection of about 46,000 volumes covering all branches of science, engineering, and management subjects. There are about 120 subscribed technical journals and periodicals in the reference section.\nHostel\nThe Institute provides good residential hostel accommodation to the students. There are 02 Boys' Hostels with accommodation for 700 male students and 01 Girls' Hostel with accommodation for 300 female students."
    },
    "Adichunchanagiri Institute of Technology Cutoff 2024": [
        {
            "Course Name": "Artificial Intelligence & Machine Learning",
            "GM": "69328"
        },
        {
            "Course Name": "Computer Science & Engineering (Data Science)",
            "GM": "100611"
        },
        {
            "Course Name": "Computer Science & Engineering",
            "GM": "61281"
        },
        {
            "Course Name": "Electronics & Communication Engineering",
            "GM": "101891"
        },
        {
            "Course Name": "Electrical & Electronics Engineering",
            "GM": "100408"
        },
        {
            "Course Name": "Information Science & Engineering",
            "GM": "98081"
        },
        {
            "Course Name": "Mechanical Engineering",
            "GM": "66323"
        },
        {
            "Course Name": "Robotics & Artificial Intelligence",
            "GM": "79444"
        }
    ],
    "AIT Fees & Eligibility": [
        {
            "Course": "BE9  Courses",
            "Fees": "₹2.06 Lakhs - 4.17 Lakhs (1st Year Fees)",
            "Eligibility": "10+2 with 45% + COMEDK UGET",
            "Application Date": "24 May - 17 Jun 2024",
            "Action": "Apply Now"
        },
        {
            "Course": "MBA3  Courses",
            "Fees": "₹1.28 Lakhs (Total Fees)",
            "Eligibility": "Graduation with 50% + Karnataka PGCET",
            "Application Date": "27 May - 17 Jun 2024",
            "Action": "Apply Now"
        },
        {
            "Course": "M.Tech7  Courses",
            "Fees": "₹1.55 Lakhs (Total Fees)",
            "Eligibility": "Pass in Graduation + GATE",
            "Application Date": "27 May - 17 Jun 2024",
            "Action": "Apply Now"
        },
        {
            "Course": "B.Tech1  Course",
            "Fees": "₹2.06 Lakhs (1st Year Fees)",
            "Eligibility": "10+2 + COMEDK",
            "Application Date": "24 May - 17 Jun 2024",
            "Action": "Apply Now"
        }
    ],
    "Important Events": [
        {
            "Events": "Karnataka PGCET Result",
            "Dates": "TentativeOct 22, 2024"
        }
    ],
    "Expired Events": [
        {
            "Events": "Karnataka PGCET Exam (ME, M.Tech & M.Arch)",
            "Dates": "Jul 13, 2024 - Jul 14, 2024"
        },
        {
            "Events": "Karnataka PGCET Admit Card",
            "Dates": "Jul 04, 2024 - Jul 14, 2024"
        },
        {
            "Events": "Karnataka PGCET Registration Timeline",
            "Dates": "May 27, 2024 - Jun 26, 2024"
        }
    ],
    "AIT, KCET Cutoff 2023": [
        {
            "Courses": "BE Computer Science and Engineering",
            "Round 1": "29458",
            "Round 2": "30186"
        },
        {
            "Courses": "BE Information Science & Engineering",
            "Round 1": "33125",
            "Round 2": "36429"
        },
        {
            "Courses": "BE Artificial Intelligence & Machine Learning",
            "Round 1": "41042",
            "Round 2": "41174"
        }
    ],
    "faqs": []
}