{
    "title": "Adikavi Nannaya University Admission 2024: Courses, Fees, Eligibility Criteria",
    "meta_description": "Adikavi Nannaya University, Rajahmundhry, Andhra Pradesh. Admission News for",
    "keywords": "",
    "basic_info": [],
    "Section": {
        "name": "AKNU Cutoff 2024"
    },
    "Adikavi Nannaya University Admission Highlights 2024": [],
    "Adikavi Nannaya University UG Admission 2024": [],
    "Adikavi Nannaya University B.Tech Admission 2024": [],
    "Adikavi Nannaya University PG Admission 2024": [],
    "Adikavi Nannaya University MBA Admission 2024": [],
    "Important Events": [
        {
            "Events": "AP PGECET Registration Timeline",
            "Dates": "TentativeMar 23, 2025 - Apr 20, 2025"
        },
        {
            "Events": "AP PGECET Admit Card Date",
            "Dates": "TentativeMay 22, 2025"
        },
        {
            "Events": "AP PGECET Exam date",
            "Dates": "TentativeMay 29, 2025 - May 31, 2025"
        },
        {
            "Events": "AP PGECET Result date",
            "Dates": "TentativeJun 19, 2025"
        }
    ],
    "Expired Events": [
        {
            "Events": "AP PGECET Counselling Date",
            "Dates": "Aug 15, 2024"
        },
        {
            "Events": "Application Timeline (With Late fee of Rs 5000) [M.Tech]",
            "Dates": "May 06, 2024 - May 12, 2024"
        },
        {
            "Events": "Application Timeline (With Late fee of Rs 2000) [M.Tech]",
            "Dates": "Apr 29, 2024 - May 05, 2024"
        }
    ],
    "AKNU, AP EAPCET Cutoff 2024": [
        {
            "Courses": "B.Tech Computer Science Engineering",
            "Round 1": "56238",
            "Round 2": "-"
        },
        {
            "Courses": "B.Tech Electronics & Communication Engineering",
            "Round 1": "80313",
            "Round 2": "73556"
        },
        {
            "Courses": "B.Tech Electronics and Instrumentation Engineering",
            "Round 1": "150902",
            "Round 2": "154608"
        }
    ],
    "AKNU, APICET Cutoff 2023": [
        {
            "Courses": "MBA Marketing",
            "Round 1": "14248",
            "Round 2": "21351"
        },
        {
            "Courses": "MBA Tourism and Hospitality Management",
            "Round 1": "14248",
            "Round 2": "21351"
        },
        {
            "Courses": "MBA Human Resource",
            "Round 1": "14248",
            "Round 2": "21351"
        }
    ],
    "AKNU Fees & Eligibility": [
        {
            "COURSE": "M.Com, M.Ed, M.Sc, MA, M.P.Ed,",
            "ADMISSION LINK": "Admission Link"
        }
    ],
    "faqs": [
        {
            "question": "Is Adikavi Nannaya University recognized?",
            "answer": "Ans:Adikavi Nannaya University is recognized by All India Council for Technical Education (AICTE) and National Council for Teacher Education (NCTE)."
        },
        {
            "question": "Which colleges are there in Adikavi Nannaya University?",
            "answer": "Ans.It consists of 4 Colleges:-College of Arts and CommerceCollege of Science & TechnologyCollege of EngineeringCollege of Education."
        },
        {
            "question": "Are there any scholarships available in the College?",
            "answer": "Ans:Residential Scholarships can be availed by fulfilling the condition of 75% minimum college attendance. However, it is available for Reserved Students only."
        },
        {
            "question": "How can we apply for Admissions?",
            "answer": "Ans.By filling up the Online Admission Form. To download the formclick here"
        },
        {
            "question": "How is the placement Scenario of the University?",
            "answer": "Ans.It has recruiters from leading brands like IBM, Amazon, Infosys, Wipro, etc. The highest salary offered was ₹ 3.6 LPA."
        },
        {
            "question": "What is the eligibility criteria for AKNU MBA Admission 2021?",
            "answer": "Ans.To get admission to the AKNU MBA course, a candidate must pass the AP - ICET examination and participate in the counselling process. One can also get admission into the MBA program through CAT/ MAT/ XAT scores."
        },
        {
            "question": "What is the course fee for the M.P.Ed program offered at AKNU?",
            "answer": "Ans.AKNU charges INR 23,425 for the first year of M.P.Ed program. This amount includes the examination fee and tuition fees."
        },
        {
            "question": "What specializations are offered in the B.Tech program at AKNU?",
            "answer": "Ans.AKNU also offers B.Tech Course in Computer Science, Electronics & Communication, Mechanical, and Civil specialization. Admissions are made on the basis of AP-EAMCET Score."
        },
        {
            "question": "What is the basic eligibility for the admission 2024 in B.Tech program at AKNU?",
            "answer": "Ans.AKNU accepts B.Tech applications from intermediate who pass with 50% marks (45% marks for Reserved Category Students) from a recognized Board with PCM background in Science Stream for admission 2021."
        },
        {
            "question": "What specializations are offered in MBA admission at AKNU?",
            "answer": "Ans.AKNU offers MBA Courses in Financial Management, Market Management, Human Resource Management, Tourism & Hospitality Management. Admissions are made on the basis of marks scored by the students in AP-ICET/CAT/XAT/MAT exam."
        },
        {
            "question": "How does the AKNU entrance exam scores work in the Admission 2024 process?",
            "answer": "Ans.After the declaration of result and the rank of the candidates is determined, the AKNU admission 2024 process will be conducted based on the rank received by all candidates."
        },
        {
            "question": "For what courses is Nannaya University Common Entrance Test conducted by AKNU?",
            "answer": "Ans.Nannaya University Common Entrance Test is conducted to get admission in M.Sc., M.Com., M.A.,M.Ed., M.P.Ed and MHRM programs offered at AKNU and other affiliated colleges in India."
        }
    ]
}