{
    "title": "Adithya Institute of Technology - [AIT], Coimbatore - Admissions, Contact, Website, Facilities 2024-2025",
    "meta_description": "Adithya Institute of Technology - [AIT], Coimbatore, Tamil Nadu Application Form, Admissions, Contact, Website, Map, B.Tech, MBA, BE . 18 Courses. Average Fees is 55000 per year.",
    "keywords": "",
    "basic_info": [],
    "Section": {
        "name": "About AIT",
        "description": "Adithya Institute of Technology (AIT), Coimbatore was established in 2008 under Adithya Educational Trust. It is affiliated to Anna University, Coimbatore and approved by All India Council for Technical Education (AICTE), New Delhi. The vision of the institute is to create engineers and managers with the necessary skills and values for their career and life. The mission of the institute is to transform students through a systematic teaching-learning process, providing skill development training, practical exposure and imparting values of life during their period of study. The college is located at Sathy Main Road in Kurumbapalayam SSKulam, Coimbatore. It is 12 km away from Coimbatore City and nine kilometers away from Coimbatore Civil Aerodrome\nDepartments\nDepartment of Computer Science & Engineering\nDepartment of Information Technology\nDepartment of Electrical & Electronics Engineering\nDepartment of Electronics & Communication Engineering\nDepartment of Mechanical Engineering\nDepartment of Civil Engineering\nDepartment of Science & Humanities\nProfessional Tie-Up’s\nWipro - Mission 10X Program\nBSNL\nCisco - Networking Academy\nUnijet\nCanny Controls\nCovaai Gears\nTrident\nExtra Curricular Activities\nStudent Clubs\nEco Club\nMusic Club\nRotaract Club\nLiterary Club\nPhotography Club\nFacilities\nClassrooms\nThe institute has well furnished and spacious classrooms.\nComputer Lab\nThe computer lab is well equipped with latest software and configurations.\nLibrary\nThe institute has a wifi enabled library with a collection of over 16530 volumes of books, 150 printed periodicals, 1200 digital versions and 1150 audio-visual CD’s.\nHostel\nAvailable for both boys and girls student separately.\n"
    },
    "AIT Fees & Eligibility": [
        {
            "Course": "BE6  Courses",
            "Fees": "₹2.2 Lakhs (Total Fees)",
            "Eligibility": "10+2 with 50% + TNEA",
            "Application Date": "6 May - 11 Jun 2024",
            "Action": "Apply Now"
        },
        {
            "Course": "B.Tech1  Course",
            "Fees": "₹2.2 Lakhs (Total Fees)",
            "Eligibility": "10+2 with 50% + TNEA",
            "Application Date": "6 May - 11 Jun 2024",
            "Action": "Apply Now"
        },
        {
            "Course": "MBA5  Courses",
            "Fees": "₹41,000 (Total Fees)",
            "Eligibility": "Graduation with 50% + TANCET",
            "Application Date": "10 June - 04 Jul 2024",
            "Action": "Apply Now"
        },
        {
            "Course": "ME3  Courses",
            "Fees": "₹60,000 (Total Fees)",
            "Eligibility": "Graduation with 50% + TANCET",
            "Application Date": "15 Apr - 14 May 2024",
            "Action": "Apply Now"
        }
    ],
    "Important Events": [
        {
            "Events": "TANCET 2025 Registration Timeline",
            "Dates": "TentativeJan 10, 2025 - Feb 15, 2025"
        },
        {
            "Events": "TANCET 2025 Admit Card Date",
            "Dates": "TentativeFeb 21, 2025"
        },
        {
            "Events": "TANCET 2025 Exam Date",
            "Dates": "TentativeMar 09, 2025"
        },
        {
            "Events": "TANCET 2025 Result Date",
            "Dates": "TentativeMar 28, 2025"
        }
    ],
    "Expired Events": [
        {
            "Events": "Grievances Redressal (TANCET Counselling) [MBA]",
            "Dates": "Jul 23, 2024 - Jul 26, 2024"
        },
        {
            "Events": "Publication of Rank List (TANCET Counselling) [MBA]",
            "Dates": "Jul 22, 2024"
        },
        {
            "Events": "Online Registration & Filling of Applications (TANCET Counselling) [MBA]",
            "Dates": "Jun 10, 2024 - Jul 04, 2024"
        }
    ],
    "AIT, TNEA Cutoff 2023": [
        {
            "Courses": "BE Computer Science and Engineering",
            "Round 2": "76224",
            "Round 3": "-"
        },
        {
            "Courses": "BE Electrical and Electronics Engineering",
            "Round 2": "78067",
            "Round 3": "116695"
        },
        {
            "Courses": "B.Tech Artificial Intelligence and Data Science",
            "Round 2": "79993",
            "Round 3": "-"
        }
    ],
    "faqs": []
}