{
    "title": "Aditya Engineering College: Admission 2024, Cutoff, Courses, Fees, Reviews, Placement",
    "meta_description": "Aditya Engineering College Admission 2024 is open for various courses. Aditya Engineering College Admission is based on national level entrance exam and merit basis. Check latest updates and news on Aditya Engineering College Admission 2024, Cutoff, Courses, Fees, Reviews, Rankings, Placement and other details.",
    "keywords": "Aditya Engineering College, Aditya Engineering College Admission 2024, Aditya Engineering College Admission, Aditya Engineering College Fees, Aditya Engineering College Courses, Aditya Engineering College Cutoff, Aditya Engineering College Cutoff 2024, Aditya Engineering College Placement, Aditya Engineering College Highest Package, Aditya Engineering College Ranking, Aditya Engineering College Reviews, Aditya Engineering College Contant Details, Aditya Engineering College Address, Aditya Engineering College Results, Aditya Engineering College News",
    "basic_info": [
        {
            "name": "AEC Courses",
            "description": [
                "AEC provides various courses in UG, PG and Diploma category, requirements of which are stated below:",
                "Undergraduate Courses",
                "Currently, a single undergraduate course with various specialisations is offered by the college. A brief about the same is given below:",
                "Postgraduate Courses",
                "Currently, three courses with various specialisations are offered by the college. A brief about the same is given below",
                "Diploma Courses",
                "Currently, a single diploma course with various specialisations is offered by the college. A brief about the same is given below:",
                "Read about AEC Courses & Fee"
            ]
        },
        {
            "name": "AEC Facilities",
            "description": [
                "With the change in time and increasing competition, college main focus is to provide conveniently and modernize facilities to the students. A brief of them mentioned below:"
            ]
        },
        {
            "name": "AEC Placements",
            "description": [
                "Aditya Engineering College has its own placement cell which grooms students as per the industry standards. They hold various sessions in each semester to train them for the real challenges. The most common activities that are conducted to give the required exposure are: Written test - how to attempt a questionnaire provided by the company/ recruiter Personality development - face to face interviews/ group discussions and more Smart ways to tackle different real-time situations/ communications skills and more.",
                "Connected Companies:"
            ]
        }
    ],
    "Section": {
        "name": "About AEC Surampalem",
        "description": "Aditya Engineering College is an autonomous private engineering college situated in eco-friendly area of 180 acres thick greenery environment at Surampalem, Andhra Pradesh. College was established in 2001 with a vision to induce higher plans of learning by impacting technical education with international standards, applied research, creative ability to emerge as the premier institute. College is affiliated with Jawaharlal Nehru Technological University (JNTU) and college also awarded “ A++ “ grade from NAAC.\nAEC provides various courses in UG, PG and Diploma category, requirements of which are stated below:\nUndergraduate Courses\nCurrently, a single undergraduate course with various specialisations is offered by the college. A brief about the same is given below:\n\n\n\nIntermediate graduates(10+2) with Physics, Chemistry, Mathematics (PCM) as main subjects\nPostgraduate Courses\nCurrently, three courses with various specialisations are offered by the college. A brief about the same is given below\n\n\nB. Tech or equivalent degree from an AICTE approved institute\nDiploma Courses\nCurrently, a single diploma course with various specialisations is offered by the college. A brief about the same is given below:\n\n\nMatric or intermediate graduates\nRead about AEC Courses & Fee\nWith the change in time and increasing competition, college main focus is to provide conveniently and modernize facilities to the students. A brief of them mentioned below:\nAditya Engineering College has its own placement cell which grooms students as per the industry standards. They hold various sessions in each semester to train them for the real challenges. The most common activities that are conducted to give the required exposure are: Written test - how to attempt a questionnaire provided by the company/ recruiter Personality development - face to face interviews/ group discussions and more Smart ways to tackle different real-time situations/ communications skills and more.\nConnected Companies:"
    },
    "AEC Courses": [
        {
            "Specialisation": "Civil Engineering",
            "Eligibility": "Matric or intermediate graduates",
            "Intake": "120"
        },
        {
            "Specialisation": "Electrical and Electronics Engineering",
            "Eligibility": "Matric or intermediate graduates",
            "Intake": "120"
        },
        {
            "Specialisation": "Electronics and Communication Engineering",
            "Eligibility": "Matric or intermediate graduates",
            "Intake": "120"
        },
        {
            "Specialisation": "Mechanical Engineering",
            "Eligibility": "Matric or intermediate graduates",
            "Intake": "120"
        },
        {
            "Specialisation": "Computer Science and Engineering",
            "Eligibility": "Matric or intermediate graduates",
            "Intake": "60"
        }
    ],
    "AEC Surampalem Fees & Eligibility": [
        {
            "Course": "B.Tech11  Courses",
            "Fees": "₹43,000 (1st Year Fees)",
            "Eligibility": "10+2 + AP EAMCET",
            "Application Date": "11 Mar - 25 Jul 2024",
            "Action": "Apply Now"
        },
        {
            "Course": "Polytechnic5  Courses",
            "Fees": "₹75,000 (Total Fees)",
            "Eligibility": "10th + AP POLYCET",
            "Application Date": "20 Feb - 10 Apr 2024",
            "Action": "Apply Now"
        },
        {
            "Course": "MBA1  Course",
            "Fees": "₹2 Lakhs (1st Year Fees)",
            "Eligibility": "Graduation + AP ICET",
            "Application Date": "20 Mar - 19 Apr 2024",
            "Action": "Apply Now"
        },
        {
            "Course": "M.Tech6  Courses",
            "Fees": "₹62,700 (1st Year Fees)",
            "Eligibility": "Graduation",
            "Application Date": "23 Mar - 12 May 2024",
            "Action": "Apply Now"
        },
        {
            "Course": "Integrated MBA1  Course",
            "Fees": "₹4 Lakhs (Total Fees)",
            "Eligibility": "Graduation",
            "Application Date": "20 Mar - 19 Apr 2024",
            "Action": "Apply Now"
        }
    ],
    "Important Events": [
        {
            "Events": "AP PGECET Registration Timeline",
            "Dates": "TentativeMar 23, 2025 - Apr 20, 2025"
        },
        {
            "Events": "AP PGECET Admit Card Date",
            "Dates": "TentativeMay 22, 2025"
        },
        {
            "Events": "AP PGECET Exam date",
            "Dates": "TentativeMay 29, 2025 - May 31, 2025"
        },
        {
            "Events": "AP PGECET Result date",
            "Dates": "TentativeJun 19, 2025"
        }
    ],
    "Expired Events": [
        {
            "Events": "AP PGECET Counselling Date",
            "Dates": "Aug 15, 2024"
        },
        {
            "Events": "Application Timeline (With Late fee of Rs 5000) [M.Tech]",
            "Dates": "May 06, 2024 - May 12, 2024"
        },
        {
            "Events": "Application Timeline (With Late fee of Rs 2000) [M.Tech]",
            "Dates": "Apr 29, 2024 - May 05, 2024"
        }
    ],
    "AEC Surampalem, AP EAPCET Cutoff 2023": [
        {
            "Courses": "B.Tech Data Science",
            "Round 1": "17727",
            "Round 2": "18280"
        },
        {
            "Courses": "B.Tech Artificial Intelligence and Machine Learning",
            "Round 1": "25742",
            "Round 2": "52413"
        },
        {
            "Courses": "B.Tech Information Technology",
            "Round 1": "26768",
            "Round 2": "19233"
        }
    ],
    "faqs": []
}