{
    "title": "Aditya Institute of Technology and Management Tekkali: Admission 2024, Cutoff, Courses, Fees, Reviews, Placement",
    "meta_description": "Aditya Institute of Technology and Management Tekkali Admission 2024 is open for various courses. Aditya Institute of Technology and Management Tekkali Admission is based on national level entrance exam and merit basis. Check latest updates and news on Aditya Institute of Technology and Management Tekkali Admission 2024, Cutoff, Courses, Fees, Reviews, Rankings, Placement and other details.",
    "keywords": "Aditya Institute of Technology and Management Tekkali, Aditya Institute of Technology and Management Tekkali Admission 2024, Aditya Institute of Technology and Management Tekkali Admission, Aditya Institute of Technology and Management Tekkali Fees, Aditya Institute of Technology and Management Tekkali Courses, Aditya Institute of Technology and Management Tekkali Cutoff, Aditya Institute of Technology and Management Tekkali Cutoff 2024, Aditya Institute of Technology and Management Tekkali Placement, Aditya Institute of Technology and Management Tekkali Highest Package, Aditya Institute of Technology and Management Tekkali Ranking, Aditya Institute of Technology and Management Tekkali Reviews, Aditya Institute of Technology and Management Tekkali Contant Details, Aditya Institute of Technology and Management Tekkali Address, Aditya Institute of Technology and Management Tekkali Results, Aditya Institute of Technology and Management Tekkali News",
    "basic_info": [
        {
            "name": "AITAM Highlights",
            "description": [
                "Tabulated below are few facts about the Institute that interested candidates can check."
            ]
        },
        {
            "name": "AITAM Courses",
            "description": [
                "The Institute offers UG, PG and Diploma Courses under science stream. Tabulated below are details about their duration, eligibility and selection criteria.",
                "Check course fee information AITAM Courses & Fees"
            ]
        },
        {
            "name": "AITAM Admission",
            "description": [
                "The admission in all courses is done based on the marks obtained in the entrance examination. Admission to B. Tech course is based on marks obtained in AP EAMCET, admission to M. Tech courses is based on marks obtained in PGECET, and admission to MBA course is done based on marks obtained in APICET."
            ]
        },
        {
            "name": "How to apply?",
            "description": [
                "Candidates who wish to get admission in the Institute need to follow the below-given steps:",
                "For detailed information read AITAM Admission"
            ]
        },
        {
            "name": "AITAM Cutoff 2024",
            "description": [
                "Aditya Institute of Technology and Management AP EAPCET Cutoff 2024 is out. The table given below shows the cutoff for Round 1."
            ]
        },
        {
            "name": "AITAM Scholarships",
            "description": [
                "The Institute offers scholarships to students based on the rank obtained in the EAMCET and ICET examination.",
                "EAMCET (B. Tech)",
                "ICET (MBA)"
            ]
        },
        {
            "name": "AITAM Facilities",
            "description": [
                "The Institute provides all the basic facilities to students just like every other college/institute/university. Some of the facilities Institute provides to students are given below.",
                "Read more AITAM Reviews"
            ]
        },
        {
            "name": "AITAM Faculty",
            "description": [
                "The Institute has highly proficient and experienced faculty members who are well versed in their respective fields and subjects. They not only give lectures but also help students to accomplish their goals.",
                "Get information on AITAM Faculty"
            ]
        },
        {
            "name": "AITAM FAQs",
            "description": []
        }
    ],
    "Section": {
        "name": "About AITAM",
        "description": "AITAM was established in the year 2001and is affiliated to JNTUK Kakinada. The Institute is accredited by NAAC and approved by UGC, AICTE, and NBA. The Institute offers UG, PG and Diploma courses in numerous specializations.\nAdmission to all the courses is done based on marks obtained in the Entrance Examination. The Institute also offers good placement opportunities to students of different streams. The Institute was ranked at #77 position by outlook among top private Colleges in India. It was also ranked at #4 position in Andhra Pradesh by Times of India.\nTable of Content\nTabulated below are few facts about the Institute that interested candidates can check.\nThe Institute offers UG, PG and Diploma Courses under science stream. Tabulated below are details about their duration, eligibility and selection criteria.\nCheck course fee information AITAM Courses & Fees\nThe admission in all courses is done based on the marks obtained in the entrance examination. Admission to B. Tech course is based on marks obtained in AP EAMCET, admission to M. Tech courses is based on marks obtained in PGECET, and admission to MBA course is done based on marks obtained in APICET.\nCandidates who wish to get admission in the Institute need to follow the below-given steps:\nFor detailed information read AITAM Admission\nAditya Institute of Technology and Management AP EAPCET Cutoff 2024 is out. The table given below shows the cutoff for Round 1.\nThe Institute offers scholarships to students based on the rank obtained in the EAMCET and ICET examination.\nEAMCET (B. Tech)\nICET (MBA)\nThe Institute provides all the basic facilities to students just like every other college/institute/university. Some of the facilities Institute provides to students are given below.\nRead more AITAM Reviews\nThe Institute has highly proficient and experienced faculty members who are well versed in their respective fields and subjects. They not only give lectures but also help students to accomplish their goals.\nGet information on AITAM Faculty\nQues. What are the documents required at the time of admission at AITAM?\nQues. Does AITAM provide placement opportunities for students?\nQues. Does AITAM offer any co-curricular activities?\nQues. Does AITAM offer sports and cultural activities to students?\nQues. Does AITAM provide transport facilities to students?"
    },
    "AITAM Highlights": [],
    "AITAM Courses": [
        {
            "Courses": "B. Tech",
            "Details": "Streams: Computer Science & Engineering, Electronics and Communication Engineering, Electronics & Electrical Engineering, Mechanical Engineering, Information Technology, Civil Engineering\n\t\t\tDuration: 4 Years\n\t\t\tEligibility: 10+2 passed with PCM",
            "Selection Criteria": "AP EAMCET."
        },
        {
            "Courses": "M. Tech",
            "Details": "Streams: Computer Science & Engineering, Civil – Structural Engineering, ECE – Very Large-Scale Integration System Design, ECE – Digital Electronics and Communication Systems, EEE – Power Electronics & Electric Drives, ME- Thermal Engineering\n\t\t\tDuration: 2 Years\n\t\t\tEligibility: Passed B. Tech Degree",
            "Selection Criteria": "GATE/PGECET"
        },
        {
            "Courses": "MBA",
            "Details": "Duration: 2 Years\n\t\t\tEligibility: Passed Bachelor’s degree",
            "Selection Criteria": "ICET"
        },
        {
            "Courses": "Polytechnic Diploma",
            "Details": "Stream: CE, ECE, EEE, MEC\n\t\t\tDuration: 3 Years\n\t\t\tEligibility: 10+2 passed",
            "Selection Criteria": "Merit Based"
        }
    ],
    "AITAM Cutoff 2024": [
        {
            "Courses": "B.Tech Computer Science Engineering",
            "Round 1": "30413"
        },
        {
            "Courses": "B.Tech Artificial Intelligence and Machine Learning",
            "Round 1": "42559"
        },
        {
            "Courses": "B.Tech Data Science",
            "Round 1": "47176"
        },
        {
            "Courses": "B.Tech Electrical and Electronics Engineering",
            "Round 1": "70783"
        },
        {
            "Courses": "B.Tech Information Technology",
            "Round 1": "80266"
        },
        {
            "Courses": "B.Tech Mechanical Engineering",
            "Round 1": "87087"
        },
        {
            "Courses": "B.Tech Electronics & Communication Engineering",
            "Round 1": "102345"
        },
        {
            "Courses": "B.Tech Civil Engineering",
            "Round 1": "150791"
        }
    ],
    "AITAM Fees & Eligibility": [
        {
            "Course": "B.Tech8  Courses",
            "Fees": "₹67,320 (1st Year Fees)",
            "Eligibility": "10+2",
            "Application Date": "11 Mar - 25 Jul 2024",
            "Action": "Apply Now"
        },
        {
            "Course": "Polytechnic4  Courses",
            "Fees": "₹75,000 (Total Fees)",
            "Eligibility": "10th",
            "Application Date": "20 Feb - 10 Apr 2024",
            "Action": "Apply Now"
        },
        {
            "Course": "MBA1  Course",
            "Fees": "₹41,600 (1st Year Fees)",
            "Eligibility": "Graduation",
            "Application Date": "20 Mar - 19 Apr 2024",
            "Action": "Apply Now"
        },
        {
            "Course": "M.Tech5  Courses",
            "Fees": "₹66,000 (1st Year Fees)",
            "Eligibility": "Pass in Graduation + GATE",
            "Application Date": "23 Mar - 12 May 2024",
            "Action": "Apply Now"
        }
    ],
    "Important Events": [
        {
            "Events": "AP PGECET Registration Timeline",
            "Dates": "TentativeMar 23, 2025 - Apr 20, 2025"
        },
        {
            "Events": "AP PGECET Admit Card Date",
            "Dates": "TentativeMay 22, 2025"
        },
        {
            "Events": "AP PGECET Exam date",
            "Dates": "TentativeMay 29, 2025 - May 31, 2025"
        },
        {
            "Events": "AP PGECET Result date",
            "Dates": "TentativeJun 19, 2025"
        }
    ],
    "Expired Events": [
        {
            "Events": "AP PGECET Counselling Date",
            "Dates": "Aug 15, 2024"
        },
        {
            "Events": "Application Timeline (With Late fee of Rs 5000) [M.Tech]",
            "Dates": "May 06, 2024 - May 12, 2024"
        },
        {
            "Events": "Application Timeline (With Late fee of Rs 2000) [M.Tech]",
            "Dates": "Apr 29, 2024 - May 05, 2024"
        }
    ],
    "AITAM, AP EAPCET Cutoff 2024": [
        {
            "Courses": "B.Tech Computer Science Engineering",
            "Round 1": "30413",
            "Round 2": "118122"
        },
        {
            "Courses": "B.Tech Artificial Intelligence and Machine Learning",
            "Round 1": "42559",
            "Round 2": "50831"
        },
        {
            "Courses": "B.Tech Data Science",
            "Round 1": "47176",
            "Round 2": "39058"
        }
    ],
    "faqs": [
        {
            "question": "Ques. What are the documents required at the time of admission at AITAM?",
            "answer": "The documents that are required during the admission procedure are 10th Standard Mark sheet, Caste Certificate, Passport Size Photo, Mark sheet of all semesters for PG courses, Entrance Examination scorecard."
        },
        {
            "question": "Does AITAM provide placement opportunities for students?",
            "answer": "Ans.Yes, the Institute has a dedicated placement cell where every year top recruiting companies visit the campus for selecting students. Some of the names of eminent recruiters who had visited the campus are TCS Code Vita, TCS Ninja, Mindtree, Aptroid, HCL Technologies, Cognizant and WIPRO."
        },
        {
            "question": "Ques. Does AITAM offer any co-curricular activities?",
            "answer": "Ans.Yes, the Institute offers multiple co-curricular activities like an NSS cell and an NCC cell. They also provide multiple sporting facilities such as a cricket field, football field and a basketball court."
        },
        {
            "question": "Ques. Does AITAM offer sports and cultural activities to students?",
            "answer": "Ans.Yes, the Institute provide sports and cultural activities to students to keep them fit and healthy. The Institute has 1 cricket field, 1 football field, 1 handball court, 1 kho kho court, 1 volleyball court, 1 shuttle and badminton, 1 ball badminton court, 1 gym, 2 table tennis tables, 1 basket ball court, 2 throwball for women, and 2 tennisball court."
        },
        {
            "question": "Does AITAM provide transport facilities to students?",
            "answer": "Ans.Yes, the Institute has the transport facility for the students too located at distant places. Many buses run on different routes and information regarding the bus no, driver name along with contact number candidates can check on the Institute’s official website."
        }
    ]
}