{
    "title": "Aditya College of Engineering and Technology - [ACET], Bangalore - Admissions, Contact, Website, Facilities 2024-2025",
    "meta_description": "Aditya College of Engineering and Technology - [ACET], Bangalore, Karnataka Application Form, Admissions, Contact, Website, Map, B.Tech, BE . 9 Courses. Average Fees is 37000 per year.",
    "keywords": "",
    "basic_info": [],
    "Section": {
        "name": "ACET Cutoff 2024"
    },
    "ACET Fees & Eligibility": [
        {
            "Course": "BE8  Courses",
            "Fees": "₹7.64 Lakhs (Total Fees)",
            "Eligibility": "10+2",
            "Application Date": "24 May - 17 Jun 2024",
            "Action": "Apply Now"
        },
        {
            "Course": "B.Tech1  Course",
            "Fees": "₹1.48 Lakhs (Total Fees)",
            "Eligibility": "10+2 pass",
            "Application Date": "24 May - 17 Jun 2024",
            "Action": "Apply Now"
        }
    ],
    "Important Events": [
        {
            "Events": "Seat Cancelation (Round 1 and Round 2 allotted Seats) [BE/B.Tech]",
            "Dates": "UpcomingSep 01, 2024 - Sep 03, 2024"
        },
        {
            "Events": "Editing of Choice Filling (extended dates) Round 3 [BE/B.Tech]",
            "Dates": "UpcomingSep 04, 2024 - Sep 06, 2024"
        },
        {
            "Events": "Allotment Result Round 3 [BE/B.Tech]",
            "Dates": "UpcomingSep 09, 2024 - Sep 12, 2024"
        },
        {
            "Events": "Reporting to college by candidate Round 3 [BE/B.Tech]",
            "Dates": "UpcomingSep 09, 2024 - Sep 14, 2024"
        },
        {
            "Events": "Last date for commencement of classes as notified by AICTE [BE/B.Tech]",
            "Dates": "Sep 15, 2024"
        },
        {
            "Events": "COMEDK UGET Registration Timeline",
            "Dates": "TentativeFeb 01, 2025 - Apr 10, 2025"
        },
        {
            "Events": "COMEDK UGET Admit Card Date",
            "Dates": "TentativeMay 06, 2025"
        },
        {
            "Events": "COMEDK UGET Exam Date",
            "Dates": "TentativeMay 12, 2025"
        }
    ],
    "Expired Events": [
        {
            "Events": "Seat Cancellation (COMEDK R2 - Phase 2) (GM Category Only) [BE/B.Tech]",
            "Dates": "Aug 07, 2024 - Aug 13, 2024"
        },
        {
            "Events": "Decision Making and Fee Payment (COMEDK R2 - Phase 2) (GM Category Only) [BE/B.Tech]",
            "Dates": "Aug 07, 2024 - Aug 12, 2024"
        },
        {
            "Events": "Reporting to Allotted Colleges (COMEDK R2 - Phase 2) (GM Category Only) [BE/B.Tech]",
            "Dates": "Aug 07, 2024 - Aug 12, 2024"
        }
    ],
    "ACET, COMEDK UGET Cutoff 2024": [
        {
            "Courses": "BE Artificial Intelligence",
            "Round 1": "61382",
            "Round 2": "93142"
        },
        {
            "Courses": "BE Artificial Intelligence and Data Science",
            "Round 1": "88496",
            "Round 2": "-"
        },
        {
            "Courses": "BE Electronics & Communication Engineering",
            "Round 1": "90277",
            "Round 2": "-"
        }
    ],
    "faqs": []
}