{
    "title": "Aditya College Of Engineering and Technology: Admission 2024, Cutoff, Courses, Fees, Reviews, Placement",
    "meta_description": "Aditya College Of Engineering and Technology Admission 2024 is open for various courses. Aditya College Of Engineering and Technology Admission is based on national level entrance exam and merit basis. Check latest updates and news on Aditya College Of Engineering and Technology Admission 2024, Cutoff, Courses, Fees, Reviews, Rankings, Placement and other details.",
    "keywords": "Aditya College Of Engineering and Technology, Aditya College Of Engineering and Technology Admission 2024, Aditya College Of Engineering and Technology Admission, Aditya College Of Engineering and Technology Fees, Aditya College Of Engineering and Technology Courses, Aditya College Of Engineering and Technology Cutoff, Aditya College Of Engineering and Technology Cutoff 2024, Aditya College Of Engineering and Technology Placement, Aditya College Of Engineering and Technology Highest Package, Aditya College Of Engineering and Technology Ranking, Aditya College Of Engineering and Technology Reviews, Aditya College Of Engineering and Technology Contant Details, Aditya College Of Engineering and Technology Address, Aditya College Of Engineering and Technology Results, Aditya College Of Engineering and Technology News",
    "basic_info": [
        {
            "name": "Colours the cultural fest: Activities like singing, dancing and skitting is involved in the cultural festival “COLOURS” of the college which is celebrated every year in the month of January. It is a three-day event, featuring many games, exhibitions, competitions and musical concerts.",
            "description": []
        },
        {
            "name": "Veda the technical fest: VEDA, the annual tech fest of the college is organized each year in the month of September. The nearby colleges are specially invited to participate in this tech fest. It continues for two-days. Various events like powerpoint presentations, Robotics and speeches from guest speakers are performed.",
            "description": []
        }
    ],
    "Section": {
        "name": "About ACET",
        "description": "Sri Sai Aditya Institute Of Science & Technology was established in 2004, and runs under the aegis of Sarojini Educational Society. The college is situated in is situated in a serene, scenic campus in Surampalem.\nInteresting facts about the college:\nDepartments:\nLibrary :\nResource\nNumbers\nBooks\n29142\nTitles\n4544\nBound Back Volumes of Journals\n1118\nCDs\n1518\nE-books\n600\nProject Thesis\n47\nCurrent Subscription of periodicals\n237\nEvents:\nScholarship:\nAll the students belonging to BC / EBC /Disabled Welfare / Minority Welfare whose family income is less than Rs. 1.00 lakh per annum are eligible to apply for scholarships whereas SC/ ST students can also apply whose family income is less than Rs. 2.00 lakh per annum.\n"
    },
    "ACET Fees & Eligibility": [
        {
            "Course": "B.Tech8  Courses",
            "Fees": "₹43,000 (1st Year Fees)",
            "Eligibility": "10+2 + AP EAPCET",
            "Application Date": "11 Mar - 25 Jul 2024",
            "Action": "Apply Now"
        },
        {
            "Course": "MBA1  Course",
            "Fees": "₹60,000 (1st Year Fees)",
            "Eligibility": "Graduation + APICET",
            "Application Date": "20 Mar - 19 Apr 2024",
            "Action": "Apply Now"
        },
        {
            "Course": "Polytechnic4  Courses",
            "Fees": "₹29,500 (1st Year Fees)",
            "Eligibility": "10th + POLYCET",
            "Application Date": "20 Feb - 10 Apr 2024",
            "Action": "Apply Now"
        },
        {
            "Course": "M.Tech4  Courses",
            "Fees": "₹62,700 (1st Year Fees)",
            "Eligibility": "Graduation + PGECET",
            "Application Date": "23 Mar - 12 May 2024",
            "Action": "Apply Now"
        }
    ],
    "Important Events": [
        {
            "Events": "AP PGECET Registration Timeline",
            "Dates": "TentativeMar 23, 2025 - Apr 20, 2025"
        },
        {
            "Events": "AP PGECET Admit Card Date",
            "Dates": "TentativeMay 22, 2025"
        },
        {
            "Events": "AP PGECET Exam date",
            "Dates": "TentativeMay 29, 2025 - May 31, 2025"
        },
        {
            "Events": "AP PGECET Result date",
            "Dates": "TentativeJun 19, 2025"
        }
    ],
    "Expired Events": [
        {
            "Events": "AP PGECET Counselling Date",
            "Dates": "Aug 15, 2024"
        },
        {
            "Events": "Application Timeline (With Late fee of Rs 5000) [M.Tech]",
            "Dates": "May 06, 2024 - May 12, 2024"
        },
        {
            "Events": "Application Timeline (With Late fee of Rs 2000) [M.Tech]",
            "Dates": "Apr 29, 2024 - May 05, 2024"
        }
    ],
    "ACET, AP EAPCET Cutoff 2024": [
        {
            "Courses": "B.Tech Artificial Intelligence and Machine Learning",
            "Round 1": "36399",
            "Round 2": "95905"
        },
        {
            "Courses": "B.Tech Data Science",
            "Round 1": "39623",
            "Round 2": "25144"
        },
        {
            "Courses": "B.Tech Information Technology",
            "Round 1": "40559",
            "Round 2": "29695"
        }
    ],
    "faqs": []
}