{
    "title": "Aditya college of engineering - [ACE], Madanapalle - Admissions, Contact, Website, Facilities 2024-2025",
    "meta_description": "Aditya college of engineering - [ACE], Madanapalle, Andhra Pradesh Application Form, Admissions, Contact, Website, Map, B.Tech, MBA . 8 Courses. Average Fees is 81000 per year.",
    "keywords": "",
    "basic_info": [],
    "Section": {
        "name": "About ACE",
        "description": "Aditya College of Engineering, Andhra Pradesh- Chittoor, is created in the year 2009 with four building extensions in particular Computer Science, Electronics and correspondences, Mechanical and Electrical and Electronics Engineering. It is located 10km from the heart of Madanapalle city towards Punganur Street. It has a highly qualified, commitment showing staff. Sports, Cultural Activities, and other advancement exercises are given prime vitality for general improvement of the understudies.The college has a vision to offer value based Technical Education, Training, Consultancy, Research & Development, and to offer state of art infrastructure to get pool of technical education.\nFacts & Figures of Aditya College of Engineering- Andhra Pradesh- Chittoor\nFounded in\n2009\nHead of the Institution\nDr. S. Ramalinga Reddy\nApproved and Affiliated\nAICTE and JNTUA, Anantapur\nDifferent courses\nCSE, CCE, EEE, MEC, Civil Engineering.\nLocation\n10km from the heart of Madanapalle city towards Punganur road.\nStudent intake\n120 students in Computer Science & Engineering and Electronics & Communications Engineering and 60 students in Mechanical, Civil and Electrical & Electronics Engineering branches.\nWhy join Adiya College of Engineering- Andhra Pradesh- Chittoor?\nExcellent Technical Education: The college authority ensures to offer quality technical education through well- experienced faculty.\nExtra-curricular Activities: College also ensures to prepare students physically along with mentally by conducting sports tournaments along with orientation.\n"
    },
    "ACE Fees & Eligibility": [
        {
            "Course": "B.Tech7  Courses",
            "Fees": "₹38,000 - 43,000 (1st Year Fees)",
            "Eligibility": "10+2 with 45% + AP EAMCET",
            "Application Date": "1 July - 25 Jul 2024",
            "Action": "Apply Now"
        },
        {
            "Course": "MBA1  Course",
            "Fees": "₹45,000 (1st Year Fees)",
            "Eligibility": "Graduation + AP ICET",
            "Application Date": "20 Mar - 19 Apr 2024",
            "Action": "Apply Now"
        }
    ],
    "Important Events": [
        {
            "Events": "APICET Registration Date",
            "Dates": "TentativeMar 06, 2025 - Apr 07, 2025"
        },
        {
            "Events": "APICET Admit Card Date",
            "Dates": "TentativeMay 02, 2025"
        },
        {
            "Events": "APICET Exam Date",
            "Dates": "TentativeMay 06, 2025"
        },
        {
            "Events": "APICET Result Date",
            "Dates": "TentativeJun 20, 2025"
        }
    ],
    "Expired Events": [
        {
            "Events": "Phase 1 - Reporting at Allotted Colleges (APICET) [MBA]",
            "Dates": "Aug 10, 2024 - Aug 16, 2024"
        },
        {
            "Events": "Phase 1 Seat Allotment  (APICET) [MBA]",
            "Dates": "Aug 10, 2024"
        },
        {
            "Events": "Change of Web Options (APICET) [MBA]",
            "Dates": "Aug 08, 2024"
        }
    ],
    "ACE, AP EAPCET Cutoff 2024": [
        {
            "Courses": "B.Tech Computer Science Engineering",
            "Round 1": "75612",
            "Round 2": "82734"
        },
        {
            "Courses": "B.Tech Artificial Intelligence and Machine Learning",
            "Round 1": "79596",
            "Round 2": "97871"
        },
        {
            "Courses": "B.Tech Electronics & Communication Engineering",
            "Round 1": "119542",
            "Round 2": "124973"
        }
    ],
    "faqs": []
}