{
    "title": "Fr. C. Rodrigues Institute of Technology: Admission 2024, Cutoff, Courses, Fees, Placements, Rankings",
    "meta_description": "Fr. C. Rodrigues Institute of Technology Admission 2024 is open for various degree programs based on MHT CET entrance exams and Maharashtra CAP Counselling. Check latest updates and news on Fr. C. Rodrigues Institute of TechnologyAdmission 2024, Cutoff, Courses, Fees, Eligibility, and Admission Process",
    "keywords": "Fr. C. Rodrigues Institute of Technology Fr. C. Rodrigues Institute of Technology Admission 2024, Fr. C. Rodrigues Institute of Technology B.Tech Admission 2024, Fr. C. Rodrigues Institute of Technology Cutoff 2024, Fr. C. Rodrigues Institute of Technology Courses Admission 2024, Fr. C. Rodrigues Institute of Technology Cutoff, Fr. C. Rodrigues Institute of Technology Fees, Fr. C. Rodrigues Institute of Technology Admission Cutoff 2024, How much rank to get admission in Fr. C. Rodrigues Institute of Technology, Fr. C. Rodrigues Institute of Technology Admission Updates",
    "basic_info": [
        {
            "name": "FR. C. Rodrigues Institute of Technology Key Points",
            "description": [
                "Check: FCRIT Navi Mumbai Reviews"
            ]
        },
        {
            "name": "FR. C. Rodrigues Institute of Technology Important Dates",
            "description": []
        },
        {
            "name": "FR. C. Rodrigues Institute of Technology Ranking",
            "description": []
        },
        {
            "name": "FR. C. Rodrigues Institute of Technology Courses and Fees",
            "description": [
                "FCRIT, Navi Mumbai offers undergraduate, postgraduate and doctoral programs in the discipline of Engineering. Tabulated below the details of the same:",
                "Check: FCRIT Navi Mumbai Courses and Fees"
            ]
        },
        {
            "name": "FR. C. Rodrigues Institute of Technology Placement",
            "description": [
                "FCRIT Navi Mumbai has a dedicated Training and Placement Cell which provides 100% placement assistance to its students. The cell also provides internship opportunities to the students. It organizes industrial visits, guest lectures and prepares for the industry and the upcoming interviews. To improve career prospects the institute employs reputed professionals to conduct special training programmes in English Communication, Group Discussion and Personality Development skills.",
                "FCRIT Navi Mumbai Placement Highlights:",
                "Check: FCRIT Navi Mumbai Placement"
            ]
        },
        {
            "name": "FR. C. Rodrigues Institute of Technology Cutoff 2023 (Expected)",
            "description": []
        },
        {
            "name": "FR. C. Rodrigues Institute of Technology Facilities",
            "description": []
        },
        {
            "name": "FR. C. Rodrigues Institute of Technology Faculty",
            "description": [
                "The faculty at the FCRIT are highly experienced and well qualified. FCRIT has the faculties for all the specializations of Engineering and Technology. They provide proper guidance to the students through their experience. They are helpful and supportive and have proper understanding in their area of expertise. The faculty comprises of:",
                "Check: FCRIT Navi Mumbai Faculty"
            ]
        },
        {
            "name": "FR. C. Rodrigues Institute of Technology FAQs",
            "description": []
        }
    ],
    "Section": {
        "name": "About FCRIT",
        "description": "FR. C. Rodrigues Institute of Technology (FCRIT), Navi Mumbai was established in 1994 in the heart of Navi Mumbai, Vashi, as a part of Agnel Technical Education Complex. FCRIT is affiliated to the Mumbai University and offers five undergraduate engineering programs (Computer, Mechanical, Electronics & Telecommunication, Electrical, and Information Technology) and two postgraduate engineering programs (Mechanical and Electrical Engineering). Admission in the FCRIT is based on CET or JEE Mains entrance exam. The institute has a dedicated Training and Placement Cell who provides 100% placement assistance to its students. Some of the top recruiters are TCS, Cognizant, Shell, Reliance Jio, Tata Power, Jacobs, Media.net, L&T, Endurance and many more.\nFCRIT has been accorded accreditation for all the courses by the NBA (UG courses) and by NAAC. Institute has an in house Centre for incubation and business acceleration also known as CIBA which is catalyzed and supported by Department of Science & Technology under the Startup India Action Plan. Prototyping laboratories, workstations and fully furnished rooms are there to inculcate culture of innovation and entrepreneurship in the society. FCRIT is ranked in the band 201-250 by NIRF, ranked 88 among India’s Best colleges by India Today and given AAA+ rating by Careers360.\nCheck: FCRIT Navi Mumbai Admission\nTable of Content\nCheck: FCRIT Navi Mumbai Reviews\nApril 16- April 30, 2024 & May 02, 2024\nFCRIT, Navi Mumbai offers undergraduate, postgraduate and doctoral programs in the discipline of Engineering. Tabulated below the details of the same:\nCheck: FCRIT Navi Mumbai Courses and Fees\nFCRIT Navi Mumbai has a dedicated Training and Placement Cell which provides 100% placement assistance to its students. The cell also provides internship opportunities to the students. It organizes industrial visits, guest lectures and prepares for the industry and the upcoming interviews. To improve career prospects the institute employs reputed professionals to conduct special training programmes in English Communication, Group Discussion and Personality Development skills.\nFCRIT Navi Mumbai Placement Highlights:\nCheck: FCRIT Navi Mumbai Placement\nThe faculty at the FCRIT are highly experienced and well qualified. FCRIT has the faculties for all the specializations of Engineering and Technology. They provide proper guidance to the students through their experience. They are helpful and supportive and have proper understanding in their area of expertise. The faculty comprises of:\nCheck: FCRIT Navi Mumbai Faculty\nQues. Does FCRIT provide hostel facilities?\nAns. Yes, FCRIT provides separate accommodations for boys and girls. There are air conditioned and non-air conditioned classrooms. The hostels have a capacity of 800 students. The hostel has a mess facility which provides homely food.\nCheck: FCRIT Navi Mumbai Hostel\nQues. Can I be employed during my course at FCRIT?\nAns. No. FCRIT offers full-time degree and diploma courses. The candidates will not be able to have part-time jobs.\nQues. Does FCRIT offer lateral entry courses?\nAns. Yes, a candidate can directly join the B.Tech and Diploma course directly in 2nd year. Tabulated below are the details for the same:\nQues. Is FCRIT a good college to pursue M. Tech?\nAns. FCRIT is a really good college to pursue M.Tech. The Institute provides world class infrastructure and experienced faculty. The college has laboratories and has an impressive placement record. Therefore, for anyone who wants to pursue BCA, FCRIT is a great option.\nQues. Does FCRIT Navi Mumbai provide scholarships?\nAns. Yes, FCRIT provides scholarships to the students based on their merit and need."
    },
    "FR. C. Rodrigues Institute of Technology Important Dates": [
        {
            "Event": "MHT CET 2023 Registration Window",
            "Date": "to be notified"
        },
        {
            "Event": "MHT CET 2023 Registration Window (with Late Fee)",
            "Date": "to be notified"
        },
        {
            "Event": "MHT CET 2023 Exam Date",
            "Date": "April 16- April 30, 2024 & May 02, 2024"
        }
    ],
    "FR. C. Rodrigues Institute of Technology Courses and Fees": [
        {
            "Course": "B.E",
            "Specialization": "Computer Engineering, Electrical Engineering, Electronics & Telecommunication Engineering, Mechanical Engineering, Information Technology",
            "Eligibility": "Passed 10+2 with 50% marks in science stream",
            "Selection Criteria": "JEE Main, MHT CET"
        },
        {
            "Course": "B.E {Lateral}",
            "Specialization": "Computer Engineering, Electrical Engineering, Electronics & Telecommunication Engineering, Mechanical Engineering, Information Technology",
            "Eligibility": "Passed Diploma in Engineering"
        },
        {
            "Course": "M.E",
            "Specialization": "Mechanical Engineering (Machine Design), Electrical Engineering (Power Electronics & Drives)",
            "Eligibility": "Passed B.Tech. degree in relevant subject.",
            "Selection Criteria": ""
        },
        {
            "Course": "Ph.D",
            "Specialization": "Mechanical Engineering, Electrical Engineering and Electronics & Telecommunication Engineering",
            "Eligibility": "Passed Post Graduation in relevant subjects.",
            "Selection Criteria": "PET"
        }
    ],
    "FR. C. Rodrigues Institute of Technology Placement": [],
    "FR. C. Rodrigues Institute of Technology Cutoff 2023 (Expected)": [
        {
            "Courses": "2022"
        },
        {
            "Courses": "Computer Science & Engineering",
            "Cutoff by Score (MHT CET)": "96.47"
        },
        {
            "Courses": "Mechanical Engineering",
            "Cutoff by Score (MHT CET)": "68.57"
        },
        {
            "Courses": "Electrical Engineering",
            "Cutoff by Score (MHT CET)": "74.51"
        },
        {
            "Courses": "Information Technology",
            "Cutoff by Score (MHT CET)": "95.45"
        },
        {
            "Courses": "Electronics & Telecommunication Engineering",
            "Cutoff by Score (MHT CET)": "88.54"
        }
    ],
    "FCRIT Fees & Eligibility": [
        {
            "Course": "BE5  Courses",
            "Fees": "₹1.65 Lakhs (1st Year Fees)",
            "Eligibility": "10+2 with 50%",
            "Application Date": "16 Jan - 28 Jul 2024",
            "Action": "Apply Now"
        },
        {
            "Course": "BE {Lateral}5  Courses",
            "Fees": "₹1.65 Lakhs (1st Year Fees)",
            "Eligibility": "10+3",
            "Application Date": "16 Jan - 28 Jul 2024",
            "Action": "Apply Now"
        },
        {
            "Course": "ME2  Courses",
            "Fees": "₹80,000 (1st Year Fees)",
            "Eligibility": "Pass in Graduation",
            "Application Date": "9 July - 29 Jul 2024",
            "Action": "Apply Now"
        },
        {
            "Course": "Ph.D3  Courses",
            "Fees": "₹1.19 Lakhs (1st Year Fees)",
            "Eligibility": "Post Graduation",
            "Application Date": "-",
            "Action": "Apply Now"
        }
    ],
    "Important Events": [
        {
            "Events": "JEE Main 2025 Registration (Session - 1)",
            "Dates": "TentativeNov 01, 2024 - Dec 04, 2024"
        },
        {
            "Events": "JEE Main 2025 Admit Card (Session - 1)",
            "Dates": "TentativeJan 17, 2025"
        },
        {
            "Events": "JEE Main 2025 Exam Date (Session - 1)",
            "Dates": "TentativeJan 24, 2025 - Jan 31, 2025"
        },
        {
            "Events": "JEE Main 2025 Result (Session - 1)",
            "Dates": "TentativeFeb 13, 2025"
        },
        {
            "Events": "MHT CET Registration Timeline",
            "Dates": "TentativeJan 16, 2025 - Mar 15, 2025"
        },
        {
            "Events": "MHT CET (PCB) Admit Card Date",
            "Dates": "TentativeApr 13, 2025"
        }
    ],
    "Expired Events": [
        {
            "Events": "Display of Final Merit List (CAP R-1) [BE/B.Tech]",
            "Dates": "Aug 06, 2024"
        },
        {
            "Events": "Submission of Grievances, If Any (CAP R-1) [BE/B.Tech]",
            "Dates": "Aug 01, 2024 - Aug 03, 2024"
        },
        {
            "Events": "Display of Provisional Merit List (CAP R-1) [BE/B.Tech]",
            "Dates": "Jul 31, 2024"
        }
    ],
    "FCRIT, MHT CET Cutoff 2024": [
        {
            "Courses": "BE Computer Engineering",
            "Round 1": "97.39",
            "Round 2": "97.34",
            "Round 3": "97.12"
        },
        {
            "Courses": "BE (Information Technology)",
            "Round 1": "96.92",
            "Round 2": "97.01",
            "Round 3": "-"
        },
        {
            "Courses": "BE Electronics & Telecom Engineering",
            "Round 1": "93.1",
            "Round 2": "94.03",
            "Round 3": "92.73"
        }
    ],
    "faqs": [
        {
            "question": "Does FCRIT provide hostel facilities?",
            "answer": "Ans.Yes, FCRIT provides separate accommodations for boys and girls. There are air conditioned and non-air conditioned classrooms. The hostels have a capacity of 800 students. The hostel has a mess facility which provides homely food.Check:FCRIT Navi Mumbai Hostel"
        },
        {
            "question": "Can I be employed during my course at FCRIT?",
            "answer": "Ans.No. FCRIT offers full-time degree and diploma courses. The candidates will not be able to have part-time jobs."
        },
        {
            "question": "Does FCRIT offer lateral entry courses?",
            "answer": "Ans.Yes, a candidate can directly join the B.Tech and Diploma course directly in 2nd year. Tabulated below are the details for the same:"
        },
        {
            "question": "Is FCRIT a good college to pursue M. Tech?",
            "answer": "Ans.FCRIT is a really good college to pursue M.Tech. The Institute provides world class infrastructure and experienced faculty. The college has laboratories and has an impressive placement record. Therefore, for anyone who wants to pursue BCA, FCRIT is a great option."
        },
        {
            "question": "Does FCRIT Navi Mumbai provide scholarships?",
            "answer": "Ans.Yes, FCRIT provides scholarships to the students based on their merit and need."
        }
    ]
}