{
    "title": "Agni College of Technology: Admission 2024, Cutoff, Courses, Fees, Placements",
    "meta_description": "Agni College of Technology Admission 2024 is open for B.Tech courses through TNEA Counselling. Check latest updates and news on Agni College of Technology Admission 2024, Cutoff, Courses, Fees, Placement, Rankings, Official Website",
    "keywords": "Agni College of Technology, Agni College of Technology Admission 2024, Agni College of Technology Cutoff 2024, Agni College of Technology Official Website, Agni College of Technology Placement, Agni College of Technology Admission Dates, Agni College of Technology Rankings, Agni College of Technology Courses, Agni College of Technology Fees, Agni College of Technology AddressAgni College of Technology details, Agni College of Technology contact, Agni College of Technology reviews, Agni College of Technology updates",
    "basic_info": [
        {
            "name": "ACT Highlights",
            "description": []
        },
        {
            "name": "ACT Important Dates",
            "description": []
        },
        {
            "name": "ACT Courses",
            "description": [
                "Agni College of Technology offers Undergraduate, Postgraduate, and Doctoral programs in Engineering. Given below are details of the same:"
            ]
        },
        {
            "name": "ACT Admission",
            "description": [
                "Agni College of Technology gives admission to students on the basis of marks obtained in the qualifying and entrance exams.",
                "Read More: Agni College of Technology Admission"
            ]
        },
        {
            "name": "ACT Placements",
            "description": [
                "The placement cell of Agni College of Technology prepares students for the industry by grooming them through various programs and improving their skills. The cell conducts presentations, Pre-Placement Talks, Written Tests, and Mock Interviews, etc. The majority of the recruitments at Agni College of Technology are from BYJU’s, IEQS Groups, and TATA Consultancy Services. From the recent placements of 2018-19,",
                "Top Recruiters: Infosys, HCL, TATA Consultancy Services, HSBC, Wipro, Cognizant, BYJU’s, Justdial, IBM, IDBI Bank, Capgemini, NSIC, GlobalSoft, 8KMiles, Systech, Vijay Raja, JBM, Big Bazaar, Bharti AXA, etc."
            ]
        },
        {
            "name": "Highlights from Past Placements",
            "description": [
                "Read More: Agni College of Technology Placement"
            ]
        },
        {
            "name": "ACT Faculty",
            "description": [
                "Agni College of Technology has a total of 161 faculty members, out of which:",
                "Read More: Agni College of Technology Faculty"
            ]
        },
        {
            "name": "ACT Departments",
            "description": []
        },
        {
            "name": "ACT Professional Tie-Up’s",
            "description": []
        },
        {
            "name": "ACT Research Publications",
            "description": []
        },
        {
            "name": "ACT Facilities",
            "description": []
        }
    ],
    "Section": {
        "name": "About Agni College of Technology",
        "description": "Agni College of Technology (ACT), Chennai, best Anna University affiliated Engineering College in Chennai, is ranked 38th out of 540 colleges in Tamil Nadu. The college has recently placed 188 students in top recruiting companies like Tata Consultancy Services, Health Watch Telediagnostics Pvt. Ltd., CSS Corp. Pvt. Ltd., Sutherland Global, IEQS, and Future General Total Insurance. The average salary package offered at ACT Chennai is INR 3 LPA and the highest salary package offered is up to INR 12 LPA.\nAgni College of Technology, Chennai offers B.E. and B.Tech to Undergraduate, M.E., and M.Tech to Postgraduate, and PhD degrees to research students with various specializations in the streams of Engineering. ACT gives admission to students on the basis of merits in the qualifying exams and entrance exam scores. The cut off for admission falls around 4696-6970 for the TNEA.\nRead More: Agni College of Technology Cut off\nTable of Content\nAgni College of Technology offers Undergraduate, Postgraduate, and Doctoral programs in Engineering. Given below are details of the same:\nAgni College of Technology gives admission to students on the basis of marks obtained in the qualifying and entrance exams.\nRead More: Agni College of Technology Admission\nThe placement cell of Agni College of Technology prepares students for the industry by grooming them through various programs and improving their skills. The cell conducts presentations, Pre-Placement Talks, Written Tests, and Mock Interviews, etc. The majority of the recruitments at Agni College of Technology are from BYJU’s, IEQS Groups, and TATA Consultancy Services. From the recent placements of 2018-19,\n\nTop Recruiters: Infosys, HCL, TATA Consultancy Services, HSBC, Wipro, Cognizant, BYJU’s, Justdial, IBM, IDBI Bank, Capgemini, NSIC, GlobalSoft, 8KMiles, Systech, Vijay Raja, JBM, Big Bazaar, Bharti AXA, etc.\nRead More: Agni College of Technology Placement\nAgni College of Technology has a total of 161 faculty members, out of which:\nRead More: Agni College of Technology Faculty\nDepartment of Computer Science & Engineering\nDepartment of Electronics & Communication Engineering\nDepartment of Electrical & Electronics Engineering\nDepartment of Mechanical Engineering\nDepartment of Civil Engineering\nDepartment of Information Technology\nDepartment of Biomedical Engineering\nDepartment of Computer Application\nDepartment of Business Administration\nHewlett Packard (HP)\nFragrhen Academy\nCADD Centre\nOptimal Location and Proximity distance of municipal solid waste collection bin using GIS: A Case study of Coimbatore city\nEstimation of Age through Fingerprints Using Wavelet Transform and Singular Value Decomposition\nCompression of Satellite Images Using Lossy and Lossless Coding Techniques\nAnalysis, Modeling, and Simulation of Perturb and Observed Based MPPT for a Solar Photovoltaic Panel"
    },
    "About Agni College of Technology": [],
    "ACT Courses": [
        {
            "Course": "B.E",
            "Detail": "Specializations: Aerospace, Civil, Computer Science, Electrical and Electronics, Electronics and Communication, Mechanical, Mechatronics, and Mechanical and Automation.\nDuration: 4 years"
        },
        {
            "Course": "B.Tech",
            "Detail": "Specializations: Chemical and Information Technology.\nDuration: 4 years"
        },
        {
            "Course": "M.E.",
            "Detail": "Specializations: Computer Science, Communication Systems, Power Electronics and Drives, and Structural.\nDuration: 2 years"
        },
        {
            "Course": "Ph.D.",
            "Detail": "Subjects: Electrical & Electronics Engineering Electronics and Communication Engineering."
        }
    ],
    "ACT Placements": [
        {
            "Year": "2015-16",
            "No. of Students Graduated": "UG: 334\n\t\t\tPG: 21",
            "No. of Students Placed": "UG: 310\n\t\t\tPG: 14",
            "Median Salary": "UG: INR 2,10,000\n\t\t\tPG: INR 2,20,000"
        },
        {
            "Year": "2016-17",
            "No. of Students Graduated": "UG: 312\n\t\t\tPG: 13",
            "No. of Students Placed": "UG: 293\n\t\t\tPG: 11",
            "Median Salary": "UG: INR 2,16,000\n\t\t\tPG: INR 2,16,000"
        },
        {
            "Year": "2017-18",
            "No. of Students Graduated": "UG: 402\n\t\t\tPG: 13",
            "No. of Students Placed": "UG: 369\n\t\t\tPG: 10",
            "Median Salary": "UG: INR 2,16,000\n\t\t\tPG: INR 2,16,000"
        }
    ],
    "ACT Facilities": [],
    "Agni College of Technology Fees & Eligibility": [
        {
            "Course": "B.Tech3  Courses",
            "Fees": "₹55,000 (1st Year Fees)",
            "Eligibility": "10+2 with 50% + TNEA",
            "Application Date": "6 May - 11 Jun 2024",
            "Action": "Apply Now"
        },
        {
            "Course": "BE9  Courses",
            "Fees": "₹55,000 (1st Year Fees)",
            "Eligibility": "10+2 with 50% + TNEA",
            "Application Date": "6 May - 11 Jun 2024",
            "Action": "Apply Now"
        },
        {
            "Course": "ME6  Courses",
            "Fees": "₹30,000 (1st Year Fees)",
            "Eligibility": "Bachelor of Engineering",
            "Application Date": "15 Apr - 14 May 2024",
            "Action": "Apply Now"
        }
    ],
    "Expired Events": [
        {
            "Events": "Release of Provisional Allotment for Upward Opted Candidates (TNEA Round 2) [BE/B.Tech]",
            "Dates": "Aug 23, 2024"
        },
        {
            "Events": "Reporting at College (TNEA Round 2) [BE/B.Tech]",
            "Dates": "Aug 15, 2024 - Aug 20, 2024"
        },
        {
            "Events": "Reporting at TFC for Upward Opted Candidates (TNEA Round 2) [BE/B.Tech]",
            "Dates": "Aug 15, 2024 - Aug 20, 2024"
        }
    ],
    "Agni College of Technology, TNEA Cutoff 2023": [
        {
            "Courses": "BE Computer Science and Engineering",
            "Round 1": "9771",
            "Round 2": "71163",
            "Round 3": "-"
        },
        {
            "Courses": "BE Biomedical Engineering",
            "Round 1": "18468",
            "Round 2": "54952",
            "Round 3": "109082"
        },
        {
            "Courses": "B.Tech Artificial Intelligence and Data Science",
            "Round 1": "20560",
            "Round 2": "70605",
            "Round 3": "-"
        }
    ],
    "faqs": []
}