{
    "title": "AISSMS Institute of Information Technology: Admission 2024, Cutoff, Courses, Fees, Placements, Rankings",
    "meta_description": "AISSMS Institute of Information Technology Admission 2024 is open for various degree programs based on MHT CET entrance exams and Maharashtra CAP Counselling. Check latest updates and news on AISSMS Institute of Information TechnologyAdmission 2024, Cutoff, Courses, Fees, Eligibility, and Admission Process",
    "keywords": "AISSMS Institute of Information Technology AISSMS Institute of Information Technology Admission 2024, AISSMS Institute of Information Technology B.Tech Admission 2024, AISSMS Institute of Information Technology Cutoff 2024, AISSMS Institute of Information Technology Courses Admission 2024, AISSMS Institute of Information Technology Cutoff, AISSMS Institute of Information Technology Fees, AISSMS Institute of Information Technology Admission Cutoff 2024, How much rank to get admission in AISSMS Institute of Information Technology, AISSMS Institute of Information Technology Admission Updates",
    "basic_info": [
        {
            "name": "AISSMS Institute of Information Technology Quick Facts",
            "description": []
        },
        {
            "name": "AISSMS Institute of Information Technology Rankings",
            "description": []
        },
        {
            "name": "AISSMS Institute of Information Technology Courses",
            "description": [
                "AISSMS Institute of Information Technology offers UG and PG courses in the field of Engineering and Technology. Tabulated below are the details regarding the same:",
                "Check: AISSMS Institute of Information Technology Pune Courses and Fees"
            ]
        },
        {
            "name": "AISSMS Institute of Information Technology Placement",
            "description": [
                "The T&P cell of AISSMS Institute of Information Technology motivates and guides students to explore the domains of various career opportunities, entrepreneurship and enhance functional skills by providing industrial training, industry associated projects & enhancing employability skills by honing aptitude skills, communication skills, GD & PI skills. The placement cell is dedicated to identify probable employers & conduct campus interviews. The AISSMS Institute of Information Technology invites experts from industries to guide the students on latest technology, expectations from industries and different career options. T&P cell also acts as an information source for opportunities in higher education and their qualifying examinations such as GATE, CAT, GRE etc. It has over 300 placement recruitment drive every year."
            ]
        },
        {
            "name": "AISSMS Institute of Information Technology Scholarship",
            "description": [
                "AISSMS Institute of Information Technology ensures that no student has to leave their education in between due to the lack of finances. The Institute extends scholarships and financial assistance to the meritorious students based on their academic achievements and performance. It offers a number of scholarships and financial aid to the deserving students.",
                "SC/ST/OBC/SBC/VJ/NT Freeships & Scholarships",
                "It also offers a number of scholarships. The name of the scholarship are as follows:"
            ]
        },
        {
            "name": "AISSMS Institute of Information Technology Facilities",
            "description": []
        },
        {
            "name": "AISSMS Institute of Information Technology Faculty",
            "description": [
                "The faculty at AISSMS Institute of Information Technology are highly qualified and experienced professionals. The faculty members are renowned academicians in their area of expertise. The total number of faculty at AISSMS Institute of Information Technology is 25 and the number of faculty out of which 5 members are PhD holders.",
                "Check: AISSMS Institute of Information Technology Pune Faculty"
            ]
        },
        {
            "name": "AISSMS Institute of Information Technology FAQs",
            "description": []
        }
    ],
    "Section": {
        "name": "About AISSMS Institute of Information Technology",
        "description": "AISSMS Institute of Information Technology, Pune was established in the year 1992, is affiliated to SPPU, Pune and is approved by AICTE. The institute offers undergraduate and postgraduate courses in the field of Engineering and Technology. Admission to AISSMS Institute of Information Technology is done on the basis of JEE Main/MHT CET/ GATE scores. In addition to this, the institute has a dedicated Training and Placement cell that provides 100% placement assistance to the students. Some of the top recruiters are TCS, Oracle, Accenture, L & T, Wipro, SKF, Godrej, Tech Mahindra, Emerson, etc. Check: AISSMS Institute of Information Technology Pune Cutoff\nTable of Content\nAISSMS Institute of Information Technology offers UG and PG courses in the field of Engineering and Technology. Tabulated below are the details regarding the same:\nCheck: AISSMS Institute of Information Technology Pune Courses and Fees\nThe T&P cell of AISSMS Institute of Information Technology motivates and guides students to explore the domains of various career opportunities, entrepreneurship and enhance functional skills by providing industrial training, industry associated projects & enhancing employability skills by honing aptitude skills, communication skills, GD & PI skills. The placement cell is dedicated to identify probable employers & conduct campus interviews. The AISSMS Institute of Information Technology invites experts from industries to guide the students on latest technology, expectations from industries and different career options. T&P cell also acts as an information source for opportunities in higher education and their qualifying examinations such as GATE, CAT, GRE etc. It has over 300 placement recruitment drive every year.\nAISSMS Institute of Information Technology ensures that no student has to leave their education in between due to the lack of finances. The Institute extends scholarships and financial assistance to the meritorious students based on their academic achievements and performance. It offers a number of scholarships and financial aid to the deserving students.\nSC/ST/OBC/SBC/VJ/NT Freeships & Scholarships\nIt also offers a number of scholarships. The name of the scholarship are as follows:\nThe faculty at AISSMS Institute of Information Technology are highly qualified and experienced professionals. The faculty members are renowned academicians in their area of expertise. The total number of faculty at AISSMS Institute of Information Technology is 25 and the number of faculty out of which 5 members are PhD holders.\nCheck: AISSMS Institute of Information Technology Pune Faculty\nQues. Are part time courses offered by AISSMS Institute of Information Technology?\nAns. No, part-time courses are not offered in AISSMS Institute of Information Technology. The institute only offers full-time courses.\nQues. I am 20 years old. Can I apply for M.E at AISSMS Institute of Information Technology?\nAns. No, you are not eligible to apply for the M.E course. The candidate needs to be at least 21 years of age to apply for admission to the course.\nQues. Does AISSMS Institute of Information Technology provide hostel facilities?\nAns. Yes, AISSMS Institute of Information Technology provides hostel facilities for the students. It provides separate hostels for boys and girls and are equipped with all basic amenities.\nQues. What is the intake for B.E courses offered at AISSMS Institute of Information Technology?\nAns. The intake for different departments of B.E. varies. Mentioned below are the details regarding the same:"
    },
    "AISSMS Institute of Information Technology Courses": [
        {
            "Courses": "BE",
            "Details": "Duration: 4 years\n\t\t\tEligibility: 10+2 or equivalent examination with minimum 50% aggregate marks (45% for reserved category) with Physics and Mathematics as compulsory subjects with Chemistry/ Biotechnology/Biology/ Technical Vocational Subjects",
            "Selection Criteria": "JEE Main/ MHT CET"
        },
        {
            "Courses": "BE (Lateral)",
            "Details": "Duration: 3 years\n\t\t\tEligibility: Diploma in the relevant branch with minimum 45% aggregate marks (40% for reserved category)",
            "Selection Criteria": "Merit-based"
        },
        {
            "Courses": "M.E",
            "Details": "Duration: 2 years\n\t\t\tEligibility: Bachelor of Engineering degree in the relevant field",
            "Selection Criteria": "GATE"
        },
        {
            "Courses": "Ph.D.",
            "Details": "Duration: 3 years\n\t\t\tEligibility: M.Tech in the relevant branch",
            "Selection Criteria": "Merit-based"
        }
    ],
    "AISSMS Institute of Information Technology Scholarship": [
        {
            "Category": "SC",
            "Freeship": "No income limit (Tuition + Exam + development)",
            "Scholarship": "Income less than 2.5 Lakhs (Tuition + Exam + Development + Hostel + Maintenance)"
        },
        {
            "Category": "ST",
            "Freeship": "No income limit (Tuition + Exam + Development)",
            "Scholarship": "Income less than 2.5 Lakhs (Tuition + Exam + Hostel + Maintenance)"
        },
        {
            "Category": "OBC",
            "Freeship": "Income less than 8 Lakhs (50% Tuition Fee + Exam)",
            "Scholarship": "Income less than 1 Lakh (50% Tuition Fee + Exam + Maintenance + Hostel)"
        },
        {
            "Category": "SBC",
            "Freeship": "Income less than 8 Lakhs (Tuition Fee + Exam)",
            "Scholarship": "Income less than 1 Lakh (Tuition Fee + Exam + Maintenance + Hostel)"
        },
        {
            "Category": "VJ/NT",
            "Freeship": "Income less than 8 Lakhs (Tuition Fee + Exam)",
            "Scholarship": "Income less than 1 Lakh (Tuition Fee + Exam + Maintenance + Hostel)"
        }
    ],
    "AISSMS Institute of Information Technology FAQs": [
        {
            "Specializations": "Artificial Intelligence and Data Science",
            "Seat Intake": "120"
        },
        {
            "Specializations": "Computer Engineering",
            "Seat Intake": "60"
        },
        {
            "Specializations": "Electronics & Telecommunication"
        },
        {
            "Specializations": "Electrical Engineering"
        },
        {
            "Specializations": "Instrumentation Engineering"
        },
        {
            "Specializations": "Information Technology"
        }
    ],
    "AISSMS Institute of Information Technology Fees & Eligibility": [
        {
            "Course": "B.Tech6  Courses",
            "Fees": "₹1.2 Lakhs (1st Year Fees)",
            "Eligibility": "10+2",
            "Application Date": "16 Jan - 28 Jul 2024",
            "Action": "Apply Now"
        },
        {
            "Course": "B.Tech {Lateral}6  Courses",
            "Fees": "₹1.2 Lakhs (1st Year Fees)",
            "Eligibility": "Diploma",
            "Application Date": "16 Jan - 28 Jul 2024",
            "Action": "Apply Now"
        },
        {
            "Course": "M.E2  Courses",
            "Fees": "₹56,863 (1st Year Fees)",
            "Eligibility": "Graduation",
            "Application Date": "9 July - 29 Jul 2024",
            "Action": "Apply Now"
        }
    ],
    "Important Events": [
        {
            "Events": "JEE Main 2025 Registration (Session - 1)",
            "Dates": "TentativeNov 01, 2024 - Dec 04, 2024"
        },
        {
            "Events": "JEE Main 2025 Admit Card (Session - 1)",
            "Dates": "TentativeJan 17, 2025"
        },
        {
            "Events": "JEE Main 2025 Exam Date (Session - 1)",
            "Dates": "TentativeJan 24, 2025 - Jan 31, 2025"
        },
        {
            "Events": "JEE Main 2025 Result (Session - 1)",
            "Dates": "TentativeFeb 13, 2025"
        },
        {
            "Events": "MHT CET Registration Timeline",
            "Dates": "TentativeJan 16, 2025 - Mar 15, 2025"
        },
        {
            "Events": "MHT CET (PCB) Admit Card Date",
            "Dates": "TentativeApr 13, 2025"
        }
    ],
    "Expired Events": [
        {
            "Events": "Display of Final Merit List (CAP R-1) [BE/B.Tech]",
            "Dates": "Aug 06, 2024"
        },
        {
            "Events": "Submission of Grievances, If Any (CAP R-1) [BE/B.Tech]",
            "Dates": "Aug 01, 2024 - Aug 03, 2024"
        },
        {
            "Events": "Display of Provisional Merit List (CAP R-1) [BE/B.Tech]",
            "Dates": "Jul 31, 2024"
        }
    ],
    "AISSMS Institute of Information Technology, MHT CET Cutoff 2024": [
        {
            "Courses": "B.Tech Computer Engineering",
            "Round 1": "96.8156011"
        },
        {
            "Courses": "B.Tech Information Technology",
            "Round 1": "96.2756986"
        },
        {
            "Courses": "B.Tech Artificial Intelligence and Data Science",
            "Round 1": "95.6350031"
        }
    ],
    "faqs": [
        {
            "question": "Are part time courses offered by AISSMS Institute of Information Technology?",
            "answer": "Ans.No, part-time courses are not offered in AISSMS Institute of Information Technology. The institute only offers full-time courses."
        },
        {
            "question": "I am 20 years old. Can I apply for M.E at AISSMS Institute of Information Technology?",
            "answer": "Ans.No, you are not eligible to apply for the M.E course. The candidate needs to be at least 21 years of age to apply for admission to the course."
        },
        {
            "question": "Does AISSMS Institute of Information Technology provide hostel facilities?",
            "answer": "Ans.Yes, AISSMS Institute of Information Technology provides hostel facilities for the students. It provides separate hostels for boys and girls and are equipped with all basic amenities."
        },
        {
            "question": "What is the intake for B.E courses offered at AISSMS Institute of Information Technology?",
            "answer": "Ans.The intake for different departments of B.E. varies. Mentioned below are the details regarding the same:SpecializationsSeat IntakeArtificial Intelligence and Data Science120Computer Engineering60Electronics & TelecommunicationElectrical EngineeringInstrumentation EngineeringInformation Technology"
        }
    ]
}