{
    "title": "AISSMS College of Engineering: Admission 2024, Cutoff, Courses, Fees, Placements, Rankings",
    "meta_description": "AISSMS College of Engineering Admission 2024 is open for various degree programs based on MHT CET entrance exams and Maharashtra CAP Counselling. Check latest updates and news on AISSMS College of EngineeringAdmission 2024, Cutoff, Courses, Fees, Eligibility, and Admission Process",
    "keywords": "AISSMS College of Engineering AISSMS College of Engineering Admission 2024, AISSMS College of Engineering B.Tech Admission 2024, AISSMS College of Engineering Cutoff 2024, AISSMS College of Engineering Courses Admission 2024, AISSMS College of Engineering Cutoff, AISSMS College of Engineering Fees, AISSMS College of Engineering Admission Cutoff 2024, How much rank to get admission in AISSMS College of Engineering, AISSMS College of Engineering Admission Updates",
    "basic_info": [
        {
            "name": "AISSMS COE Highlights",
            "description": []
        },
        {
            "name": "AISSMS COE Key Facts",
            "description": []
        },
        {
            "name": "AISSMS COE Awards & Recognitions",
            "description": []
        },
        {
            "name": "AISSMS COE Department",
            "description": []
        },
        {
            "name": "AISSMS COE Courses",
            "description": [
                "All India Shri Shivaji Memorial Society College of Engineering (AISSMS) offers various courses in the streams of Engineering. Given below are the intake capacity of both Undergraduate (BE) and Postgraduate (ME) courses:",
                "Read More: AISSMS College of Engineering Fee Structure"
            ]
        },
        {
            "name": "AISSMS COE Admission",
            "description": [
                "The admission to AISSMS College of Engineering is both online as well as offline. Applicants can download the application form online and submit it upon completion at the college office to complete the application process.",
                "Applicants are selected entirely based on merit in the qualifying examination and their performance in the entrance examination. The college offers seat reservation for applicants belonging to OBC/ SC/ ST/ NT/ VJ/ SBC/ J&K.",
                "Read More: AISSMS College of Engineering Admission"
            ]
        },
        {
            "name": "AISSMS COE Placements",
            "description": [
                "All India Shri Shivaji Memorial Society College of Engineering (AISSMS) assists its students to get placed in major companies. It has over 300 placement recruitment drive every year."
            ]
        },
        {
            "name": "AISSMS COE Facilities",
            "description": []
        },
        {
            "name": "",
            "description": []
        },
        {
            "name": "AISSMS COE FAQs",
            "description": []
        }
    ],
    "Section": {
        "name": "About AISSMSCOE",
        "description": "All India Shri Shivaji Memorial Society College of Engineering (AISSMS COE), was established in the year 1992 and is approved by AICTE, Delhi. The institution is founded by Chhatrapati Shri Shahu Maharaj of Kolhapur and is recognized under section 2(f) and 12(B) by UGC. It is recognized by the Government of Maharashtra and affiliated to the Savitribai Phule Pune University (SPPU), Pune. It is the first Institute to be accredited with A+ grade by NAAC (3.27 CGPA) in the first cycle. The College within a short span has established itself as one of the best Engineering Colleges in Maharashtra and also in India.\nAISSMS College of Engineering received the “Best Professional College” Award in Urban Category by Savitribai Phule Pune University (SPPU), Pune. AISSMS COE offers BE, ME, Ph.D. courses to students applying at the college, admission to which is both merit and entrance based. The cut-off for BE admissions ranges between 95-106. In addition to this, the placement cell of the institute is growing every year. The majority of students placed in the years 2017, 2018, and 2019 are 301, 310, and 325 respectively. The major recruiters of the college are Godrej, IBM, TATA Consultancy Services, L’Oreal, Castrol, ICICI Bank, etc.\nRead More: AISSMS College of Engineering Cut-off\nTable of Content\nAll India Shri Shivaji Memorial Society College of Engineering (AISSMS) offers various courses in the streams of Engineering. Given below are the intake capacity of both Undergraduate (BE) and Postgraduate (ME) courses:\nRead More: AISSMS College of Engineering Fee Structure\nThe admission to AISSMS College of Engineering is both online as well as offline. Applicants can download the application form online and submit it upon completion at the college office to complete the application process.\nApplicants are selected entirely based on merit in the qualifying examination and their performance in the entrance examination. The college offers seat reservation for applicants belonging to OBC/ SC/ ST/ NT/ VJ/ SBC/ J&K.\nRead More: AISSMS College of Engineering Admission\nAll India Shri Shivaji Memorial Society College of Engineering (AISSMS) assists its students to get placed in major companies. It has over 300 placement recruitment drive every year.\nLibrary\nThe Library has 35928 print books and 15195 Ebooks. Total 91 National level print journals and 1016 international e-journals are subscribed from various databases like Science Direct, IEEE, ASME, ASCE and McGraw-Hill.\nHostel\nEvery year AISSMSCOE conducts the following events in College Campus:-\nQues. How are the placements of All India Shri Shivaji Memorial College?\nAns. The placement rate of AISSMS is increasing year by year. The highest package is offered at INR 8 LPA and the average package is offered at INR 4.5 LPA. The previous three-year records of the college shows an increment in the no. of students placed:\nStudents are given Pre- Placement training to improve their skills in Aptitude tests, English communication, Group discussion, and Personal interviews. The training package has been developed in coordination with industry experts for imparting English communication skills. Some of the experts from various industries are called for soft skills training for BE batch. Experts from various industries are invited to deliver Seminars on higher studies and career guidance for students.\nRead More: AISSMS College of Engineering Placement\nQues. Are sandwich courses good?\nAns. Mechanical and Production Sandwich Courses of All India Shri Shivaji Memorial provide an opportunity for students to interact with industry professionals and conduct training in reputed companies like TATA Motors, Thermax, SKF Bearing, JCB, John Deere, Volkswagen, etc. The training period starts in the second semester of 3rd-year and the first semester of the final year. The duration of each training period is 6 months.\nSandwich courses of 4-year duration also include one-year inplant training and the degree is awarded by the Savitribai Phule Pune University.\nQues. Who to contact for placement-related queries?\nAns. Dr. A. V. Waghmare is the head of the training and placement department. Students may contact him via mail or phone. Given below are the details for the same:"
    },
    "AISSMS COE Highlights": [],
    "AISSMS COE Courses": [
        {
            "Course": "B.E",
            "Specializations": "Computer Engineering, Mechanical Engineering, Civil Engineering, Chemical Engineering, Electrical Engineering, Electronics & Telecom Engineering, Production Engineering (Sandwich), Mechanical Engineering (Sandwich)",
            "Intake": "660"
        },
        {
            "Course": "M.E",
            "Specializations": "Civil Engineering, Electrical Engineering, Chemical Engineering, Mechanical Engineering Design, Mechanical Engineering, Artificial Intelligence and Data Science, E&TC Engineering (IoT and Sensor System)",
            "Intake": "126"
        },
        {
            "Course": "B.E (Lateral)",
            "Specializations": "Mechanical Engineering, Civil Engineering, Computer Engineering, Electrical Engineering, Electronics & Telecommunication Engineering, Chemical Engineering, Production Engineering",
            "Intake": "-"
        },
        {
            "Course": "PhD",
            "Specializations": "Chemical Engineering, Computer Engineering, Mechanical Engineering"
        }
    ],
    "AISSMS COE Placements": [],
    "AISSMS COE Facilities": [],
    "AISSMS COE FAQs": [],
    "AISSMSCOE Fees & Eligibility": [
        {
            "Course": "BE9  Courses",
            "Fees": "₹1.36 Lakhs (1st Year Fees)",
            "Eligibility": "10+2",
            "Application Date": "16 Jan - 28 Jul 2024",
            "Action": "Apply Now"
        },
        {
            "Course": "BE {Lateral}8  Courses",
            "Fees": "₹1.36 Lakhs (1st Year Fees)",
            "Eligibility": "Diploma",
            "Application Date": "16 Jan - 28 Jul 2024",
            "Action": "Apply Now"
        },
        {
            "Course": "ME6  Courses",
            "Fees": "₹95,750 (1st Year Fees)",
            "Eligibility": "Graduation",
            "Application Date": "9 July - 29 Jul 2024",
            "Action": "Apply Now"
        }
    ],
    "Important Events": [
        {
            "Events": "JEE Main 2025 Registration (Session - 1)",
            "Dates": "TentativeNov 01, 2024 - Dec 04, 2024"
        },
        {
            "Events": "JEE Main 2025 Admit Card (Session - 1)",
            "Dates": "TentativeJan 17, 2025"
        },
        {
            "Events": "JEE Main 2025 Exam Date (Session - 1)",
            "Dates": "TentativeJan 24, 2025 - Jan 31, 2025"
        },
        {
            "Events": "JEE Main 2025 Result (Session - 1)",
            "Dates": "TentativeFeb 13, 2025"
        },
        {
            "Events": "MHT CET Registration Timeline",
            "Dates": "TentativeJan 16, 2025 - Mar 15, 2025"
        },
        {
            "Events": "MHT CET (PCB) Admit Card Date",
            "Dates": "TentativeApr 13, 2025"
        }
    ],
    "Expired Events": [
        {
            "Events": "Display of Final Merit List (CAP R-1) [BE/B.Tech]",
            "Dates": "Aug 06, 2024"
        },
        {
            "Events": "Submission of Grievances, If Any (CAP R-1) [BE/B.Tech]",
            "Dates": "Aug 01, 2024 - Aug 03, 2024"
        },
        {
            "Events": "Display of Provisional Merit List (CAP R-1) [BE/B.Tech]",
            "Dates": "Jul 31, 2024"
        }
    ],
    "AISSMSCOE, MHT CET Cutoff 2024": [
        {
            "Courses": "BE Computer EngineeringCompare",
            "Round 1": "94.4356715"
        },
        {
            "Courses": "BE Electronics & Telecom EngineeringCompare",
            "Round 1": "89.778798"
        },
        {
            "Courses": "BE Robotics and AutomationCompare",
            "Round 1": "87.2784734"
        }
    ],
    "faqs": []
}