{
    "title": "Alva's Institute of Engineering and Technology Admission 2024 placement admssion cutoff ranking",
    "meta_description": "Alva's Institute of Engineering and Technology Admission 2024 is open for various degree programs based on merit in KCET, COMEDK and other entrance exams. Check the latest updates and news on Alva's Institute of Engineering and Technology Admission 2024, Cutoff, Courses, Fees, Eligibility, and Admission Process",
    "keywords": "Alva's Institute of Engineering and Technology placement, Alva's Institute of Engineering and Technology admssion, Alva's Institute of Engineering and Technology campus, Alva's Institute of Engineering and Technology results",
    "basic_info": [
        {
            "name": "Alva’s Institute of Engineering & Technology Cutoff 2024",
            "description": [
                "Alva’s Institute of Engineering & Technology COMEDK Cutoff 2024 is out. The table below shows the cutoff rank for GM (General Merit) category under Round 1."
            ]
        },
        {
            "name": "Alva’s Institute of Engineering & Technology Placements",
            "description": [
                "Placement details of 2012-13 are mentioned below:"
            ]
        },
        {
            "name": "Alva’s Institute of Engineering & Technology Extracurricular activities-",
            "description": []
        },
        {
            "name": "Alva’s Institute of Engineering & Technology Facilities",
            "description": [
                "Festivals-"
            ]
        },
        {
            "name": "Alva’s Institute of Engineering & Technology Ranking",
            "description": []
        }
    ],
    "Section": {
        "name": "About Alva's Institute of Engineering and Technology",
        "description": "Alva’s Institute of Engineering & Technology (AIET), Mangalore is a premier Engineering Institute of Alva’s Education Foundation established in the year 2008. The main aim of the AIET is to set up a centre for excellence by offering world class technical education and research opportunities of very high standards and making the students technologically the best and ethically strong.\nAlva’s Institute of Engineering & Technology COMEDK Cutoff 2024 is out. The table below shows the cutoff rank for GM (General Merit) category under Round 1.\nPlacement details of 2012-13 are mentioned below:\nName of the Company\nNumber of Students placed\nHP\n02\nWire Delta\n02\nOmnesys Technologies\n01\nAbacus Business Operations\n01\nErnst & Young\n21\nSutherland Global Services\n13\nBosch Wings Solutions Pvt Ltd\n20\nIBM\n06\nSoffel Technologies\n24\nPen Groups\n07\nAllcargo Logistics\n02\nUAE Exchange\n02\nI Wave\n01\nRobosoft\n02\nBharati Shipyard\n01\n\nFestivals-\nPublisher\nRanking\nYear\nRemark\nCareers360\nA+\n2013\nState Rank\n"
    },
    "Alva’s Institute of Engineering & Technology Cutoff 2024": [
        {
            "Course Name": "Agriculture Engineering",
            "GM": "97806"
        },
        {
            "Course Name": "Artificial Intelligence & Machine Learning",
            "GM": "99127"
        },
        {
            "Course Name": "Computer Science & Engineering (Data Science)",
            "GM": "99818"
        },
        {
            "Course Name": "Computer Science & Design",
            "GM": "102220"
        },
        {
            "Course Name": "Computer Science & Engineering",
            "GM": "72501"
        },
        {
            "Course Name": "Civil Engineering",
            "GM": "52192"
        },
        {
            "Course Name": "Electronics & Communication Engineering",
            "GM": "98313"
        },
        {
            "Course Name": "Computer Science & Engineering (IOT & Cyber Security Including Block Chain Technology)",
            "GM": "81981"
        },
        {
            "Course Name": "Information Science & Engineering",
            "GM": "99748"
        }
    ],
    "Alva's Institute of Engineering and Technology Fees & Eligibility": [
        {
            "Course": "BE12  Courses",
            "Fees": "₹45,750 - 2.06 Lakhs (1st Year Fees)",
            "Eligibility": "10+2",
            "Application Date": "24 May - 17 Jun 2024",
            "Action": "Apply Now"
        },
        {
            "Course": "BE {Lateral}5  Courses",
            "Fees": "₹3.13 Lakhs (Total Fees)",
            "Eligibility": "10+3 with 45% + DCET",
            "Application Date": "24 May - 17 Jun 2024",
            "Action": "Apply Now"
        },
        {
            "Course": "MBA4  Courses",
            "Fees": "₹1.28 Lakhs (Total Fees)",
            "Eligibility": "Graduation with 50% + CAT",
            "Application Date": "-",
            "Action": "Apply Now"
        },
        {
            "Course": "Ph.D7  Courses",
            "Fees": "₹15,000 (1st Year Fees)",
            "Eligibility": "Post Graduation",
            "Application Date": "-",
            "Action": "Apply Now"
        }
    ],
    "Important Events": [
        {
            "Events": "Karnataka PGCET Result",
            "Dates": "TentativeOct 22, 2024"
        }
    ],
    "Expired Events": [
        {
            "Events": "Karnataka PGCET Exam (ME, M.Tech & M.Arch)",
            "Dates": "Jul 13, 2024 - Jul 14, 2024"
        },
        {
            "Events": "Karnataka PGCET Admit Card",
            "Dates": "Jul 04, 2024 - Jul 14, 2024"
        },
        {
            "Events": "Karnataka PGCET Registration Timeline",
            "Dates": "May 27, 2024 - Jun 26, 2024"
        }
    ],
    "Alva's Institute of Engineering and Technology, KCET Cutoff 2023": [
        {
            "Courses": "BE Computer Science and Engineering",
            "Round 1": "35628",
            "Round 2": "37449"
        },
        {
            "Courses": "BE Information Science & Engineering",
            "Round 1": "44170",
            "Round 2": "48101"
        },
        {
            "Courses": "BE Artificial Intelligence",
            "Round 1": "46333",
            "Round 2": "49302"
        }
    ],
    "faqs": []
}