{
    "title": "Amal Jyothi College of Engineering, Kottayam",
    "meta_description": "Amal Jyothi College of Engineering - [AJCE], Kanjirappally, Kerala Application Form, Admissions, Contact, Website, Map, B.Tech, B.Tech {Lateral}, BCA + MCA . 35 Courses. Average Fees is 100500 per year.",
    "keywords": "",
    "basic_info": [],
    "Section": {
        "name": "About AJCE",
        "description": "Amal Jyothi College of Engineering, Kottayam established in 2001 under Diocese Educational Trust, Kanjirappally. It is affiliated to APJ Abdul Kalam Technological University (KTU), Kottayam. It is approved by All India Council for Technical Education (AICTE), New Delhi and accredited by National Board of Accreditation (NBA), New Delhi.\nDepartments\nDepartment of Computer Science & Engineering\nDepartment of Electronics & Communication Engineering\nDepartment of Electrical & Electronics Engineering\nDepartment of Mechanical Engineering\nDepartment of Civil Engineering\nDepartment of Chemical Engineering\nDepartment of Automobile Engineering\nDepartment of Computer Applications\nCollaboration\nUniversity of Ontario Institute of Technology (UOIT), Canada\nDeakin University, Australia\nDr. MGR University, Chennai\nFacilities\nComputer Lab\nThe institute has a state of the art computer lab with 1000 PC’s which are well equipped with latest softwares and configurations.\nCentral Library\nThe institute has fully furnished library which is spread over three floors of 30000 sq ft area. It has a separate reference section, reading room, periodical section and stack area. It has a collection of 951 titles and 32000 volumes of books. It subscribes to 106 printed national & international journals. It also has 1851 no. of audio visual CD’s.\nHostel\nAvailable for boys and girls students separately with combined accommodation capacity of 2200 students.\nSports Achievements\nThe college bagged the Overall Championship in the ‘PACE 14’ All Kerala Inter Collegiate Sports fest organized by St.Josephs college of Engineering, Pala.\nThe College Volleyball team secured the First position in the ‘PACE 14’ All Kerala Inter Collegiate Sports fest organized by St.Josephs college of Engineering, Pala.\nThe College Cricket team secured the First position in the ‘PACE 14’ All Kerala Inter Collegiate Sports Fest 14 organized by St.Josephs college of Engineering, Pala.\nThe College Table Tennis team secured the Second position in the All Kerala Inter Collegiate Invitational Table Tennis Championship 14 organized by St.Alberts College, Ernakulan.\nThe College Basketball team Participated in the All Kerala Invitational Basketball tournament 14 organized by YMCA, Nedumkunnam.\nScholarships\nAJCE Faculty Scholarships for meritorious students of all depts.\nMerit-cum-Means Student Scholarship\nAnnamma & Mathew Vattakkunnel Memorial scholarship\nLinsa Anie Abraham Memorial Scholarship\nLukes Joy Memorial Scholarship\nBalu S. Pillai Memorial Scholarship\nPG Scholarship Scheme for GATE qualified students from AICTE\nProf. Sathish John Memorial National level Engg. project contest\nScholarships to Minority Community Students\nCentral Sector Scholarships\nRev. Fr. Mathew Vadakemuriyil Memorial Scholarship\nVengal Ipe Memorial Endowment Fund\nProf K Vijayan Endowment Fund\nSilver Ordination Endowment Fund\nAutomobile Engineering Endowment Fund\nAward of Excellence from M/s Sunny Diamonds\nSaramma Ipe Memorial Endowment Fund\nDr. Placid Rodriguez Memorial Endowment Fund\nKannampuzha Lonappan and Mary Memorial Endowment Fund\nCivil Engineering Endowment Funds\nJewel of AJCE Award\nWeld Network Endowment Fund"
    },
    "AJCE Fees & Eligibility": [
        {
            "Course": "B.Tech12  Courses",
            "Fees": "₹1.01 Lakhs (1st Year Fees)",
            "Eligibility": "10+2 with 50% + KEAM",
            "Application Date": "17 Mar - 31 Jul 2024",
            "Action": "Apply Now"
        },
        {
            "Course": "B.Tech {Lateral}10  Courses",
            "Fees": "₹1.01 Lakhs (1st Year Fees)",
            "Eligibility": "Diploma",
            "Application Date": "17 Mar - 31 Jul 2024",
            "Action": "Apply Now"
        },
        {
            "Course": "M.Tech9  Courses",
            "Fees": "₹99,020 (1st Year Fees)",
            "Eligibility": "Graduation",
            "Application Date": "-",
            "Action": "Apply Now"
        },
        {
            "Course": "BCA1  Course",
            "Fees": "₹76,110 (1st Year Fees)",
            "Eligibility": "10+2",
            "Application Date": "-",
            "Action": "Apply Now"
        },
        {
            "Course": "BCA + MCA",
            "Fees": "₹76,110 (1st Year Fees)",
            "Eligibility": "10+2",
            "Application Date": "-",
            "Action": "Apply Now"
        }
    ],
    "Expired Events": [
        {
            "Events": "Fee Payment for Seat Confirmation (Phase 1) (KEAM Counselling) [BE/B.Tech]",
            "Dates": "Aug 08, 2024 - Aug 12, 2024"
        },
        {
            "Events": "Publication of Phase 1 Allotment (KEAM Counselling) [BE/B.Tech]",
            "Dates": "Aug 08, 2024"
        },
        {
            "Events": "Publication of Provisional Allotment (KEAM Counselling) [BE/B.Tech]",
            "Dates": "Aug 07, 2024"
        }
    ],
    "AJCE, KEAM Cutoff 2024": [
        {
            "Courses": "B.Tech Computer Science Engineering",
            "Round 1": "19338",
            "Round 2": "22243",
            "Round 3": "48826"
        },
        {
            "Courses": "B.Tech Artificial Intelligence and Data Science",
            "Round 1": "27971",
            "Round 2": "35613",
            "Round 3": "43363"
        },
        {
            "Courses": "B.Tech Information Technology",
            "Round 1": "36774",
            "Round 2": "47104",
            "Round 3": "46407"
        }
    ],
    "faqs": []
}