{
    "title": "Aman Bhalla Institute of Engineering and Technology - [ABIET], Pathankot - Admissions, Contact, Website, Facilities 2024-2025",
    "meta_description": "Aman Bhalla Institute of Engineering and Technology - [ABIET], Pathankot, Punjab Application Form, Admissions, Contact, Website, Map, B.Tech . 4 Courses. Average Fees is 250725 per year.",
    "keywords": "",
    "basic_info": [],
    "Section": {
        "name": "About ABIET",
        "description": "Aman Bhalla Institute of Engineering and Technology (ABIET) is a self-financed and privately managed institute run by Aman Bhalla Foundation. It was established in 2008 with the aim to provide high quality technical education to the students.\nExtracurricular: College has following clubs, student bodies that organize various extracurricular activities throughout the year-\nFacilities: Some of the facilities that are provided by the college are mentioned below-\nFee Waiver Scheme: College reserves some seats for economically weak students, women and handicapped peoples for fee waiver scheme. Following is the department wise details of such seats-\nBranch\nWomen Candidate\nEconomically Weaker\nPhysically handicapped\nCSE\n3\n2\n1\nECE\n3\n2\n1\nME\n3\n2\n1\nCivil\n3\n2\n1\nIT\n3\n2\n1\n"
    },
    "ABIET Fees & Eligibility": [
        {
            "Course": "B.Tech4  Courses",
            "Fees": "₹96,400 (1st Year Fees)",
            "Eligibility": "10+2",
            "Application Date": "24 May - 14 Jun 2024",
            "Action": "Apply Now"
        }
    ],
    "Expired Events": [
        {
            "Events": "Reporting at Allotted Institute (Round 2) [BE/B.Tech]",
            "Dates": "Jun 19, 2024 - Jun 21, 2024"
        },
        {
            "Events": "Declaration of Result (Round 2) [BE/B.Tech]",
            "Dates": "Jun 18, 2024"
        },
        {
            "Events": "Registration & Choicefilling (Round 2) [BE/B.Tech]",
            "Dates": "Jun 10, 2024 - Jun 14, 2024"
        }
    ],
    "faqs": []
}