{
    "title": "Ambala College of Engineering and Applied Research, Ambala - Admissions, Contact, Website, Facilities 2024-2025",
    "meta_description": "Ambala College of Engineering and Applied Research, Ambala, Haryana Application Form, Admissions, Contact, Website, Map, B.Tech, B.Tech {Lateral} . 12 Courses. Average Fees is 122400 per year.",
    "keywords": "",
    "basic_info": [],
    "Section": {
        "name": "About Ambala College of Engineering and Applied Research",
        "description": "Ambala College of Engineering and Applied Research (ACEAR), Ambala was established in 2002 under Shri Ram Swarup Memorial Trust. It is affiliated to Kurukshetra University, Kurukshetra. It is approved by All India Council for Technical Education (AICTE), New Delhi. It is recognised by Directorate of Technical Education (DTE), Haryana and Ministry of Human Resource & Development (MHRD), Haryana. The vision of the college is to become a source of technology and start an Incubation Centre for entrepreneurs resulting in this region developing into a vibrant industrial hub with many startup companies dealing with new technology. The mission of the college is to impart quality engineering education to students through quality teaching, hands on training, and applied research in practical and product oriented projects. The Institute is located at Devasthali, near Mithapur, 11 Km from Ambala Cantt, on the Ambala-Jagadhari Highway. The campus is spread over an area of more than 27 acres in a quiet peaceful and pollution-free environment.\nDepartment\nDepartment of Computer Science & Engineering\nDepartment of Mechanical Engineering\nDepartment of Electronics & Communication Engineering\nDepartment of Biotechnology Engineering\nDepartment of Applied Sciences & Humanities\nPlacement\nBatch 2014\nRecruiter Company\nNumber of Students\nPhoenix Maritime Pvt Ltd.\n20\nIndian Army\n01\nCitrix Systems\n03\nTCS\n01\nCTS\n05\nLarsen & Tubro Infotech\n02\nOptimus Informations\n01\nAon Hewitt\n01\nHCL Technologies\n09\nInterglobe Technologies\n01\nNIIT Technologies\n01\nOMICS Group\n02\nTelecom Network Solutions\n01\nWipro\n03\nGenpact\n02\nA Hundred Engineers Corporations Pvt Ltd.\n04\nINDOSAW\n02\nSignicent Information Solutions\n01\nTech Savvy Engineers Pvt Ltd.\n01\nJK Technosoft\n04\n\nFacilities\nConference Hall\nThe institute has 02 separate conference halls with seating capacity of 200 students and equipped with LCD projection system..\nLibrary\nThe library is spread over an area of 12000 sq. ft. and has a collection of over 23431 volumes and 5390 titles of books.\nHostel\nThe hostels facility is available for both boys and girls separately with a capacity of 250 male and 129 female residents. There are 03 hostels for boys with 52 triple seated rooms and 94 single seated rooms and 02 for girls with 25 triple seated rooms and 54 single seated rooms.\n"
    },
    "Ambala College of Engineering and Applied Research Fees & Eligibility": [
        {
            "Course": "B.Tech6  Courses",
            "Fees": "₹2.44 Lakhs (Total Fees)",
            "Eligibility": "10+2 with 75% + JEE Main",
            "Application Date": "29 May - 07 Aug 2024",
            "Action": "Apply Now"
        },
        {
            "Course": "B.Tech {Lateral}6  Courses",
            "Fees": "₹1.83 Lakhs (Total Fees)",
            "Eligibility": "10+3 with 75% + JEE Main",
            "Application Date": "29 May - 07 Aug 2024",
            "Action": "Apply Now"
        }
    ],
    "Important Events": [
        {
            "Events": "LEET 2024 Application Process",
            "Dates": "OngoingAug 01, 2024 - Aug 31, 2024"
        },
        {
            "Events": "LEET 2024 Result",
            "Dates": "UpcomingSep 05, 2024"
        },
        {
            "Events": "LEET 2024 Admit Card",
            "Dates": "TentativeOct 04, 2024"
        },
        {
            "Events": "JEE Main 2025 Registration (Session - 1)",
            "Dates": "TentativeNov 01, 2024 - Dec 04, 2024"
        },
        {
            "Events": "JEE Main 2025 Admit Card (Session - 1)",
            "Dates": "TentativeJan 17, 2025"
        },
        {
            "Events": "JEE Main 2025 Exam Date (Session - 1)",
            "Dates": "TentativeJan 24, 2025 - Jan 31, 2025"
        },
        {
            "Events": "JEE Main 2025 Result (Session - 1)",
            "Dates": "TentativeFeb 13, 2025"
        },
        {
            "Events": "JEE-Main counselling",
            "Dates": "TentativeJun 10, 2025 - Jun 18, 2025"
        }
    ],
    "Expired Events": [
        {
            "Events": "Counselling",
            "Dates": "Jul 19, 2024 - Aug 07, 2024"
        },
        {
            "Events": "Registration for fresh candidates for 2nd Online Centralized Counseling and Fee Deposition [HSTES] (B.Tech)",
            "Dates": "Aug 05, 2024 - Aug 07, 2024"
        },
        {
            "Events": "HSTES registration",
            "Dates": "May 29, 2024 - Jul 25, 2024"
        }
    ],
    "Ambala College of Engineering and Applied Research, HSTES Cutoff 2023": [
        {
            "Courses": "B.Tech (Lateral) Mechanical Engineering",
            "Round 1": "1127"
        },
        {
            "Courses": "B.Tech {Lateral} Artificial Intelligence and Machine Learning",
            "Round 1": "1203"
        },
        {
            "Courses": "B.Tech Biotechnology",
            "Round 1": "159411"
        }
    ],
    "faqs": []
}