{
    "title": "Ambalika Institute of Management and Technology: Admission 2024, Cutoff, Courses, Fees, Placement, Ranking",
    "meta_description": "Ambalika Institute of Management and Technology Admission 2024 is open for B.Tech and other degree courses based on JEE Main, NATA and CUET scores. Eligible candidates need to apply through UPTAC counselling. Check latest updates and news on Ambalika Institute of Management and TechnologyAdmission 2024, Cutoff, Courses, Fees, Placement, Ranking",
    "keywords": "Ambalika Institute of Management and Technology, Ambalika Institute of Management and Technology Admission 2024, Ambalika Institute of Management and Technology B.Tech Admission 2024, Ambalika Institute of Management and Technology Cutoff 2024, Ambalika Institute of Management and Technology Courses Admission 2024, Ambalika Institute of Management and Technology Cutoff, Ambalika Institute of Management and Technology Fees, Ambalika Institute of Management and Technology Admission Cutoff 2024, How much rank to get admission in Ambalika Institute of Management and Technology, Ambalika Institute of Management and Technology Admission Updates,Ambalika Institute of Management and Technology Placement,Ambalika Institute of Management and Technology Ranking",
    "basic_info": [
        {
            "name": "AIMT Lucknow Highlights",
            "description": [
                "The table given below shows the important highlights of the Ambalika Institute of Management and Technology:"
            ]
        },
        {
            "name": "AIMT Lucknow Courses",
            "description": [
                "The table given below highlights the popular programs of Ambalika Institute of Management and Technology Lucknow along with their eligibility criteria and fee structure:",
                "Check More: AIMT Lucknow Courses & Fees"
            ]
        },
        {
            "name": "AIMT Lucknow Admission 2024",
            "description": [
                "Ambalika Institute of Management and Technology is known for its B.Tech and MBA programs. Interested students can follow the steps given below to apply for AIMT Lucknow:"
            ]
        },
        {
            "name": "AIMT Lucknow Cutoff 2023",
            "description": [
                "AIMT Lucknow cutoff 2023 has been released by the UPTAC counselling. The institute offers admission to its UG & PG courses based on the respective entrance exam scores followed by UPTAC counselling. Given below are the Ambalika Institute of Management & Technology cutoffs 2023 for the various UG & PG programs:"
            ]
        },
        {
            "name": "AIMT Lucknow JEE Main Cutoff 2023 (Released)",
            "description": [
                "Candidates who meet the minimum JEE Main cutoff rank released by AIMT Lucknow can be admitted to the respective BTech program. The table given below shows the AIMT Lucknow BTech Round 3 JEE Mains cutoff 2023 of the general category:"
            ]
        },
        {
            "name": "AIMT Lucknow Placements 2023",
            "description": [
                "Ambalika Group of Institutions has conducted 1200+ placement drives and made more than 7000 offers so far. Some of the top recruiters are Webkul, Linkedin, VISA, Paytm, Make My Trip, Airtel, Amazon, etc. AIMT Lucknow’s highest package is INR 20 LPA for the year 2023. The table given below shows AIMT Lucknow's placement highlights as per the latest placement drive conducted in 2023:"
            ]
        },
        {
            "name": "AIMT Lucknow Scholarship",
            "description": [
                "AIMT Lucknow offers financial assistance to students in the following forms:"
            ]
        },
        {
            "name": "Bihar Student Credit Card Yojana",
            "description": [
                "AIMT Lucknow students can avail of the Bihar Student Credit Card Yojana. The students who have passed Intermediate/ Class XII from the institution that falls under the Government of Bihar are eligible to apply for this yojana. This scheme aims to provide financial assistance to economically deprived candidates. The steps are given below to apply for AIMT Lucknow admission through this scheme:"
            ]
        },
        {
            "name": "Samaj Kalyan Vibhag Scholarship",
            "description": [
                "Students who are enrolled in the AIMT Lucknow NBA accredited courses namely, B.Tech CSE and B.Tech Mechanical Engineering are eligible to apply for the Samaj Kalyan Vibhag scholarship."
            ]
        },
        {
            "name": "AIMT Lucknow Facilities",
            "description": [
                "AIMT Lucknow offers all the necessary facilities to its students. Some of them are as follows:"
            ]
        },
        {
            "name": "AIMT Lucknow Faculty",
            "description": [
                "AIMT Lucknow has more than 190 faculty members who are highly experienced and qualified in their domains. They guide students in their career paths and solve their queries."
            ]
        },
        {
            "name": "AIMT Lucknow FAQs",
            "description": [
                "Ques. What is the full form of AIMT Lucknow?",
                "Ques. Is AIMT Lucknow a private or government institute?",
                "Ques. Which university is AIMT Lucknow affiliated with?",
                "Ques. What courses are offered by AIMT Lucknow?",
                "Ques. What is the B.Tech CSE fee in AIMT Lucknow?",
                "Ques. How are the placements at AIMT Lucknow?",
                "Ques. Does AIMT Lucknow offer MBA?",
                "Ques. Does AIMT Lucknow provide scholarships?",
                "Ques. What is special about AIMT Lucknow?",
                "Ques. What is the campus area of AIMT Lucknow?"
            ]
        }
    ],
    "Section": {
        "name": "About AIMT",
        "description": "Ambalika Institute of Management and Technology (AIMT) is a private institute established in the year 2008 in Lucknow, Uttar Pradesh. The institute is affiliated with Lucknow University, Dr. APJ Abdul Kalam Technological University and BTE. AIMT Lucknow is approved by AICTE and accredited by NAAC. It offers UG, PG, Diploma and PG Diploma courses in the fields of Engineering, Technology, Management, Business Administration, etc.\nAIMT Lucknow has more than 3000 students and 190+ faculty members. The campus area is spread over an area of 200 acres. The institute offers placement opportunities to students. A total of 73 students from CSE and 10 students from MBA got placed during the recent placement drive. AIMT Lucknow’s top recruiters are TCS, Topper, Morgan Stanley, Wipro, Spark Minda, etc.\nCheck More: AIMT Lucknow Admission 2024\nTable of Content\nThe table given below shows the important highlights of the Ambalika Institute of Management and Technology:\nThe table given below highlights the popular programs of Ambalika Institute of Management and Technology Lucknow along with their eligibility criteria and fee structure:\nB.Tech\nBBA\n\nBCA\n\nB.Com\n\nM.Tech\nMBA\nDiploma\nCheck More: AIMT Lucknow Courses & Fees\nAmbalika Institute of Management and Technology is known for its B.Tech and MBA programs. Interested students can follow the steps given below to apply for AIMT Lucknow:\nAIMT Lucknow cutoff 2023 has been released by the UPTAC counselling. The institute offers admission to its UG & PG courses based on the respective entrance exam scores followed by UPTAC counselling. Given below are the Ambalika Institute of Management & Technology cutoffs 2023 for the various UG & PG programs:\nCandidates who meet the minimum JEE Main cutoff rank released by AIMT Lucknow can be admitted to the respective BTech program. The table given below shows the AIMT Lucknow BTech Round 3 JEE Mains cutoff 2023 of the general category:\nCheck More: AIMT Lucknow MBA Cutoff\nAmbalika Group of Institutions has conducted 1200+ placement drives and made more than 7000 offers so far. Some of the top recruiters are Webkul, Linkedin, VISA, Paytm, Make My Trip, Airtel, Amazon, etc. AIMT Lucknow’s highest package is INR 20 LPA for the year 2023. The table given below shows AIMT Lucknow's placement highlights as per the latest placement drive conducted in 2023:\n\nCheck More: AIMT Lucknow Placements\nAIMT Lucknow offers financial assistance to students in the following forms:\nAIMT Lucknow students can avail of the Bihar Student Credit Card Yojana. The students who have passed Intermediate/ Class XII from the institution that falls under the Government of Bihar are eligible to apply for this yojana. This scheme aims to provide financial assistance to economically deprived candidates. The steps are given below to apply for AIMT Lucknow admission through this scheme:\nStudents who are enrolled in the AIMT Lucknow NBA accredited courses namely, B.Tech CSE and B.Tech Mechanical Engineering are eligible to apply for the Samaj Kalyan Vibhag scholarship.\nAIMT Lucknow offers all the necessary facilities to its students. Some of them are as follows:\nAIMT Lucknow has more than 190 faculty members who are highly experienced and qualified in their domains. They guide students in their career paths and solve their queries.\nQues. What is the full form of AIMT Lucknow?\nAns. AIMT refers to the Ambalika Institute of Management and Technology located in Lucknow, Uttar Pradesh.\nQues. Is AIMT Lucknow a private or government institute?\nAns. AIMT Lucknow is a private institute established in 2008.\nQues. Which university is AIMT Lucknow affiliated with?\nAns. AIMT Lucknow is affiliated with Lucknow University, Dr APJ Abdul Kalam Technological University and the Board of Technical Education (BTE).\nQues. What courses are offered by AIMT Lucknow?\nAns. AIMT Lucknow offers UG, PG, Diploma and PG Diploma courses in the fields of Engineering, Technology, Management, Business Administration, etc.\nQues. What is the B.Tech CSE fee in AIMT Lucknow?\nAns. AIMT Lucknow B.Tech CSE total fee is INR 422,809.\nQues. How are the placements at AIMT Lucknow?\nAns. AIMT Lucknow offers good placement opportunities to students. A total of 73 students from CSE and 10 students from MBA got placed during the recent placement drive. AIMT Lucknow’s top recruiters are TCS, Topper, Morgan Stanley, Wipro, Spark Minda, etc. The highest package closed at INR 20 LPA for the year 2023.\nQues. Does AIMT Lucknow offer MBA?\nAns. AIMT Lucknow offers MBA under three specializations which are Marketing, Finance and Human Resource Management. The per year MBA fee is INR 211,949. The minimum eligibility to apply for the AIMT Lucknow MBA is that a candidate must have passed graduation in a relevant field from a recognized university.\nQues. Does AIMT Lucknow provide scholarships?\nAns. AIMT Lucknow offers financial assistance to students in the form of the Bihar Student Credit Card Yojana and Samaj Kalyan Vibhag scholarship.\nQues. What is special about AIMT Lucknow?\nAns. Ambalika Institute of Management & Technology is the first institute in Lucknow to have its B.Tech CSE and Mechanical programs accredited by the NBA.\nQues. What is the campus area of AIMT Lucknow?\nAns. AIMT Lucknow campus area is spread over an area of 200 acres."
    },
    "AIMT Lucknow Highlights": [
        {
            "Particulars": "Established | Type",
            "Highlights": "2008 | Private"
        },
        {
            "Particulars": "Location",
            "Highlights": "Lucknow, Uttar Pradesh"
        },
        {
            "Particulars": "Affiliation",
            "Highlights": "Dr. APJ Abdul Kalam Technological University, Lucknow University and BTE"
        },
        {
            "Particulars": "Approved By",
            "Highlights": "AICTE"
        },
        {
            "Particulars": "Accreditation",
            "Highlights": "NBA"
        },
        {
            "Particulars": "Courses Offered",
            "Highlights": "UG, PG, Diploma & PG Diploma Programs"
        },
        {
            "Particulars": "Popular Courses",
            "Highlights": "B.Tech & MBA"
        },
        {
            "Particulars": "No. of Students",
            "Highlights": "3,000+"
        },
        {
            "Particulars": "No. of Faculty",
            "Highlights": "190+"
        },
        {
            "Particulars": "Campus Area",
            "Highlights": "200 Acres"
        },
        {
            "Particulars": "No.of Patents",
            "Highlights": "5"
        },
        {
            "Particulars": "International Collaborations",
            "Highlights": "University innovation fellows,Tie up with microsoft and siemens for professional training, Tie up with mendel university, czech republic for student exchange program"
        },
        {
            "Particulars": "Centres of Excellence",
            "Highlights": "KUKA, Rapid Prototyping, ITS PLC, ACE Micromatic, Microsoft, MLAB, Siemens, Mastercam X9"
        },
        {
            "Particulars": "Email Id",
            "Highlights": "admissions@ambalika.co.in"
        },
        {
            "Particulars": "Official Website",
            "Highlights": "https://aimt.edu.in/"
        }
    ],
    "AIMT Lucknow Courses": [
        {
            "Course": "B.Tech",
            "Details": "Duration: 4 Years\nSpecializations: Computer Science, Mechanical Engineering, Civil Engineering, Biotechnology Engineering, Information Technology, Computer Science Engineering (AI & ML)",
            "Eligibility Criteria": "Passed the qualifying exam with minimum 45% marks (40% marks for SC/ST Category) in aggregate in three subjects. Also, qualifying exam should be passed without grace"
        },
        {
            "Course": "BBA",
            "Details": "Duration: 3 Years",
            "Eligibility Criteria": "The candidate must have scored 50% aggregate marks (for General and OBC) or 45% aggregate marks (for SC/ ST) in the qualifying exam based on total marks of all subjects"
        },
        {
            "Course": "BCA",
            "Details": "Duration: 3 Years",
            "Eligibility Criteria": "Passed Class 12 with 50% marks (45% for reserved categories) with Mathematics/Computer as one of the main subjects"
        },
        {
            "Course": "B.Com",
            "Details": "Duration: 3 Years",
            "Eligibility Criteria": "Intermediate or equivalent examination with commerce stream or Intermediate with economics or mathematics as one of the subjects of study. General & OBC candidates must score 40% marks (33% for SC/ST) in the qualifying exam. BA LLB – 12th or equivalent exam passed from any recognized board."
        },
        {
            "Course": "M.Tech",
            "Details": "Duration: 2 Years\nSpecializations: Industrial Automation and Robotics, CAD & CAM",
            "Eligibility Criteria": "Passed B.E./B.Tech from a recognized university"
        },
        {
            "Course": "MBA",
            "Details": "Duration: 2 Years\nSpecializations: Marketing, Finance, Human Resources",
            "Eligibility Criteria": "Passed bachelor's degree in any stream from a recognised institute/ university with a minimum of 50% aggregate (45% for SC/ ST candidates)"
        },
        {
            "Course": "Diploma",
            "Details": "Duration: 2 Years\nSpecializations: Electronics Engineering, Mechanical Production Engineering, Civil Engineering, Computer Science Engineering, Mechanical Automobile Engineering",
            "Eligibility Criteria": "Passed 10th from any Recognized Board with a minimum 35% marks"
        },
        {
            "Course": "PG Diploma",
            "Details": "Specializations: Accountancy, Mass Comm., Computer Application, Sales & Marketing Management",
            "Eligibility Criteria": "Graduate degree with minimum 50% marks in aggregate"
        }
    ],
    "AIMT Lucknow Cutoff 2023": [
        {
            "Course": "Computer Science and Engineering (Shift I)",
            "Quota": "All India",
            "Opening Rank": "242197.00",
            "Closing Rank": "242197.00"
        }
    ],
    "AIMT Lucknow Placements 2023": [
        {
            "Placement Year": "Degree",
            "2023": "Diploma"
        },
        {
            "Placement Year": "Number of Students Registered",
            "2023": "200"
        },
        {
            "Placement Year": "Number of Companies Visited",
            "2023": "20"
        },
        {
            "Placement Year": "Number of Students Placed",
            "2023": "200"
        },
        {
            "Placement Year": "Number of Offers Made",
            "2023": "300"
        },
        {
            "Placement Year": "Minimum Salary",
            "2023": "INR 2.2 LPA"
        },
        {
            "Placement Year": "Maximum Salary",
            "2023": "INR 3.2 LPA"
        },
        {
            "Placement Year": "Average Salary",
            "2023": "INR 2.8 LPA"
        },
        {
            "Placement Year": "Maximum Salary (International)",
            "2023": "-"
        },
        {
            "Placement Year": "Internship Details",
            "2023": "SCHNEIDER ELECTRIC,ASI GLASS,SPICER INDIA"
        }
    ],
    "AIMT Fees & Eligibility": [
        {
            "Course": "B.Tech7  Courses",
            "Fees": "₹1.06 Lakhs (1st Year Fees)",
            "Eligibility": "10+2 with 45%",
            "Application Date": "11 June - 30 Jul 2024",
            "Action": "Apply Now"
        },
        {
            "Course": "BCA1  Course",
            "Fees": "₹60,000 (1st Year Fees)",
            "Eligibility": "10+2 with 50%",
            "Application Date": "12 Aug 2024",
            "Action": "Apply Now"
        },
        {
            "Course": "Polytechnic5  Courses",
            "Fees": "₹44,500 (1st Year Fees)",
            "Eligibility": "10th with 35%",
            "Application Date": "-",
            "Action": "Apply Now"
        },
        {
            "Course": "MBA4  Courses",
            "Fees": "₹1.06 Lakhs (1st Year Fees)",
            "Eligibility": "Graduation with 50%",
            "Application Date": "19 June - 10 Jul 2024",
            "Action": "Apply Now"
        },
        {
            "Course": "BBA1  Course",
            "Fees": "₹60,000 (1st Year Fees)",
            "Eligibility": "10+2 with 50%",
            "Application Date": "12 Aug 2024",
            "Action": "Apply Now"
        }
    ],
    "Important Events": [
        {
            "Events": "JEE Main 2025 Registration (Session - 1)",
            "Dates": "TentativeNov 01, 2024 - Dec 04, 2024"
        },
        {
            "Events": "JEE Main 2025 Admit Card (Session - 1)",
            "Dates": "TentativeJan 17, 2025"
        },
        {
            "Events": "JEE Main 2025 Exam Date (Session - 1)",
            "Dates": "TentativeJan 24, 2025 - Jan 31, 2025"
        },
        {
            "Events": "JEE Main 2025 Result (Session - 1)",
            "Dates": "TentativeFeb 13, 2025"
        },
        {
            "Events": "JEE-Main counselling",
            "Dates": "TentativeJun 10, 2025 - Jun 18, 2025"
        }
    ],
    "Expired Events": [
        {
            "Events": "UPTAC 2024 Counselling & Admission Process (Based on JEE Score) [B.Tech]",
            "Dates": "Jun 11, 2024 - Jul 30, 2024"
        },
        {
            "Events": "Round 1 choice filling",
            "Dates": "Jul 17, 2024 - Jul 21, 2024"
        },
        {
            "Events": "Choice Filling (UPTAC) [BE/B.Tech]",
            "Dates": "Jul 17, 2024 - Jul 21, 2024"
        }
    ],
    "AIMT, UPTAC Cutoff 2024": [
        {
            "Courses": "B.Tech (Lateral) Mechanical Engineering",
            "Round 1": "5650"
        },
        {
            "Courses": "B.Tech (Lateral) Computer Science & Engineering",
            "Round 1": "11309"
        },
        {
            "Courses": "MBA Human Resource Management",
            "Round 1": "13184"
        }
    ],
    "faqs": [
        {
            "question": "What is the full form of AIMT Lucknow?",
            "answer": "Ans.AIMT refers to the Ambalika Institute of Management and Technology located in Lucknow, Uttar Pradesh."
        },
        {
            "question": "Is AIMT Lucknow a private or government institute?",
            "answer": "Ans.AIMT Lucknow is a private institute established in 2008."
        },
        {
            "question": "Which university is AIMT Lucknow affiliated with?",
            "answer": "Ans.AIMT Lucknow is affiliated with Lucknow University, Dr APJ Abdul Kalam Technological University and the Board of Technical Education (BTE)."
        },
        {
            "question": "What courses are offered by AIMT Lucknow?",
            "answer": "Ans.AIMT Lucknow offers UG, PG, Diploma and PG Diploma courses in the fields of Engineering, Technology, Management, Business Administration, etc."
        },
        {
            "question": "What is the B.Tech CSE fee in AIMT Lucknow?",
            "answer": "Ans.AIMT Lucknow B.Tech CSE total fee is INR 422,809."
        },
        {
            "question": "How are the placements at AIMT Lucknow?",
            "answer": "Ans.AIMT Lucknow offers good placement opportunities to students. A total of 73 students from CSE and 10 students from MBA got placed during the recent placement drive. AIMT Lucknow’s top recruiters are TCS, Topper, Morgan Stanley, Wipro, Spark Minda, etc. The highest package closed at INR 20 LPA for the year 2023."
        },
        {
            "question": "Does AIMT Lucknow offer MBA?",
            "answer": "Ans.AIMT Lucknow offers MBA under three specializations which are Marketing, Finance and Human Resource Management. The per year MBA fee is INR 211,949. The minimum eligibility to apply for the AIMT Lucknow MBA is that a candidate must have passed graduation in a relevant field from a recognized university."
        },
        {
            "question": "Does AIMT Lucknow provide scholarships?",
            "answer": "Ans.AIMT Lucknow offers financial assistance to students in the form of the Bihar Student Credit Card Yojana and Samaj Kalyan Vibhag scholarship."
        },
        {
            "question": "What is special about AIMT Lucknow?",
            "answer": "Ans.Ambalika Institute of Management & Technology is the first institute in Lucknow to have its B.Tech CSE and Mechanical programs accredited by the NBA."
        },
        {
            "question": "What is the campus area of AIMT Lucknow?",
            "answer": "Ans.AIMT Lucknow campus area is spread over an area of 200 acres."
        }
    ]
}