{
    "title": "Amity University Patna: Admission 2024, Courses, Fees, Placements, Results",
    "meta_description": "Amity University, Patna is a private university that was established in the year 2017 by the Amity Education Group.",
    "keywords": "Amity University Patna,Amity University Patna Admission,Amity University Patna Courses,Amity University Patna Fees,Amity Patna",
    "basic_info": [
        {
            "name": "Amity University Patna Highlights",
            "description": []
        },
        {
            "name": "Amity University Patna Courses and Fees",
            "description": [
                "Amity Patna offers UG & PG courses in the field of Commerce, Arts, Engineering, Management, Law, & Computer Science/IT. To check the eligibility for Amity University Patna course admissions, aggregate percentage will be calculated on the basis of marks scored in English & three academic subjects (compulsorily including subjects of eligibility AND excluding Physical Education, Fine Arts, Performing Arts or any Vocational/ Non- Written subjects). These subjects will only be considered for their respective / select programs. Following are Amity University Patna Courses, their details, eligibility, selection criteria, and Amity University Patna fees:",
                "Read more: Amity University Patna Courses and Fees"
            ]
        },
        {
            "name": "Amity University Patna Admission 2024",
            "description": [
                "The criteria for Amity University Patna Course Admissions defers for UG and PG courses. Given below are the Amity University Patna Admission details for UG and PG programs:",
                "UG Admission:",
                "PG Admission:",
                "Application Procedure:",
                "Read more: Amity University Patna Admissions"
            ]
        },
        {
            "name": "Amity University Patna Cutoff 2024 (Expected)",
            "description": [
                "Amity Patna MBA admissions is based on any management entrance test. Given below is the Amity University NMAT Cutoff 2024 (Expected) for General Category is listed below. The overall cutoff percentile for NMAT is 65."
            ]
        },
        {
            "name": "Amity University Patna Placements 2024",
            "description": [
                "Amity University Patna is famous for its placement record and global exposure. Well-reputed companies visit the Patna campus to offer placement to the students. The institute also organizes corporate visits/ industrial visits, summer Internship program for the students through which they get excellent corporate exposure. Given below are the details of Amity University Patna Placement 2024 details:"
            ]
        },
        {
            "name": "Amity University Patna Scholarships 2024",
            "description": [
                "Amity has established India’s largest Scholarship Program and awards up to 100% scholarship to its students. The institute has offered scholarships to over 50,000 students. Given below are the Amity Patna Scholarships offered to the students based on merit. Students must note that they are eligible to apply for scholarships only till October 31, 2024.",
                "For more information on Amity University Patna Scholarship guidelines and conditions, visit: Amity University Patna Scholarships"
            ]
        },
        {
            "name": "Amity University Patna UG Scholarship",
            "description": [
                "The table given below shows the eligibility criteria and the scholarship percentage for the Amity University Patna Scholarship available for undergraduate students. For students scoring above 80% in class 12, they will be granted direct admission and will be exempted from selection process of the university. However, direct admission is not applicable for the programs of Architecture/ Design / Education / Fashion / Fine Arts / Law and Physical Education, except for Integrated Law programs, where first-year students are granted direct admission based on CLAT Score of 70 and above."
            ]
        },
        {
            "name": "Amity University Patna CUET 2024 – UG Scholarship",
            "description": [
                "Given below is the Amity Patna Scholarship for UG programs based on class 12 scores and CUET percentile. The 100% Scholarship given in the table below is not applicable to B.Pharma, B.Tech. CSE & all Bachelor programs of Psychology. Moreover, direct admission will be offered based on CUET scores of 80 and above percentile (except for B.Pharma, B.Tech. CSE, and all Bachelor's programs in Psychology)."
            ]
        },
        {
            "name": "Amity University Patna JEE 2024 – BTech Scholarship",
            "description": [
                "Tabulated below is the Amity University Patna BTech Scholarship based on JEE Main percentile. This scholarship is only for the first years and will not be continued in the further years."
            ]
        },
        {
            "name": "Amity University Patna PG Scholarship",
            "description": [
                "The table given below shows the eligibility criteria and the scholarship percentage for the Amity University Patna Scholarship available for PG students. The alumni of the institute are granted 10% fee concession, however there should not be more than 2 years of gap."
            ]
        },
        {
            "name": "Amity University Patna Sports Scholarship",
            "description": [
                "The table given below shows the eligibility criteria for availing of sports scholarship at Amity Patna. The maximum age to apply for this scholarship is 23 years as on July 1 of the year of admission and the last date to apply for Sports Scholarship is August 30, 2024. Sports Scholarship is granted based on the Selection Process, Interview & Sports Trial and the Assessment of sports certificates for last three years (As applicable)"
            ]
        },
        {
            "name": "Amity University Patna Martyr’s Scholarship",
            "description": [
                "Amity Patna Scholarship for Matryrs is given to the wards of deceased soldiers in recognition of the services rendered to the nation. The students are selected based on the scrutiny of the Scholarship committee. However, full fee has to be paid initially at the time of admission and the scholarship amount will be adjusted in the payment of next semester. This scholarship is granted on an annual basis for the first year. Continuation in second and further years of the program is subject to martyr’s guidelines / scholarship policy. Given below are the Amity University Patna Martyr’s Scholarship details:"
            ]
        },
        {
            "name": "Amity University Patna Scholarship Continuation",
            "description": []
        },
        {
            "name": "Amity University Patna Facilities",
            "description": []
        },
        {
            "name": "How To Reach Amity University Patna?",
            "description": [
                "Amity University Patna is located near Police Station, Bailey Road, Near Rupaspur, Kaliket Nagar, Patna, Bihar – 801503. It is well-connected by road and rail transport. Students can easily reach the institute via taxi or auto or other public modes of transport. Given below are the details of the different modes of transport available in close vicinity to Amity Patna:"
            ]
        },
        {
            "name": "Amity University Patna FAQs",
            "description": []
        }
    ],
    "Section": {
        "name": "About Amity University",
        "description": "Amity University Patna is a private university established 2017 by the Amity Education Group. It is located in Patna, Bihar, and is approved by UGC and BCI. The institute was granted World Record by the World Book of Records and is among the top universities in Bihar.\nAmity Patna offers Undergraduate, Postgraduate and Doctoral courses in the fields of Commerce, Computer Science, Engineering, Management, Law, English Literature & Journalism. Admission to all these courses is either based on merit of the qualifying examination or Amity University Entrance Test. Patna Amity also provides excellent placement opportunities and the highest and average packages reported in 2024 are INR 30 LPA and INR 5 LPA respectively.\nAmity University Patna has state-of-the-art infrastructure and facilities including 100 mbps WiFi at every corner, well-equipped computer labs, huge library with digital access, cctv camera coverage, audio-visual facility, AC classrooms, high-end conference hall, spacious seminar hall, printing facilities, and language lab with communication helpdesks. The institute also gives its students the opportunity to study abroad under its 5-week study abroad program in its global campuses located in London, New York, Dubai, Singapore, and Australia.\nTable of Content\n\nAmity University Patna\n+91-73-600-30061/2/3/4/5/6\nToll Free No : 18001026090\nWhatsApp No.: 7360030066\nEmail: admissions@ptn.amity.edu\nAmity Patna offers UG & PG courses in the field of Commerce, Arts, Engineering, Management, Law, & Computer Science/IT. To check the eligibility for Amity University Patna course admissions, aggregate percentage will be calculated on the basis of marks scored in English & three academic subjects (compulsorily including subjects of eligibility AND excluding Physical Education, Fine Arts, Performing Arts or any Vocational/ Non- Written subjects). These subjects will only be considered for their respective / select programs. Following are Amity University Patna Courses, their details, eligibility, selection criteria, and Amity University Patna fees:\nDuration: 3 Years\nSpecialization: Clinical Psychology\nPassed in 10+2 with at least 55% aggregate marks\nDirect Admission: Passed in 10+2 with at least 80% aggregate marks\nNon-Sponsored: INR 52,500\nSponsored: INR 79,000\nDuration: 3 Years\nPassed in 10+2 with at least 55% aggregate marks\nDirect Admission: Passed in 10+2 with at least 80% aggregate marks\nNon-Sponsored: INR 53,500\nSponsored: INR 80,500\nPassed in 10+2 with at least 55% aggregate marks\nDirect Admission: Passed in 10+2 with at least 80% aggregate marks\nNon-Sponsored: INR 53,500\nSponsored: INR 80,500\nDuration: 3 Years\nPassed in 10+2 with at least 50% aggregate marks with Maths / Computer Science / Informatics Practices / Computer Applications / Multimedia & Web Technology / Data Management Application / Web Application/ Information Technology\nDirect Admission: Passed in 10+2 with at least 80% aggregate marks\nNon-Sponsored: INR 54,000\nSponsored: INR 81,000\nPassed in 10+2 with at least 50% aggregate marks with Maths / Computer Science / Informatics Practices / Computer Applications / Multimedia & Web Technology / Data Management Application / Web Application/ Information Technology\nDirect Admission: Passed in 10+2 with at least 80% aggregate marks\nNon-Sponsored: INR 54,000\nSponsored: INR 81,000\nDuration: 4 Years\nSpecialization: Civil Engineering, Computer Science and Engineering, CSE – International, Artificial Intelligence and Machine Learning, CSE (Data Science), CSE (Internet of Things and Blockchain), CSE (Cyber Security), Electronics Engineering, VLSI Design and Technology\nPassed in 10+2 with at least 55% aggregate marks with PCM as compulsory subjects\nDirect Admission: Passed in 10+2 with at least 80% aggregate marks\nNon-Sponsored: INR 65,000 – INR 95,000\nSponsored: INR 97,500 – INR 1,42,500\nDuration: 3 Years\nSpecialization: Journalism & Mass Communication, English, Administration\nPassed in 10+2 with at least 50% aggregate marks\nDirect Admission: Passed in 10+2 with at least 80% aggregate marks\nNon-Sponsored: INR 19,000 – INR 45,000\nSponsored: INR 28,500 - INR 67,500\nDuration: 4 Years\nSpecialization: Journalism & Mass Communication, English, Administration, Business Economics\nPassed in 10+2 with at least 50% aggregate marks\nDirect Admission: Passed in 10+2 with at least 80% aggregate marks\nNon-Sponsored: INR 19,000 – INR 45,000\nSponsored: INR 28,500 - INR 67,500\nDuration: 5 Years\nNon-Sponsored: INR 70,000\nSponsored: INR 1,05,000\nDuration: 3 Years\nPassed in 10+2 with at least 50% aggregate marks\nDirect Admission: Passed in 10+2 with at least 80% aggregate marks\nNon-Sponsored: INR 83,500\nSponsored: INR 1,25,500\nPassed in 10+2 with at least 50% aggregate marks\nDirect Admission: Passed in 10+2 with at least 80% aggregate marks\nNon-Sponsored: INR 83,500\nSponsored: INR 1,25,500\nPassed in 10+2 with at least 50% aggregate marks\nDirect Admission: Passed in 10+2 with at least 80% aggregate marks\nNon-Sponsored: INR 1,10,000\nSponsored: INR 1,65,000\nNon-Sponsored: INR 63,000\nSponsored: INR 94,500\nNon-Sponsored: INR 30,000\nSponsored: INR 45,000\nNon-Sponsored: INR 30,000\nSponsored: INR 45,000\nDuration: 2 Years\nSpecializations: Journalism and Mass Communication, Public Relations and Event Management, English, Administration\nNon-Sponsored: INR 20,000 – INR 42,000\nSponsored: INR 30,000 – INR 63,000\nDuration: 2 Years\nNon-Sponsored: INR 72,500\nSponsored: INR 1,09,000\nDuration: 2 Years\nSpecializations: Computer Science and Engineering\nNon-Sponsored: INR 65,000\nSponsored: INR 97,500\nDuration: 2 Years\nMBA: Non-Sponsored: INR 1,66,500 – INR 1,94,000\nMBA International: Sponsored: INR 2,50,000 – INR 2,91,000\nDuration: 5 Years\nPassed in 10+2 with at least 50% aggregate marks with Maths / Computer Science / Informatics Practices / Computer Applications / Multimedia & Web Technology / Data Management Application / Web Application/ Information Technology\nDirect Admission: Passed in 10+2 with at least 80% aggregate marks\nNon-Sponsored: INR 49,000\nSponsored: INR 73,500\nDuration: 4.5 Years\nDuration: 1 Year\nSpecializations: Computer Science / IT\nNon-Sponsored: INR 65,000\nSponsored: INR 97,500\nDuration: 2 Years\nSpecializations: Clinical Psychology\nNon-Sponsored: INR 1,00,000\nSponsored: INR 1,50,000\nDuration: 3 Years\nSpecialization: Management\nRead more: Amity University Patna Courses and Fees\nThe criteria for Amity University Patna Course Admissions defers for UG and PG courses. Given below are the Amity University Patna Admission details for UG and PG programs:\nUG Admission:\nPG Admission:\nApplication Procedure:\nRead more: Amity University Patna Admissions\nAmity Patna MBA admissions is based on any management entrance test. Given below is the Amity University NMAT Cutoff 2024 (Expected) for General Category is listed below. The overall cutoff percentile for NMAT is 65.\n2024 (Expected)\n2022\n2021\nMBA\nAmity University Patna is famous for its placement record and global exposure. Well-reputed companies visit the Patna campus to offer placement to the students. The institute also organizes corporate visits/ industrial visits, summer Internship program for the students through which they get excellent corporate exposure. Given below are the details of Amity University Patna Placement 2024 details:\nRead more: Amity University Patna Placements\nAmity has established India’s largest Scholarship Program and awards up to 100% scholarship to its students. The institute has offered scholarships to over 50,000 students. Given below are the Amity Patna Scholarships offered to the students based on merit. Students must note that they are eligible to apply for scholarships only till October 31, 2024.\nFor more information on Amity University Patna Scholarship guidelines and conditions, visit: Amity University Patna Scholarships\nThe table given below shows the eligibility criteria and the scholarship percentage for the Amity University Patna Scholarship available for undergraduate students. For students scoring above 80% in class 12, they will be granted direct admission and will be exempted from selection process of the university. However, direct admission is not applicable for the programs of Architecture/ Design / Education / Fashion / Fine Arts / Law and Physical Education, except for Integrated Law programs, where first-year students are granted direct admission based on CLAT Score of 70 and above.\nGiven below is the Amity Patna Scholarship for UG programs based on class 12 scores and CUET percentile. The 100% Scholarship given in the table below is not applicable to B.Pharma, B.Tech. CSE & all Bachelor programs of Psychology. Moreover, direct admission will be offered based on CUET scores of 80 and above percentile (except for B.Pharma, B.Tech. CSE, and all Bachelor's programs in Psychology).\nTabulated below is the Amity University Patna BTech Scholarship based on JEE Main percentile. This scholarship is only for the first years and will not be continued in the further years.\nThe table given below shows the eligibility criteria and the scholarship percentage for the Amity University Patna Scholarship available for PG students. The alumni of the institute are granted 10% fee concession, however there should not be more than 2 years of gap.\n93% aggregate and above in CBSE / ISC / State Boards of Class XII and\n80% in Graduation\n88% aggregate and above in CBSE / ISC / State Boards of Class XII and\n75% in Graduation\nCAT - 75 percentile and above OR\nMAT Score - 500 and above OR\nGMAT Score - 500 and above\nThe table given below shows the eligibility criteria for availing of sports scholarship at Amity Patna. The maximum age to apply for this scholarship is 23 years as on July 1 of the year of admission and the last date to apply for Sports Scholarship is August 30, 2024. Sports Scholarship is granted based on the Selection Process, Interview & Sports Trial and the Assessment of sports certificates for last three years (As applicable)\nAmity Patna Scholarship for Matryrs is given to the wards of deceased soldiers in recognition of the services rendered to the nation. The students are selected based on the scrutiny of the Scholarship committee. However, full fee has to be paid initially at the time of admission and the scholarship amount will be adjusted in the payment of next semester. This scholarship is granted on an annual basis for the first year. Continuation in second and further years of the program is subject to martyr’s guidelines / scholarship policy. Given below are the Amity University Patna Martyr’s Scholarship details:\nRead more: Amity University Patna Hostel\nAmity University Patna is located near Police Station, Bailey Road, Near Rupaspur, Kaliket Nagar, Patna, Bihar – 801503. It is well-connected by road and rail transport. Students can easily reach the institute via taxi or auto or other public modes of transport. Given below are the details of the different modes of transport available in close vicinity to Amity Patna:\nQues. What is the difference between sponsored and non-sponsored Category?\nAns. Sponsored category applies to low merit category with high fees and non-sponsored is for high merit category. Changing the category depends on the Admission Committee.\nQues. Can a student apply for the UG/PG program in the absence of 10+2/Graduation final year result?\nAns. Yes, the student can apply provisionally for any course but all original mark sheets need to be submitted before the last submission date.\nQues. What are the selection criteria for Foreign & NRI/PIO/OCI candidates?\nAns. The requirements of subjects studied are same for both national and Foreign/NRI candidates\nQues. Does the institute provide scholarships?\nAns. Yes, Amity University Scholarships are offered for various UG and PG programs based on marks obtained by the candidates in the previous qualifying examination or entrance tests.\nQues. Do I need to pay any security deposit fee during admission?\nAns. Yes, you have to pay INR 20,000 as academic security deposit which is refundable at the end of the course.\nQues. What is the Amity University Patna address?\nAns. Amity University Patna is located near Rupaspur Police Station, Rupaspur, Bailey Road, Patna, Bihar. The Pin Code is 801503.\nQues. What is the Amity University Patna fee structure?\nAns. The Amity University Patna fee structure ranges between INR 50,000 to INR 1,00,000 per semester. It depends on the course you’ve enrolled in and the specialization chosen.\nQues. What is the Amity University Patna BCA fee structure?\nAns. The Amity University Patna BCA fee structure is INR 54,000 for non-sponsored candidates and INR 81,000 for sponsored candidates. Whereas, the Amity University Patna fees for integrated BCA & MCA course is INR 49,000 for non-sponsored candidates and INR 73,500 for sponsored candidates.\nQues. What is the Amity University Patna BBA fee structure?\nAns. The Amity University Patna BBA fee structure is INR 83,500 for non-sponsored candidates and INR 1,25,500 for sponsored candidates. Candidates can also get scholarships based on their class 12 percentage or CUET percentile.\nQues. What is the Amity University Patna highest package?\nAns. The Amity University Patna highest package reported in 2024 placements is INR 30 LPA, while the average package is INR 5 LPA. Some of its top recruiters include ITC Ltd, Colgate Palmolive, Nestle, Reliance Jio, IndusInd Bank, GE Transportation, Axis Bank, HDFC Bank, Asian Paints, Justdial, Berger Paints, Airtel, Marico, Zomato, Indigo and many more.\nQues. What is the Amity University Patna MBA fee?\nAns. The Amity University Patna MBA fee is INR 1,66,500 for non-sponsored candidates and INR 1,94,000 for sponsored candidates. Whereas, the MBA International fee is INR 2,50,000 for non-sponsored candidates and INR 2,91,000 for sponsored candidates.\nQues. What is the Amity University Patna fee structure for BTech?\nAns. The Amity University Patna BTech fee structure ranges between INR 65,000 to 95,000 for non-sponsored candidates and between INR 97,500 to INR 1,47,500 for sponsored candidates.\nQues. What is the Amity University Patna contact no?\nAns. Students wanting to get admission to Amity University Patna courses can contact the institute on +91-73-600-30061/2/3/4/5/6, or Toll Free No : 18001026090, or WhatsApp No.: 7360030066, or Email: admissions@ptn.amity.edu.\nQues. How to get Amity University Patna BBA admission?\nAns. Amity University Patna admission process for BBA is based on a Personal Interview, a question on English Language Skill, and a Subject Specific Question. To be eligibile for Amity University Patna BBA admissions, candidates must have passed in 10+2 with at least 50% aggregate marks. However, candidates can also get direct admission if they have passed in 10+2 with at least 80% aggregate marks.\nQues. What is the Amity University Patna hostel fees?\nAns. The Amity University Patna hostel fees is INR 1,68,000 per annum for a single AC room and INR 90,000 for a single non-AC room.\nQues. Is Patna Amity University good?\nAns. Yes, Patna Amity is a good university in terms of education and scholarships offered. Since the university is located in a central location, it is also well connected by railways and roadways. Students can also reach the institute via taxis or autorickshaws or even personal transport vehicles."
    },
    "Amity University Patna Highlights": [],
    "Amity University Patna Courses and Fees": [
        {
            "Courses": "B.Sc",
            "Details": "Duration: 3 Years\nSpecialization: Clinical Psychology",
            "Eligibility": "Passed in 10+2 with at least 55% aggregate marks\nDirect Admission: Passed in 10+2 with at least 80% aggregate marks",
            "Selection Criteria": "Personal Interview + A Question on English Language Skill + A Subject Specific Question",
            "Per Semester Fees": "Non-Sponsored: INR 52,500\nSponsored: INR 79,000"
        },
        {
            "Courses": "B.Com. (Hons.)",
            "Details": "Duration: 3 Years",
            "Eligibility": "Passed in 10+2 with at least 55% aggregate marks\nDirect Admission: Passed in 10+2 with at least 80% aggregate marks",
            "Selection Criteria": "Personal Interview + A Question on English Language Skill + A Subject Specific Question",
            "Per Semester Fees": "Non-Sponsored: INR 53,500\nSponsored: INR 80,500"
        },
        {
            "Courses": "B.Com (Hons & Research)",
            "Details": "Duration: 4 Years",
            "Eligibility": "Passed in 10+2 with at least 55% aggregate marks\nDirect Admission: Passed in 10+2 with at least 80% aggregate marks",
            "Selection Criteria": "Personal Interview + A Question on English Language Skill + A Subject Specific Question",
            "Per Semester Fees": "Non-Sponsored: INR 53,500\nSponsored: INR 80,500"
        },
        {
            "Courses": "BCA",
            "Details": "Duration:  3 Years",
            "Eligibility": "Passed in 10+2 with at least 50% aggregate marks with Maths / Computer Science / Informatics Practices / Computer Applications / Multimedia & Web Technology / Data Management Application / Web Application/ Information Technology\nDirect Admission: Passed in 10+2 with at least 80% aggregate marks",
            "Selection Criteria": "Personal Interview + A Question on English Language Skill + A Subject Specific Question",
            "Per Semester Fees": "Non-Sponsored: INR 54,000\nSponsored: INR 81,000"
        },
        {
            "Courses": "BCA (Hons & Research)",
            "Details": "Duration: 4 Years",
            "Eligibility": "Passed in 10+2 with at least 50% aggregate marks with Maths / Computer Science / Informatics Practices / Computer Applications / Multimedia & Web Technology / Data Management Application / Web Application/ Information Technology\nDirect Admission: Passed in 10+2 with at least 80% aggregate marks",
            "Selection Criteria": "Personal Interview + A Question on English Language Skill + A Subject Specific Question",
            "Per Semester Fees": "Non-Sponsored: INR 54,000\nSponsored: INR 81,000"
        },
        {
            "Courses": "B. Tech.",
            "Details": "Duration: 4 Years\nSpecialization: Civil Engineering, Computer Science and Engineering, CSE – International, Artificial Intelligence and Machine Learning, CSE (Data Science), CSE (Internet of Things and Blockchain), CSE (Cyber Security), Electronics Engineering, VLSI Design and Technology",
            "Eligibility": "Passed in 10+2 with at least 55% aggregate marks with PCM as compulsory subjects\nDirect Admission: Passed in 10+2 with at least 80% aggregate marks",
            "Selection Criteria": "Amity JEE + Personal Interview + A Question on English Language Skill + A Subject Specific Question",
            "Per Semester Fees": "Non-Sponsored: INR 65,000 – INR 95,000\nSponsored: INR 97,500 – INR 1,42,500"
        },
        {
            "Courses": "B.A",
            "Details": "Duration: 3 Years \nSpecialization: Journalism & Mass Communication, English, Administration",
            "Eligibility": "Passed in 10+2 with at least 50% aggregate marks\nDirect Admission: Passed in 10+2 with at least 80% aggregate marks",
            "Selection Criteria": "Personal Interview + A Question on English Language Skill + A Subject Specific Question",
            "Per Semester Fees": "Non-Sponsored: INR 19,000 – INR 45,000\nSponsored: INR 28,500 - INR 67,500"
        },
        {
            "Courses": "B.A (Hons with Research)",
            "Details": "Duration: 4 Years \nSpecialization: Journalism & Mass Communication, English, Administration, Business Economics",
            "Eligibility": "Passed in 10+2 with at least 50% aggregate marks\nDirect Admission: Passed in 10+2 with at least 80% aggregate marks",
            "Selection Criteria": "Personal Interview + A Question on English Language Skill + A Subject Specific Question",
            "Per Semester Fees": "Non-Sponsored: INR 19,000 – INR 45,000\nSponsored: INR 28,500 - INR 67,500"
        },
        {
            "Courses": "BA-LLB (Hons)/ BBA-LLB (Hons)",
            "Details": "Duration: 5 Years",
            "Eligibility": "Passed in 10+2 with at least 50% aggregate marks",
            "Selection Criteria": "CLAT + Personal Interview + A Question on English Language Skill + A Subject Specific Question",
            "Per Semester Fees": "Non-Sponsored: INR 70,000\nSponsored: INR 1,05,000"
        },
        {
            "Courses": "BBA",
            "Details": "Duration: 3 Years",
            "Eligibility": "Passed in 10+2 with at least 50% aggregate marks\nDirect Admission: Passed in 10+2 with at least 80% aggregate marks",
            "Selection Criteria": "Personal Interview + A Question on English Language Skill + A Subject Specific Question",
            "Per Semester Fees": "Non-Sponsored: INR 83,500\nSponsored: INR 1,25,500"
        },
        {
            "Courses": "BBA (Hons with Research)",
            "Details": "Duration: 4 Years",
            "Eligibility": "Passed in 10+2 with at least 50% aggregate marks\nDirect Admission: Passed in 10+2 with at least 80% aggregate marks",
            "Selection Criteria": "Personal Interview + A Question on English Language Skill + A Subject Specific Question",
            "Per Semester Fees": "Non-Sponsored: INR 83,500\nSponsored: INR 1,25,500"
        },
        {
            "Courses": "BBA (International)",
            "Details": "Duration: 3 Years",
            "Eligibility": "Passed in 10+2 with at least 50% aggregate marks\nDirect Admission: Passed in 10+2 with at least 80% aggregate marks",
            "Selection Criteria": "Personal Interview + A Question on English Language Skill + A Subject Specific Question",
            "Per Semester Fees": "Non-Sponsored: INR 1,10,000\nSponsored: INR 1,65,000"
        },
        {
            "Courses": "LLB",
            "Details": "Duration: 3 Years",
            "Eligibility": "Graduation min 50% aggregate marks for Non-Sponsored & min 45% aggregate marks for Sponsored category",
            "Selection Criteria": "CLAT + Personal Interview + A Question on English Language Skill + A Subject Specific Question",
            "Per Semester Fees": "Non-Sponsored: INR 63,000\nSponsored: INR 94,500"
        },
        {
            "Courses": "LLM",
            "Details": "Duration: 1 Year",
            "Eligibility": "1 Year LL.B. or equivalent with minimum 50% aggregate marks",
            "Selection Criteria": "CLAT + Personal Interview + A Question on English Language Skill + A Subject Specific Question",
            "Per Semester Fees": "Non-Sponsored: INR 30,000\nSponsored: INR 45,000"
        },
        {
            "Courses": "M.Com",
            "Details": "Duration: 2 Years",
            "Eligibility": "Passed in BBA/BCom/BA (Economics) with at least 50% aggregate marks & 10+2 with min 50% aggregate marks",
            "Selection Criteria": "Personal Interview + A Question on English Language Skill + A Subject Specific Question",
            "Per Semester Fees": "Non-Sponsored: INR 30,000\nSponsored: INR 45,000"
        },
        {
            "Courses": "M.A",
            "Details": "Duration: 2 Years\nSpecializations: Journalism and Mass Communication, Public Relations and Event Management, English, Administration",
            "Eligibility": "Passed a relevant bachelor’s degree with at least 50% aggregate marks and 10+2 with at least 50% aggregate marks",
            "Selection Criteria": "Personal Interview + A Question on English Language Skill + A Subject Specific Question",
            "Per Semester Fees": "Non-Sponsored: INR 20,000 – INR 42,000\nSponsored: INR 30,000 – INR 63,000"
        },
        {
            "Courses": "M.C.A",
            "Details": "Duration: 2 Years",
            "Eligibility": "Passed with 50% aggregate marks in BCA / B. Sc. (IT) /B.E /B. Tech or 50% aggregate marks in B.Sc. /B. Com. / B.A. with Mathematics at Graduation Level or at 10+2 level",
            "Selection Criteria": "Personal Interview + A Question on English Language Skill + A Subject Specific Question",
            "Per Semester Fees": "Non-Sponsored: INR 72,500\nSponsored: INR 1,09,000"
        },
        {
            "Courses": "MTech",
            "Details": "Duration: 2 Years\nSpecializations: Computer Science and Engineering",
            "Eligibility": "Bachelor Degree of 4 year Engg. in (CSE/IT/ECE/EEE/EE/E&TE/AI) with 60% aggregate marks or AMIE / AMIETE in (CS/IT) with 60% aggregate marks or MCA or Masters Degree in (CS/IT/Maths/ Physics/Statistics) with 60% aggregate marks AND Class XII (agg.60%) with PCM",
            "Selection Criteria": "GATE + Personal Interview + A Question on English Language Skill + A Subject Specific Question",
            "Per Semester Fees": "Non-Sponsored: INR 65,000\nSponsored: INR 97,500"
        },
        {
            "Courses": "M.B.A. / MBA International",
            "Details": "Duration: 2 Years",
            "Eligibility": "Passed a relevant bachelor’s degree with at least 50% aggregate marks and 10+2 with at least 50% aggregate marks",
            "Selection Criteria": "CMAT/ CAT/ MAT/ NMAT + Personal Interview + A Question on English Language Skill + A Subject Specific Question",
            "Per Semester Fees": "MBA: Non-Sponsored: INR 1,66,500 – INR 1,94,000\nMBA International: Sponsored: INR 2,50,000 – INR 2,91,000"
        },
        {
            "Courses": "BCA+MCA",
            "Details": "Duration: 5 Years",
            "Eligibility": "Passed in 10+2 with at least 50% aggregate marks with Maths / Computer Science / Informatics Practices / Computer Applications / Multimedia & Web Technology / Data Management Application / Web Application/ Information Technology\nDirect Admission: Passed in 10+2 with at least 80% aggregate marks",
            "Selection Criteria": "Personal Interview + A Question on English Language Skill + A Subject Specific Question",
            "Per Semester Fees": "Non-Sponsored: INR 49,000\nSponsored: INR 73,500"
        },
        {
            "Courses": "BBA+MBA",
            "Details": "Duration: 4.5 Years",
            "Eligibility": "Passed in10+2 with at least 50% aggregate marks",
            "Selection Criteria": "Personal Interview + A Question on English Language Skill + A Subject Specific Question",
            "Per Semester Fees": "NA"
        },
        {
            "Courses": "PG Diploma",
            "Details": "Duration: 1 Year\nSpecializations: Computer Science / IT",
            "Eligibility": "Passed a relevant bachelor’s degree with at least 50% aggregate marks and 10+2 with at least 50% aggregate marks",
            "Selection Criteria": "Personal Interview + A Question on English Language Skill + A Subject Specific Question",
            "Per Semester Fees": "Non-Sponsored: INR 65,000\nSponsored: INR 97,500"
        },
        {
            "Courses": "MPhil",
            "Details": "Duration: 2 Years\nSpecializations: Clinical Psychology",
            "Eligibility": "Passed a master’s degree or equivalent in Psychology with at least 55% aggregate marks",
            "Selection Criteria": "Entrance Test + Personal Interview + A Question on English Language Skill + A Subject Specific Question",
            "Per Semester Fees": "Non-Sponsored: INR 1,00,000\nSponsored: INR 1,50,000"
        },
        {
            "Courses": "PhD (Full-time & Part-time)",
            "Details": "Duration: 3 Years \nSpecialization: Management",
            "Eligibility": "Master’s degree in Management/ Commerce or other relevant disciplines with at least 55% aggregate marks",
            "Selection Criteria": "Entrance Test + Personal Interview + A Question on English Language Skill + A Subject Specific Question",
            "Per Semester Fees": "NA"
        }
    ],
    "Amity University Patna Cutoff 2024 (Expected)": [
        {
            "Courses": "MBA",
            "2024 (Expected)": "65",
            "2022": "65",
            "2021": "65"
        }
    ],
    "Amity University Patna Placements 2024": [
        {
            "Particulars": "Highest Package",
            "Placement Statistics 2024": "INR 30 LPA"
        },
        {
            "Particulars": "Average Package",
            "Placement Statistics 2024": "INR 5 LPA"
        },
        {
            "Particulars": "Top Recruiters",
            "Placement Statistics 2024": "ITC Ltd, Colgate Palmolive, Nestle, Reliance Jio, IndusInd Bank, GE Transportation, Axis Bank, HDFC Bank, Asian Paints, Justdial, Berger Paints, Airtel, Marico, Zomato, Indigo and many more"
        }
    ],
    "Amity University Patna Scholarships 2024": [
        {
            "Scholarship %": "100%",
            "Eligibility": "Wards of martyrs from Special Frontier Force, Indian Coast Guard, CRPF (Central Reserve police Force), BSF (Border Security Force), ITBP (Indo-Tibetan Border Police), CISF (Central Industrial Security Force), SSB (Sashastra Seema Bal), and State Police"
        }
    ],
    "How To Reach Amity University Patna?": [
        {
            "Modes of Transport": "Road",
            "Distance": "RPS More Bus Stop – 1.2 km",
            "Time Taken": "3 mins walk"
        },
        {
            "Modes of Transport": "Rail",
            "Distance": "Patliputra Junction Railway Station – 4.9 km",
            "Time Taken": "13 mins"
        },
        {
            "Modes of Transport": "Air",
            "Distance": "Jayprakash Narayan International Airport – 5.7 km",
            "Time Taken": "16 mins"
        }
    ],
    "Amity University Fees & Eligibility": [
        {
            "Course": "B.Tech2  Courses",
            "Fees": "₹1.3 Lakhs - 1.59 Lakhs (1st Year Fees)",
            "Eligibility": "10+2 with 55%",
            "Application Date": "-",
            "Action": "Apply Now"
        },
        {
            "Course": "BCA1  Course",
            "Fees": "₹95,000 (1st Year Fees)",
            "Eligibility": "10+2",
            "Application Date": "-",
            "Action": "Apply Now"
        },
        {
            "Course": "BA {Hons.}1  Course",
            "Fees": "₹72,000 (1st Year Fees)",
            "Eligibility": "10+2",
            "Application Date": "15 Aug 2024",
            "Action": "Apply Now"
        },
        {
            "Course": "MBA2  Courses",
            "Fees": "₹3.53 Lakhs (1st Year Fees)",
            "Eligibility": "Graduation",
            "Application Date": "15 Aug 2024",
            "Action": "Apply Now"
        },
        {
            "Course": "B.Com {Hons.}1  Course",
            "Fees": "₹95,000 (1st Year Fees)",
            "Eligibility": "10+2 with 55%",
            "Application Date": "15 Aug 2024",
            "Action": "Apply Now"
        }
    ],
    "Important Events": [
        {
            "Events": "Amity-JEE registration",
            "Dates": "TentativeFeb 14, 2025 - Apr 25, 2025"
        },
        {
            "Events": "Amity-JEE Admit Card",
            "Dates": "TentativeApr 28, 2025"
        },
        {
            "Events": "Amity-JEE exam",
            "Dates": "TentativeMay 17, 2025"
        },
        {
            "Events": "Amity-JEE results",
            "Dates": "TentativeMay 29, 2025"
        }
    ],
    "Expired Events": [
        {
            "Events": "MAT (PBT) Exam",
            "Dates": "Aug 25, 2024"
        },
        {
            "Events": "MAT (PBT) Admit Card Availability",
            "Dates": "Aug 21, 2024"
        },
        {
            "Events": "MAT (PBT) Registration Deadline",
            "Dates": "Jun 07, 2024 - Aug 18, 2024"
        }
    ],
    "Amity University, NMAT Cutoff 2023": [
        {
            "Courses": "MBA",
            "Round 1": "65"
        }
    ],
    "Amity University Patna UG Scholarship (For Programs After 10+2)": [
        {
            "Scholarship": "100% Scholarship",
            "Eligibility Criteria": "93% aggregate and above in CBSE / ISC / State Boards of Class XII and\n80% in Graduation"
        },
        {
            "Scholarship": "50% Scholarship",
            "Eligibility Criteria": "88% aggregate and above in CBSE / ISC / State Boards of Class XII and\n75% in Graduation"
        },
        {
            "Scholarship": "25% Scholarship",
            "Eligibility Criteria": "CAT - 75 percentile and above OR\nMAT Score - 500 and above OR\nGMAT Score - 500 and above"
        }
    ],
    "Amity University Patna Sports Scholarship": [
        {
            "Scholarship %": "100%",
            "Category of Players": "International Participants",
            "Criteria for Scholarship": "Fast Track Admission is given without appearing for the Sports Trial & Interview."
        },
        {
            "Scholarship %": "50%",
            "Category of Players": "National Medal winners",
            "Criteria for Scholarship": "(Gold, Silver & Bronze position only) Admission through Sports Trial & Interview"
        },
        {
            "Scholarship %": "25%",
            "Category of Players": "National Participation",
            "Criteria for Scholarship": "(Selection will be based on Sports trial & Interview in addition to Application & Assessment of Sports certificates for last three years) will be given after joining the programme"
        }
    ],
    "faqs": [
        {
            "question": "What is the difference between sponsored and non-sponsored Category?",
            "answer": "Ans.Sponsored category applies to low merit category with high fees and non-sponsored is for high merit category. Changing the category depends on the Admission Committee."
        },
        {
            "question": "Can a student apply for the UG/PG program in the absence of 10+2/Graduation final year result?",
            "answer": "Ans.Yes, the student can apply provisionally for any course but all original mark sheets need to be submitted before the last submission date."
        },
        {
            "question": "What are the selection criteria for Foreign & NRI/PIO/OCI candidates?",
            "answer": "Ans.The requirements of subjects studied are same for both national and Foreign/NRI candidates"
        },
        {
            "question": "Does the institute provide scholarships?",
            "answer": "Ans.Yes, Amity University Scholarships are offered for various UG and PG programs based on marks obtained by the candidates in the previous qualifying examination or entrance tests."
        },
        {
            "question": "Do I need to pay any security deposit fee during admission?",
            "answer": "Ans.Yes, you have to pay INR 20,000 as academic security deposit which is refundable at the end of the course."
        },
        {
            "question": "What is the Amity University Patna address?",
            "answer": "Ans.Amity University Patna is located near Rupaspur Police Station, Rupaspur, Bailey Road, Patna, Bihar. The Pin Code is 801503."
        },
        {
            "question": "What is the Amity University Patna fee structure?",
            "answer": "Ans.The Amity University Patna fee structure ranges between INR 50,000 to INR 1,00,000 per semester. It depends on the course you’ve enrolled in and the specialization chosen."
        },
        {
            "question": "What is the Amity University Patna BCA fee structure?",
            "answer": "Ans.The Amity University Patna BCA fee structure is INR 54,000 for non-sponsored candidates and INR 81,000 for sponsored candidates. Whereas, the Amity University Patna fees for integrated BCA & MCA course is INR 49,000 for non-sponsored candidates and INR 73,500 for sponsored candidates."
        },
        {
            "question": "Ques. What is the Amity University Patna BBA fee structure?",
            "answer": "Ans.The Amity University Patna BBA fee structure is INR 83,500 for non-sponsored candidates and INR 1,25,500 for sponsored candidates. Candidates can also get scholarships based on their class 12 percentage or CUET percentile."
        },
        {
            "question": "What is the Amity University Patna highest package?",
            "answer": "Ans.The Amity University Patna highest package reported in 2024 placements is INR 30 LPA, while the average package is INR 5 LPA. Some of its top recruiters include ITC Ltd, Colgate Palmolive, Nestle, Reliance Jio, IndusInd Bank, GE Transportation, Axis Bank, HDFC Bank, Asian Paints, Justdial, Berger Paints, Airtel, Marico, Zomato, Indigo and many more."
        },
        {
            "question": "What is the Amity University Patna MBA fee?",
            "answer": "Ans.The Amity University Patna MBA fee is INR 1,66,500 for non-sponsored candidates and INR 1,94,000 for sponsored candidates. Whereas, the MBA International fee is INR 2,50,000 for non-sponsored candidates and INR 2,91,000 for sponsored candidates."
        },
        {
            "question": "What is the Amity University Patna fee structure for BTech?",
            "answer": "Ans.The Amity University Patna BTech fee structure ranges between INR 65,000 to 95,000 for non-sponsored candidates and between INR 97,500 to INR 1,47,500 for sponsored candidates."
        },
        {
            "question": "What is the Amity University Patna contact no?",
            "answer": "Ans.Students wanting to get admission to Amity University Patna courses can contact the institute on+91-73-600-30061/2/3/4/5/6, or Toll Free No : 18001026090, or WhatsApp No.: 7360030066, or Email: admissions@ptn.amity.edu."
        },
        {
            "question": "How to get Amity University Patna BBA admission?",
            "answer": "Ans.Amity University Patna admission process for BBA is based on a Personal Interview, a question on English Language Skill, and a Subject Specific Question. To be eligibile for Amity University Patna BBA admissions, candidates must have passed in 10+2 with at least 50% aggregate marks. However, candidates can also get direct admission if they have passed in 10+2 with at least 80% aggregate marks.Ques. What is the Amity University Patna hostel fees?Ans.The Amity University Patna hostel fees is INR 1,68,000 per annum for a single AC room and INR 90,000 for a single non-AC room.Ques. Is Patna Amity University good?Ans.Yes, Patna Amity is a good university in terms of education and scholarships offered. Since the university is located in a central location, it is also well connected by railways and roadways. Students can also reach the institute via taxis or autorickshaws or even personal transport vehicles."
        },
        {
            "question": "What is the Amity University Patna hostel fees?",
            "answer": "Ans.The Amity University Patna hostel fees is INR 1,68,000 per annum for a single AC room and INR 90,000 for a single non-AC room."
        },
        {
            "question": "Is Patna Amity University good?",
            "answer": "Ans.Yes, Patna Amity is a good university in terms of education and scholarships offered. Since the university is located in a central location, it is also well connected by railways and roadways. Students can also reach the institute via taxis or autorickshaws or even personal transport vehicles."
        }
    ]
}