{
    "title": "Amity University Noida: Admission 2024 (Open), Fees, Courses, Placements",
    "meta_description": "Amity University admission 2024-25 is open. Amity University Noida is ranked 35th in India under NIRF Rankings 2023.",
    "keywords": "Amity University Noida, Amity University Noida admission 2024, Amity University Noida admission dates, Amity University Noida courses, Amity University Noida fees, Amity University Noida ranking, Amity University Noida scholarships, Amity University Noida facilities, Amity University Noida placements, Amity University Noida cutoff, Amity University Noida alumni, Amity University Noida faculty, Amity University Noida partnerships",
    "basic_info": [
        {
            "name": "Amity University Noida Popular Courses",
            "description": [
                "Amity University Noida offers Undergraduate and Postgraduate courses in fields like Management, Engineering, Design, Architecture, Fine Arts, Journalism, Sciences, Commerce, etc. The university also offers Ph.D., Evening, Lateral Entry, Polytechnic, Online & Distance Learning courses. To apply for various courses at Amity Noida, candidates must satisfy the minimum eligibility criteria prescribed by the institute. Amity University also offers 3 continent programs under which students can learn from the best practical applications across three different economies. Amity University Noida is ranked “31” for Engineering and “28” for Management courses by NIRF Rankings 2023.",
                "One of the flagship course of Amity Noida is MBA and the candidate must be ready to pay a fee of INR 15.56 Lakhs. However, candidates who wish to pursue MCA, need to pay a fee of INR 5.20 Lakhs. The table below shows the Amity University Noida Courses & Fees along with their eligibility criteria, entrance exams and median package offered:"
            ]
        },
        {
            "name": "Amity University Noida Admission Process",
            "description": [
                "Amity University Noida Admission 2024 is open for all UG and PG programmes. Indian and foreign applicants can apply on the official website of the university. The application process is conducted online only and Amity University admissions usually begin in January/ February. The application fee for Amity Noida is INR 1,500 for Indian applicants.",
                "Admission to all courses at Amity University Noida is merit-based. However, for the MBA course, the university accepts entrance exam scores of MAT, CAT, XAT, NMAT, CMAT, and GMAT. Students must appear for a Personal Interview round for the final selection. However, candidates for design courses have to appear for a creative test as well before qualifying for the PI round.",
                "Admission to Amity University is categorised for Sponsored and Non-Sponsored candidates. The non-sponsored candidates are usually high-merit students who fulfil the eligibility criteria and cutoffs. On the other hand, sponsored students have low merit and their eligibility and cutoff criteria are reduced for which they are charged comparatively higher fees.",
                "Students can apply for any number of programs at Amity University Noida, but for each course, a separate application form must be submitted. Here are the steps to apply for Amity University Noida Admission:",
                "Once the application form is submitted, students can log in to the Amity University admission microsite using the form number and password issued while filling out the application form. All the updates regarding the admission process will be communicated through the microsite only.",
                "If a student is selected, a soft copy of the admission letter will be uploaded online to the microsite, hence the applicants should continuously check Amity Noida Admission Microsite for regular updates.",
                "The following documents need to be uploaded for Amity University Noida admission 2024:"
            ]
        },
        {
            "name": "Amity University Noida Cutoff 2024",
            "description": [
                "Amity Noida Cutoff depends on the course and category of the candidate. Amity University Noida MBA cutoff 2024 has been released based on merit in various national-level management exams. The candidates can visit the official website of Amity for the latest cutoffs. However, the table given below shows the Amity University cutoff for MBA Admission 2024:"
            ]
        },
        {
            "name": "Amity University Noida Placements 2024",
            "description": [
                "Amity University Noida has not released the placement report for the 2024 batch yet. As per the recent data available for Amity University Placement 2023, the highest package offered to a B.Tech student stood at INR 61.75 LPA at Amity School of Engineering & Technology. A total of 1050 companies have visited the Amity University Noida campus to hire students. More than 11,000 job offers were made during Amity University Placements 2023 in various courses like MBA, B.Tech, BCA, MCA, BBA, etc with the highest recruiter being Accenture with 3582 job offers followed by Wipro with 3268 offers.",
                "The table below shows the Amity University Noida Placements 2023 highlights:"
            ]
        },
        {
            "name": "Amity University Noida Infrastructure",
            "description": [
                "Amity University Noida campus is the most famous campus among all the other Amity University campuses because of its huge campus area of 1200 acres and hi-tech infrastructure."
            ]
        },
        {
            "name": "Amity University Noida Facilities",
            "description": [
                "Here are some of the facilities available at the Amity University campus:",
                "Apart from the facilities mentioned above, Amity University Noida has on-campus cafeterias and food courts like Cafe Coffee Day, Dosa Plaza, Subway, Domino's, Bikano, Mamma Mia and Mrs. Kaur Cookies. The university also has departmental stores, a Tekson Bookshop, stationery shops, a Salon, Laundry Facilities, etc. In addition, the university offers medical support and parking facilities."
            ]
        },
        {
            "name": "Amity University Noida Campus Events",
            "description": [
                "Students of Amity University Noida get exposure to a wide range of cultural activities as over 3000 students from 45 countries pursue higher studies at Amity University. Some of the most famous Amity University Fests are Amiphoria, Amity Youth Fest, Utsav, Sangathan, Amimun, Literature Festival, etc."
            ]
        },
        {
            "name": "Amity University Noida Guests",
            "description": [
                "Amity University Noida invites famous personalities for student interactions, fests, concerts, shows, etc. Some of the Bollywood stars who visited the campus are as follows:"
            ]
        },
        {
            "name": "Amity University Noida Student Clubs",
            "description": [
                "Amity University has a variety of clubs and committees where students can showcase their talents. It has 25 clubs, one debate and discussion forum, and four committees. Some of the clubs at Amity University Noida are as follows:"
            ]
        },
        {
            "name": "Amity University Campuses",
            "description": [
                "Amity University has 13 campuses across India. The most famous campus of Amity University is the Noida campus. Apart from the Noida campus, Amity University Campuses are located in Greater Noida, Kolkata, Ranchi, Patna, Mohali, Bengaluru, Lucknow, Jaipur, Gurgaon, Gwalior, Mumbai and Raipur. The students can take admission to any of the Amity Campus based on their preference. The table given below shows the comparison of major Amity University campuses:"
            ]
        },
        {
            "name": "Amity University Noida FAQs",
            "description": [
                "Ques. What are some of the notable accreditations and recognitions that Amity University holds?",
                "Ques. What are the various types of courses offered at Amity University Noida?",
                "Ques. What are the eligibility criteria and fees for some of the popular undergraduate and postgraduate courses offered at Amity University Noida?",
                "​Ques. What is the admission process for Amity University Noida?",
                "Ques. How does Amity University differentiate between Sponsored and Non-Sponsored candidates during the admission process?",
                "Ques. What are the steps involved in the application process for admission to Amity University Noida?",
                "Ques. What is Amity University's Noida MBA cutoff?",
                "Ques. How are the placements at Amity University Noida?",
                "Ques. What are the facilities available at the Amity University Noida campus?",
                "Ques. What additional amenities and services are available at Amity University Noida beyond academic and recreational facilities?",
                "Ques. What are some of the cultural events hosted by Amity University?",
                "Ques. Which Bollywood celebrities have visited Amity University Noida?",
                "Ques. What are some of the clubs and committees available for students at Amity University Noida?",
                "Ques. What are some key highlights of Amity University?",
                "Ques. What are the median salary packages offered for various courses at Amity University Noida?",
                "Ques. How does Amity University Noida facilitate international collaborations?",
                "Ques. What are the various scholarships offered by Amity University Noida?",
                "Ques. Who are the alumni of Amity University Noida?",
                "Ques. What departments are there under Amity University Noida?"
            ]
        }
    ],
    "Section": {
        "name": "About Amity University Noida",
        "description": "Established in 2005, Amity University Noida is Asia’s only Not-for-profit university to get US regional accreditation. Amity Noida has 9 universities, 150+ institutions & centers, 13+ international/ overseas campuses, 13 B-Schools, and 26 schools and pre-schools. Amity Noida is recognised by UGC and approved by AICTE. Amity is accredited with an “A+” Grade by NAAC. The University ranked amongst the Top 3% Universities Globally by The Higher Education. Amity University is a member of AIU, ACU and the International Association of Universities and is recognised by statutory bodies like the Ministry of HRD, DISR Ministry of Science and Technology, Distance Education Council, BCI, NCTE, COA, IET, United Nations Listing and the Central Counselling Board. The institute is certified by ISO and the UK’s Quality Assurance Agency in Higher Education.\nAmity University Noida campus is spread over an area of 1200 acres. Amity University offers more than 300 courses in a wide range of disciplines. It is ranked among the top 3% of universities globally by THE Times Higher Education and QS University Rankings.\nTable of Contents:\nAmity University Noida offers Undergraduate and Postgraduate courses in fields like Management, Engineering, Design, Architecture, Fine Arts, Journalism, Sciences, Commerce, etc. The university also offers Ph.D., Evening, Lateral Entry, Polytechnic, Online & Distance Learning courses. To apply for various courses at Amity Noida, candidates must satisfy the minimum eligibility criteria prescribed by the institute. Amity University also offers 3 continent programs under which students can learn from the best practical applications across three different economies. Amity University Noida is ranked “31” for Engineering and “28” for Management courses by NIRF Rankings 2023.\nOne of the flagship course of Amity Noida is MBA and the candidate must be ready to pay a fee of INR 15.56 Lakhs. However, candidates who wish to pursue MCA, need to pay a fee of INR 5.20 Lakhs. The table below shows the Amity University Noida Courses & Fees along with their eligibility criteria, entrance exams and median package offered:\nAmity University Noida Admission 2024 is open for all UG and PG programmes. Indian and foreign applicants can apply on the official website of the university. The application process is conducted online only and Amity University admissions usually begin in January/ February. The application fee for Amity Noida is INR 1,500 for Indian applicants.\nAdmission to all courses at Amity University Noida is merit-based. However, for the MBA course, the university accepts entrance exam scores of MAT, CAT, XAT, NMAT, CMAT, and GMAT. Students must appear for a Personal Interview round for the final selection. However, candidates for design courses have to appear for a creative test as well before qualifying for the PI round.\nAdmission to Amity University is categorised for Sponsored and Non-Sponsored candidates. The non-sponsored candidates are usually high-merit students who fulfil the eligibility criteria and cutoffs. On the other hand, sponsored students have low merit and their eligibility and cutoff criteria are reduced for which they are charged comparatively higher fees.\nStudents can apply for any number of programs at Amity University Noida, but for each course, a separate application form must be submitted. Here are the steps to apply for Amity University Noida Admission:\nOnce the application form is submitted, students can log in to the Amity University admission microsite using the form number and password issued while filling out the application form. All the updates regarding the admission process will be communicated through the microsite only.\nIf a student is selected, a soft copy of the admission letter will be uploaded online to the microsite, hence the applicants should continuously check Amity Noida Admission Microsite for regular updates.\nThe following documents need to be uploaded for Amity University Noida admission 2024:\nAmity Noida Cutoff depends on the course and category of the candidate. Amity University Noida MBA cutoff 2024 has been released based on merit in various national-level management exams. The candidates can visit the official website of Amity for the latest cutoffs. However, the table given below shows the Amity University cutoff for MBA Admission 2024:\nAmity University Noida has not released the placement report for the 2024 batch yet. As per the recent data available for Amity University Placement 2023, the highest package offered to a B.Tech student stood at INR 61.75 LPA at Amity School of Engineering & Technology. A total of 1050 companies have visited the Amity University Noida campus to hire students. More than 11,000 job offers were made during Amity University Placements 2023 in various courses like MBA, B.Tech, BCA, MCA, BBA, etc with the highest recruiter being Accenture with 3582 job offers followed by Wipro with 3268 offers.\nThe table below shows the Amity University Noida Placements 2023 highlights:\nAmity University Noida campus is the most famous campus among all the other Amity University campuses because of its huge campus area of 1200 acres and hi-tech infrastructure.\nHere are some of the facilities available at the Amity University campus:\nApart from the facilities mentioned above, Amity University Noida has on-campus cafeterias and food courts like Cafe Coffee Day, Dosa Plaza, Subway, Domino's, Bikano, Mamma Mia and Mrs. Kaur Cookies. The university also has departmental stores, a Tekson Bookshop, stationery shops, a Salon, Laundry Facilities, etc. In addition, the university offers medical support and parking facilities.\n\n\nStudents of Amity University Noida get exposure to a wide range of cultural activities as over 3000 students from 45 countries pursue higher studies at Amity University. Some of the most famous Amity University Fests are Amiphoria, Amity Youth Fest, Utsav, Sangathan, Amimun, Literature Festival, etc.\nAmity University Noida invites famous personalities for student interactions, fests, concerts, shows, etc. Some of the Bollywood stars who visited the campus are as follows:\nAmity University has a variety of clubs and committees where students can showcase their talents. It has 25 clubs, one debate and discussion forum, and four committees. Some of the clubs at Amity University Noida are as follows:\nAmity University has 13 campuses across India. The most famous campus of Amity University is the Noida campus. Apart from the Noida campus, Amity University Campuses are located in Greater Noida, Kolkata, Ranchi, Patna, Mohali, Bengaluru, Lucknow, Jaipur, Gurgaon, Gwalior, Mumbai and Raipur. The students can take admission to any of the Amity Campus based on their preference. The table given below shows the comparison of major Amity University campuses:\n\nQues. What are some of the notable accreditations and recognitions that Amity University holds?\nAns. Amity University holds several notable accreditations, recognitions, and memberships. Firstly, it is accredited with an \"A+\" Grade by the National Assessment and Accreditation Council (NAAC), showcasing its commitment to academic excellence. Moreover, it is recognized by statutory bodies such as the University Grants Commission (UGC) and approved by the All India Council for Technical Education (AICTE), ensuring the quality and legitimacy of its programs.\nFurthermore, Amity University Noida stands out as Asia's only not-for-profit university to receive regional accreditation from the United States. This accreditation adds to its global recognition and credibility. Additionally, it holds memberships in prestigious organizations including the Association of Indian Universities (AIU), the Association of Commonwealth Universities (ACU), and the International Association of Universities, further enhancing its international standing.\nIn terms of certifications, Amity University is certified by the International Organization for Standardization (ISO), ensuring that it maintains high standards in various aspects of its operations. It is also recognized by the United Kingdom's Quality Assurance Agency in Higher Education, highlighting its adherence to quality benchmarks.\nMoreover, Amity University's recognition extends to various governmental bodies such as the Ministry of Human Resource Development (HRD), the Department of Scientific and Industrial Research (DISR) under the Ministry of Science and Technology, and the Distance Education Council. Additionally, it holds approvals from regulatory bodies like the Bar Council of India (BCI), the National Council for Teacher Education (NCTE), the Council of Architecture (COA), and the Institution of Engineering and Technology (IET).\nFurthermore, its inclusion in the United Nations listing and the Central Counseling Board underscores its relevance and credibility in the educational landscape.\nQues. What are the various types of courses offered at Amity University Noida?\nAns. Amity University Noida offers a diverse range of undergraduate and postgraduate courses across multiple fields such as Management, Engineering, Architecture, Design, Journalism, Fine Arts, Sciences, Commerce, etc. Additionally, the university provides opportunities for Ph.D. studies, evening classes, lateral entry admissions, polytechnic courses, and online & distance learning programs.\nTo apply for admission to any of these courses, candidates must fulfil the minimum eligibility criteria specified by the university. These criteria may vary depending on the course and academic requirements.\nFurthermore, Amity University Noida distinguishes itself by offering unique educational opportunities through its 3-continent programs. Under these programs, students have the chance to immerse themselves in practical applications across three different economies, gaining valuable insights and experiences from diverse cultural and economic perspectives.\nQues. What are the eligibility criteria and fees for some of the popular undergraduate and postgraduate courses offered at Amity University Noida?\nAns. Amity University Noida offers a variety of undergraduate and postgraduate courses across different disciplines. Here are the details for some of the key courses:\nBachelor of Engineering (B.E.)/Bachelor of Technology (B.Tech):\nMaster of Engineering (M.E.)/Master of Technology (M.Tech):\nBachelor of Business Administration (BBA):\nBachelor of Computer Applications (BCA):\nMaster of Business Administration (MBA):\n​Ques. What is the admission process for Amity University Noida?\nAns. The admission process for undergraduate and postgraduate programmes at Amity University Noida typically begins in January or February each year and is open to both Indian and foreign applicants. Interested candidates can apply online through the official website of the university. The application process is conducted exclusively online, and there is an application fee of INR 1,500 for Indian applicants.\nAdmission to all courses at Amity University Noida is primarily merit-based. However, for the Master of Business Administration (MBA) course, the university considers entrance exam scores from MAT, CAT, XAT, NMAT, CMAT, and GMAT. Additionally, design course applicants must undergo a creative test as part of the selection process, in addition to appearing for a Personal Interview (PI) round.\nOnce candidates have submitted their applications and met the initial eligibility criteria, they may be shortlisted for further evaluation, which may include a PI round. This interview round serves as a final assessment of the candidate's suitability for admission to the respective programme.\nIn summary, the admission process at Amity University Noida involves online application submission, merit-based selection for most courses, and additional entrance exam scores and/or creative tests for specific programmes such as MBA and design courses. The final selection is based on a combination of academic merit and performance in the interview round.\nQues. How does Amity University differentiate between Sponsored and Non-Sponsored candidates during the admission process?\nAns. Amity University employs a categorization system for admission, distinguishing between Sponsored and Non-Sponsored candidates. Non-sponsored candidates typically consist of high-merit students who meet or exceed the eligibility criteria and cutoffs set by the university. These candidates are selected based on their academic achievements and performance in entrance exams or other relevant assessments.\nIn contrast, Sponsored candidates are those who may not meet the same academic standards as Non-Sponsored candidates. As a result, their eligibility criteria and cutoffs are often relaxed to accommodate their lower merit levels. However, Sponsored candidates are required to pay comparatively higher fees for their education at Amity University.\nThe distinction between Sponsored and Non-Sponsored candidates allows the university to balance its commitment to academic excellence with its aim of providing educational opportunities to a broader range of students.\nQues. What are the steps involved in the application process for admission to Amity University Noida?\nAns. The application process for admission to Amity University Noida begins with visiting the official website and clicking on the \"Apply Now 2024\" link. Upon clicking, a new window opens where applicants fill in essential details such as their name, email, mobile number, and captcha. Following this, applicants must pay the application fee of INR 1,500 and submit the form.\nOnce the form is submitted, applicants receive a form number and password which they can use to log in to the Amity University admission microsite. All updates regarding the admission process, including interview schedules and result announcements, are communicated exclusively through this microsite. If selected for admission, applicants will find a soft copy of the admission letter uploaded to the microsite.\nAdditionally, during the application process, applicants must upload scanned copies of their Class X mark sheet and a recent coloured passport-size photograph.\nQues. What is Amity University's Noida MBA cutoff?\nAns. The MBA cutoff scores for admission to Amity University Noida in 2024 have been released based on merit in various national-level management exams. For the Non-Sponsored category, the cutoff scores are as follows: MAT - 650, GMAT - 550, CMAT - 200, CAT - 85 percentile, XAT - 85 percentile, and NMAT - 250. In contrast, for the Sponsored category, the cutoff scores are slightly lower across all exams, with MAT at 600, GMAT at 500, CMAT at 150, CAT at 75 percentile, XAT at 75 percentile, and NMAT at 200. These cutoff scores indicate the minimum scores or percentiles required by candidates in each exam category to qualify for admission to the MBA program at Amity University Noida, with variations between the Non-Sponsored and Sponsored categories reflecting differences in eligibility criteria and admission standards.\nQues. How are the placements at Amity University Noida?\nAns. The placement scenario at Amity University Noida in 2023 showcased several impressive highlights. The highest package offered to a B.Tech student reached an impressive INR 61.75 LPA at the Amity School of Engineering & Technology. Furthermore, the university witnessed a substantial influx of companies visiting its campus, with a total of 1,050 companies participating in the recruitment drive. Over 11,000 job offers were extended to students across various courses. Accenture emerged as the top recruiter with 3,582 job offers, followed closely by Wipro with 3,268 offers.\nQues. What are the facilities available at the Amity University Noida campus?\nAns. Amity University Noida boasts a range of modern facilities designed to enhance the student experience. The campus features spacious and air-conditioned 430 classrooms, many of which are built in an amphitheatre style and equipped with state-of-the-art audio-visual equipment for effective lectures and presentations.\nAdditionally, the university provides 50 syndicate rooms accommodating up to 300 students, offering ideal spaces for brainstorming sessions, society meetings, and group discussions. The campus houses a large auditorium with a seating capacity exceeding 3500, serving as a venue for conferences, events, and guest lectures.\nThe central library is stocked with over 2 lakh books and provides access to 17,000 online journals, along with online learning platforms like UGC-Infonet and DELNET. Amity University Noida also prioritizes sports facilities, participating annually in a month-long mega event called Sangathan and boasting a 15-acre sports complex for various activities.\nMoreover, the campus provides comfortable accommodation facilities, with separate hostel facilities for boys and girls featuring AC residential compartments, sitting lounges, and other amenities, contributing to a conducive living and learning environment for students.\nQues. What additional amenities and services are available at Amity University Noida beyond academic and recreational facilities?\nAns. In addition to the extensive academic and recreational facilities, Amity University Noida provides a range of amenities and services to cater to the diverse needs of its students and staff. The campus features an array of on-campus cafeterias and food courts, including popular chains like Cafe Coffee Day, Dosa Plaza, Subway, Domino's, Bikano, Mamma Mia, and Mrs. Kaur Cookies, ensuring convenient access to a variety of dining options.\nMoreover, the university hosts departmental stores, a Tekson Bookshop, stationery shops, a Salon, and laundry facilities, offering essential services and resources within easy reach. Additionally, Amity University Noida prioritizes student well-being by providing medical support services and ample parking facilities, further enhancing the overall convenience and comfort of campus life.\nQues. What are some of the cultural events hosted by Amity University?\nAns. Students at Amity University Noida enjoy significant exposure to cultural diversity, with over 3000 students from 45 countries pursuing higher studies at the institution. This diverse environment provides students with valuable opportunities to interact with peers from different backgrounds, fostering cross-cultural understanding and collaboration.\nAdditionally, Amity University Noida hosts several renowned cultural events and festivals, including Amiphoria, Amity Youth Fest, Utsav, Sangathan, Amimun, and Literature Festival. These events offer platforms for students to showcase their talents, exchange cultural experiences, and celebrate diversity. Overall, the combination of cultural diversity and vibrant cultural events enriches the student experience at Amity University Noida, contributing to a dynamic and inclusive learning environment.\nQues. Which Bollywood celebrities have visited Amity University Noida?\nAns. Amity University Noida has been graced by several Bollywood celebrities who have visited the campus for various events and interactions, adding to the vibrancy of campus life. Notable personalities include Salman Khan and Sonam Kapoor, who visited for a movie promotion event. Renowned playback singer Sonu Nigam enthralled students with his performance during INBUSH, a university event. Akshay Kumar was invited to demonstrate self-defence skills, enriching students' knowledge and awareness.\nAdditionally, Bollywood singer Armaan Malik performed during the \"Amity Youth Fest,\" while Guru Randhawa entertained students at the Amity Star Night. These visits not only offer students unique entertainment opportunities but also inspire and motivate them through interactions with industry icons, contributing to the dynamic and culturally rich atmosphere of Amity University Noida.\nQues. What are some of the clubs and committees available for students at Amity University Noida?\nAns. Amity University Noida offers a diverse range of clubs and committees where students can explore their interests, hone their skills, and engage in various activities. With 25 clubs covering a wide spectrum of interests such as academics, dance, sports, seminars, poetry, gaming, programming, etc students have ample opportunities to showcase their talents and pursue their passions.\nAdditionally, the university provides a debate and discussion forum along with four committees, further facilitating intellectual discourse and organizational involvement among students. These clubs and committees play a crucial role in fostering a vibrant campus community and encouraging collaboration, creativity, and personal development among the student body at Amity University Noida.\nQues. What are some key highlights of Amity University?\nAns. Amity University, located in Noida, Uttar Pradesh, was established in 2005 as a private institution. Approved by UGC, AIU, AICTE, ACU and others, it holds accreditation with an \"A+\" grade from NAAC. In terms of rankings, Amity University secured the 57th position in the NIRF Ranking 2023 (Overall) and the 35th position in the NIRF Ranking 2023 (University category). The university offers a wide array of undergraduate, postgraduate, and doctoral courses, with its flagship programs being B.Tech and MBA. Admission criteria typically involve a combination of merit-based selection and entrance tests. Notably, the highest package offered at Amity University Noida stood at INR 61.75 LPA, highlighting its commitment to fostering academic and professional excellence among its students.\nQues. What are the median salary packages offered for various courses at Amity University Noida?\nAns. According to the NIRF Report 2023, Amity University Noida provides insights into the median salary packages offered across a range of courses. For undergraduate programs such as B.Com, B.Sc, BBA, BCA, etc. (3 years), the median salary stands at INR 4.5 LPA. Meanwhile, undergraduate programs like B.Tech, B.Des, etc. (4 years) offer a median salary of INR 5.5 LPA. The median salary for the 5-year B.Arch program is reported as INR 2.4 LPA.\nFor postgraduate programs, including M.Sc, MBA, M.Des, M.Tech, MA, etc. (2 years), the median salary is INR 5.5 LPA. Additionally, integrated programs like BBA-MBA, B.Tech-M.Tech, and BA-MA Clinical Psychology offer a median salary of INR 5 LPA.\nThese figures provide valuable insights into the earning potential across different disciplines at Amity University Noida, aiding prospective students in making informed decisions about their academic and career paths.\nQues. How does Amity University Noida facilitate international collaborations?\nAns. Amity University Noida fosters global engagement and collaboration through its extensive network of partnerships with over 100 international universities, laboratories, and research centres. These partnerships facilitate various opportunities such as student exchange programs, faculty exchange initiatives, educational tours, joint research endeavours, and curriculum development projects.\nSome prominent institutions in Amity University's partnership network include Kent State University, Purdue University, University of Texas, Carleton University, Newcastle University, University of Salford, Government of South Australia, VU University Amsterdam, University of Birmingham, etc. These collaborations enrich the academic experience at Amity University Noida by providing students and faculty with exposure to diverse perspectives, resources, and learning environments on a global scale.\nQues. What are the various scholarships offered by Amity University Noida?\nAns. Amity University Noida provides a range of scholarships to students based on their academic merit and achievements. The Scholarship-Cum-Fast Track Admission offers direct admission without the need to appear in the Admission Selection Process, along with an academic fee scholarship for the first year, determined by the candidate's merit in Class 12.\nFor B.Tech programs, scholarships are awarded based on the JEE Main Percentile, while for PG programs, scholarships are determined by the candidate's merit in both Class 12 and their Graduation Degree.\nAdditionally, the university offers Sports Scholarships to National and International Players. The continuation of scholarships is subject to annual evaluation, with further years of eligibility based on the student's merit in the last qualifying examination. These scholarship opportunities aim to support and recognize academic excellence and achievements among students at Amity University Noida.\nQues. Who are the alumni of Amity University Noida?\nAns. Amity University has a vast network of notable alumni serving their best leadership positions in the best companies and professions. Amity University has more than 1,50,000 alumni members who create great networking opportunities for its students. Given below are some of the notable alumni of Amity University:\n\n\n\n\n\n\n\n\nQues. What departments are there under Amity University Noida?\nAns. Amity University Noida has different departments that offer higher education in respective fields. The table given below shows the Amity Noida departments:"
    },
    "Amity University Noida Popular Courses": [
        {
            "Course": "B.E./ B.Tech",
            "Details": "Duration: 4 Years\nEligibility: Passed Class X & XII with 60% marks and 60% marks in PCM \nExams Accepted: CUET, Class XII Scores",
            "Total Tuition Fees": "INR 9.08 Lakhs to INR 16.52 Lakhs",
            "Median Salary": "INR 5.50 LPA"
        },
        {
            "Course": "M.E./ M.Tech",
            "Details": "Duration: 2 Years\nEligibility: Passed B.E./ B.Tech & Class XII with PCM with 60% marks in aggregate\nExams Accepted: CUET, Graduation Scores",
            "Total Tuition Fees": "INR 2.76 Lakhs to INR 3.36 Lakhs",
            "Median Salary": "INR 5.0 LPA"
        },
        {
            "Course": "BBA",
            "Details": "Duration: 3 Years\nEligibility: Passed Class XII with at least 60% marks in aggregate\nExams Accepted: CUET, Class XII Scores",
            "Total Tuition Fees": "INR 12.54 Lakhs",
            "Median Salary": "INR 4.50 LPA"
        },
        {
            "Course": "BCA",
            "Details": "Duration: 3 Years\nEligibility: Passed Class XII with 50% marks in aggregate\nExams Accepted: CUET, Class XII Scores",
            "Total Tuition Fees": "INR 6.72 Lakhs",
            "Median Salary": "INR 4.50 LPA"
        },
        {
            "Course": "MBA",
            "Details": "Duration: 2 Years\nEligibility: Passed Bachelor’s Degree in any discipline with 50% marks in aggregate\nExams Accepted: CUET, Graduation Scores, MAT, CAT, XAT, NMAT, CMAT, GMAT",
            "Total Tuition Fees": "INR 15.56 Lakhs",
            "Median Salary": "INR 5.50 LPA"
        },
        {
            "Course": "B.Des.",
            "Details": "Duration: 4 Years\nEligibility: Passed Class XII in any field with 50% marks in aggregate\nExams Accepted: CUET, Class XII Scores",
            "Total Tuition Fees": "INR 7.92 Lakhs - INR 8.80 Lakhs",
            "Median Salary": "INR 5.50 LPA"
        },
        {
            "Course": "B.Sc.",
            "Details": "Duration: 3 - 5 Years\nEligibility: Passed Class XII with 50% marks in aggregate\nExams Accepted: CUET, Class XII Scores",
            "Total Tuition Fees": "INR 3 Lakhs - INR 5.56 Lakhs",
            "Median Salary": "INR 2.40 LPA - INR 4.50 LPA"
        },
        {
            "Course": "M.Sc.",
            "Details": "Duration: 2 Years\nEligibility: Passed B.Sc with 50% marks in aggregate\nExams Accepted: CUET, Graduation Scores",
            "Total Tuition Fees": "INR 1.26 Lakhs - INR 7.50 Lakhs",
            "Median Salary": "INR 5.50 LPA"
        },
        {
            "Course": "MCA",
            "Details": "Duration: 2 Years\nEligibility: Passed 4 years Bachelor’s Degree/ BCA/ B.Sc (IT) with 50% marks in aggregate\nExams Accepted: CUET, Graduation Scores",
            "Total Tuition Fees": "INR 5.20 Lakhs",
            "Median Salary": "INR 5.50 LPA"
        },
        {
            "Course": "BA",
            "Details": "Duration: 3 Years\nEligibility: Passed 10+2 in any field with 50% marks in aggregate\nExams Accepted: CUET, Class XII Scores",
            "Total Tuition Fees": "INR 1.08 Lakhs - INR 13.20 Lakhs",
            "Median Salary": "INR 4.50 LPA"
        },
        {
            "Course": "MA",
            "Details": "Duration: 2 Years\nEligibility: Passed Bachelor’s Degree with 50% marks in aggregate in any field \nExams Accepted: CUET, Graduation Scores",
            "Total Tuition Fees": "INR 84,000 - INR 7.75 Lakhs",
            "Median Salary": "INR 5.50 LPA"
        },
        {
            "Course": "B.Com",
            "Details": "Duration: 3 Years\nEligibility: Passed Class XII in any field with 55% marks in aggregate\nExams Accepted: CUET, Class XII Scores",
            "Total Tuition Fees": "INR 6.60 Lakhs",
            "Median Salary": "INR 4.50 LPA"
        },
        {
            "Course": "M.Com",
            "Details": "Duration: 2 Years\nEligibility: Passed B.Com with 50% marks in aggregate & Class XII with at least 60% marks\nExams Accepted: CUET, Graduation Scores",
            "Total Tuition Fees": "INR 2.44 Lakhs",
            "Median Salary": "INR 5.50 LPA"
        }
    ],
    "Amity University Noida Cutoff 2024": [
        {
            "Exam": "MAT",
            "Cutoff 2024 (Non-Sponsored Category)": "650 Scores",
            "Cutoff 2024 (Sponsored Category)": "600 Scores"
        },
        {
            "Exam": "GMAT",
            "Cutoff 2024 (Non-Sponsored Category)": "550 Scores",
            "Cutoff 2024 (Sponsored Category)": "500 Scores"
        },
        {
            "Exam": "CMAT",
            "Cutoff 2024 (Non-Sponsored Category)": "200 Scores",
            "Cutoff 2024 (Sponsored Category)": "150 Scores"
        },
        {
            "Exam": "CAT",
            "Cutoff 2024 (Non-Sponsored Category)": "85 Percentile",
            "Cutoff 2024 (Sponsored Category)": "75 Percentile"
        },
        {
            "Exam": "XAT",
            "Cutoff 2024 (Non-Sponsored Category)": "85 Percentile",
            "Cutoff 2024 (Sponsored Category)": "75 Percentile"
        },
        {
            "Exam": "NMAT",
            "Cutoff 2024 (Non-Sponsored Category)": "250 Scores",
            "Cutoff 2024 (Sponsored Category)": "200 Scores"
        }
    ],
    "Amity University Noida Placements 2024": [
        {
            "Particulars": "Highest Package",
            "Placement 2023 Statistics": "INR 61.75 LPA (B.Tech.)"
        },
        {
            "Particulars": "Job Offers",
            "Placement 2023 Statistics": "11,000+"
        },
        {
            "Particulars": "Companies",
            "Placement 2023 Statistics": "1,050"
        }
    ],
    "Amity University Campuses": [
        {
            "Particulars": "Amity University Greater Noida",
            "B.Tech Total Fees": "INR 3.2 Lakhs – INR 11.76 Lakhs",
            "MBA Total Fees": "INR 8.34 Lakhs",
            "Highest Package": "INR 30 LPA",
            "CD Rating (Out of 10)": "8.2"
        },
        {
            "Particulars": "Amity University Kolkata",
            "B.Tech Total Fees": "INR 1.88 Lakhs – INR 9.36 Lakhs",
            "MBA Total Fees": "INR 8.44 Lakhs",
            "Highest Package": "INR 32.51 LPA",
            "CD Rating (Out of 10)": "8.2"
        },
        {
            "Particulars": "Amity University Gurgaon",
            "B.Tech Total Fees": "INR 7.44 Lakhs – INR 11.20 Lakhs",
            "MBA Total Fees": "INR 8.16 Lakhs",
            "Highest Package": "INR 45 LPA",
            "CD Rating (Out of 10)": "7.7"
        },
        {
            "Particulars": "Amity University Patna",
            "B.Tech Total Fees": "INR 5.2 Lakhs – INR 7.08 Lakhs",
            "MBA Total Fees": "INR 6.66 Lakhs",
            "Highest Package": "INR 50 LPA",
            "CD Rating (Out of 10)": "7.8"
        },
        {
            "Particulars": "Amity University Lucknow",
            "B.Tech Total Fees": "INR 7.52 Lakhs – INR 11.44 Lakhs",
            "MBA Total Fees": "INR 8.20 Lakhs",
            "Highest Package": "INR 15 LPA (Amity School of Hospitality Lucknow)",
            "CD Rating (Out of 10)": "8.1"
        },
        {
            "Particulars": "Amity University Jaipur",
            "B.Tech Total Fees": "INR 6.08 Lakhs – INR 9.60 Lakhs",
            "MBA Total Fees": "INR 7.00 Lakhs",
            "Highest Package": "INR 47.6 LPA",
            "CD Rating (Out of 10)": "8.1"
        },
        {
            "Particulars": "Amity University Gwalior",
            "B.Tech Total Fees": "INR 5.20 Lakhs – INR 8.32 Lakhs",
            "MBA Total Fees": "INR 6.12 Lakhs",
            "Highest Package": "INR 34.50 LPA",
            "CD Rating (Out of 10)": "8.2"
        },
        {
            "Particulars": "Amity University Mumbai",
            "B.Tech Total Fees": "INR 7.12 Lakhs – INR 11.36 Lakhs",
            "MBA Total Fees": "INR 9.44 Lakhs",
            "Highest Package": "INR 24 LPA",
            "CD Rating (Out of 10)": "8.5"
        }
    ],
    "Amity University Noida FAQs": [
        {
            "Amity University Noida Departments": "Amity Institute of Biotechnology"
        },
        {
            "Amity University Noida Departments": "Amity School of Engineering & Technology"
        },
        {
            "Amity University Noida Departments": "Amity School of Hospitality"
        }
    ],
    "Amity University Noida Fees & Eligibility": [
        {
            "Course": "BCA1  Course",
            "Fees": "₹47,000 (1st Year Fees)",
            "Eligibility": "10+2",
            "Action": "Apply Now"
        }
    ],
    "Important Events": [
        {
            "Events": "NATA  Phase 1 Registration Timeline",
            "Dates": "OngoingMar 01, 2024 - Mar 01, 2025"
        }
    ],
    "Expired Events": [
        {
            "Events": "Application Deadline (UG & PG Courses)",
            "Dates": "Aug 15, 2024"
        },
        {
            "Events": "NATA Phase 1 Result Date",
            "Dates": "Apr 19, 2024"
        },
        {
            "Events": "NATA Phase 1 Exam Date",
            "Dates": "Apr 06, 2024"
        }
    ],
    "Amity University Noida, CAT Cutoff 2023": [
        {
            "Courses": "MBACompare",
            "Round 1": "85"
        },
        {
            "Courses": "MBA BiotechnologyCompare",
            "Round 1": "85"
        },
        {
            "Courses": "MBA Business AnalyticsCompare",
            "Round 1": "85"
        }
    ],
    "Amity University Noida Scholarship Types": [
        {
            "Scholarship %": "100%",
            "Class XII (%)": "85%",
            "CUET UG 2024 Percentile Score": "95 Percentile"
        },
        {
            "Scholarship %": "50%",
            "Class XII (%)": "80%",
            "CUET UG 2024 Percentile Score": "90 Percentile"
        },
        {
            "Scholarship %": "25%",
            "Class XII (%)": "80%",
            "CUET UG 2024 Percentile Score": "85 Percentile"
        }
    ],
    "Amity University Noida Scholarship FAQs": [
        {
            "Scholarship %": "100%",
            "Eligibility": "95% & Above Aggregate in Class XII (CBSE/ISC Only)"
        },
        {
            "Scholarship %": "50%",
            "Eligibility": "90% - 94.99% Aggregate in Class XII (CBSE/ISC Only)"
        },
        {
            "Scholarship %": "30%",
            "Eligibility": "88% Aggregate in Class XII (For State Boards Only)"
        }
    ],
    "What is the sponsored category at Amity University?": [
        {
            "Exam": "MAT",
            "Cutoff 2024 (Non-Sponsored Category)": "650 Scores",
            "Cutoff 2024 (Sponsored Category)": "600 Scores"
        },
        {
            "Exam": "GMAT",
            "Cutoff 2024 (Non-Sponsored Category)": "550 Scores",
            "Cutoff 2024 (Sponsored Category)": "500 Scores"
        },
        {
            "Exam": "CMAT",
            "Cutoff 2024 (Non-Sponsored Category)": "200 Scores",
            "Cutoff 2024 (Sponsored Category)": "150 Scores"
        },
        {
            "Exam": "CAT",
            "Cutoff 2024 (Non-Sponsored Category)": "85 Percentile",
            "Cutoff 2024 (Sponsored Category)": "75 Percentile"
        },
        {
            "Exam": "XAT",
            "Cutoff 2024 (Non-Sponsored Category)": "85 Percentile",
            "Cutoff 2024 (Sponsored Category)": "75 Percentile"
        },
        {
            "Exam": "NMAT",
            "Cutoff 2024 (Non-Sponsored Category)": "250 Scores",
            "Cutoff 2024 (Sponsored Category)": "200 Scores"
        }
    ],
    "Comments": [
        {
            "Years": "Semester",
            "Year 1": "1",
            "Year 2": "2",
            "Year 3": "3",
            "Year 4": "4",
            "Semester": "5",
            "1": "6",
            "2": "7",
            "3": "8"
        },
        {
            "Years": "Tuition Fees",
            "Year 1": "64000",
            "Year 2": "64000",
            "Year 3": "64000",
            "Year 4": "64000",
            "Semester": "64000",
            "1": "64000",
            "2": "64000",
            "3": "64000"
        },
        {
            "Years": "Total Year Wise Fees",
            "Year 1": "1.28 Lakhs",
            "Year 2": "1.28 Lakhs",
            "Year 3": "1.28 Lakhs",
            "Year 4": "1.28 Lakhs",
            "Semester": "1.28 Lakhs",
            "1": "1.28 Lakhs",
            "2": "1.28 Lakhs",
            "3": "1.28 Lakhs"
        }
    ],
    "faqs": [
        {
            "question": "What are some of the notable accreditations and recognitions that Amity University holds?",
            "answer": "Ans.Amity University holds several notable accreditations, recognitions, and memberships. Firstly, it is accredited with an \"A+\" Grade by the National Assessment and Accreditation Council (NAAC), showcasing its commitment to academic excellence. Moreover, it is recognized by statutory bodies such as the University Grants Commission (UGC) and approved by the All India Council for Technical Education (AICTE), ensuring the quality and legitimacy of its programs.Furthermore, Amity University Noida stands out as Asia's only not-for-profit university to receive regional accreditation from the United States. This accreditation adds to its global recognition and credibility. Additionally, it holds memberships in prestigious organizations including the Association of Indian Universities (AIU), the Association of Commonwealth Universities (ACU), and the International Association of Universities, further enhancing its international standing.In terms of certifications, Amity University is certified by the International Organization for Standardization (ISO), ensuring that it maintains high standards in various aspects of its operations. It is also recognized by the United Kingdom's Quality Assurance Agency in Higher Education, highlighting its adherence to quality benchmarks.Moreover, Amity University's recognition extends to various governmental bodies such as the Ministry of Human Resource Development (HRD), the Department of Scientific and Industrial Research (DISR) under the Ministry of Science and Technology, and the Distance Education Council. Additionally, it holds approvals from regulatory bodies like the Bar Council of India (BCI), the National Council for Teacher Education (NCTE), the Council of Architecture (COA), and the Institution of Engineering and Technology (IET).Furthermore, its inclusion in the United Nations listing and the Central Counseling Board underscores its relevance and credibility in the educational landscape."
        },
        {
            "question": "What are the various types of courses offered at Amity University Noida?",
            "answer": "Ans.Amity University Noida offers a diverse range of undergraduate and postgraduate courses across multiple fields such as Management, Engineering, Architecture, Design, Journalism, Fine Arts, Sciences, Commerce, etc. Additionally, the university provides opportunities for Ph.D. studies, evening classes, lateral entry admissions, polytechnic courses, and online & distance learning programs.To apply for admission to any of these courses, candidates must fulfil the minimum eligibility criteria specified by the university. These criteria may vary depending on the course and academic requirements.Furthermore, Amity University Noida distinguishes itself by offering unique educational opportunities through its 3-continent programs. Under these programs, students have the chance to immerse themselves in practical applications across three different economies, gaining valuable insights and experiences from diverse cultural and economic perspectives."
        },
        {
            "question": "What are the eligibility criteria and fees for some of the popular undergraduate and postgraduate courses offered at Amity University Noida?",
            "answer": "Ans.Amity University Noida offers a variety of undergraduate and postgraduate courses across different disciplines. Here are the details for some of the key courses:Bachelor of Engineering (B.E.)/Bachelor of Technology (B.Tech):Duration: 4 yearsAverage Salary: INR 5.50 LPAApproximate Fees: INR 9.08 Lakhs to INR 16.52 LakhsExams Accepted: CUET, Class XII ScoresEligibility: Candidates must have passed Class X and XII with a minimum of 60% marks and 60% marks in Physics, Chemistry, and Mathematics (PCM).Master of Engineering (M.E.)/Master of Technology (M.Tech):Duration: 2 yearsAverage Salary: INR 5.0 LPAApproximate Fees: INR 2.76 Lakhs to INR 3.36 LakhsExams Accepted: CUET, Graduation ScoresEligibility: Applicants should have completed B.E./B.Tech and Class XII with PCM with 60% marks in aggregate.Bachelor of Business Administration (BBA):Duration: 3 yearsAverage Salary: INR 4.50 LPAApproximate Fees: INR 12.54 LakhsExams Accepted: CUET, Class XII ScoresEligibility: Candidates must have passed Class XII with at least 60% marks in aggregate.Bachelor of Computer Applications (BCA):Duration: 3 yearsAverage Salary: INR 4.50 LPAApproximate Fees: INR 6.72 LakhsExams Accepted: CUET, Class XII ScoresEligibility: Applicants should have passed Class XII with 50% marks in aggregate.Master of Business Administration (MBA):Duration: 2 yearsEligibility: Candidates must hold a Bachelor’s Degree in any discipline with 50% marks in aggregate.Exams Accepted: CUET, Graduation Scores, MAT, CAT, XAT, NMAT, CMAT, GMATApproximate Fees: INR 15.56 LakhsAverage Salary: INR 5.50 LPA"
        },
        {
            "question": "​What is the admission process for Amity University Noida?",
            "answer": "Ans.The admission process for undergraduate and postgraduate programmes at Amity University Noida typically begins in January or February each year and is open to both Indian and foreign applicants. Interested candidates can apply online through the official website of the university. The application process is conducted exclusively online, and there is an application fee of INR 1,500 for Indian applicants.Admission to all courses at Amity University Noida is primarily merit-based. However, for the Master of Business Administration (MBA) course, the university considers entrance exam scores from MAT, CAT, XAT, NMAT, CMAT, and GMAT. Additionally, design course applicants must undergo a creative test as part of the selection process, in addition to appearing for a Personal Interview (PI) round.Once candidates have submitted their applications and met the initial eligibility criteria, they may be shortlisted for further evaluation, which may include a PI round. This interview round serves as a final assessment of the candidate's suitability for admission to the respective programme.In summary, the admission process at Amity University Noida involves online application submission, merit-based selection for most courses, and additional entrance exam scores and/or creative tests for specific programmes such as MBA and design courses. The final selection is based on a combination of academic merit and performance in the interview round."
        },
        {
            "question": "How does Amity University differentiate between Sponsored and Non-Sponsored candidates during the admission process?",
            "answer": "Ans.Amity University employs a categorization system for admission, distinguishing between Sponsored and Non-Sponsored candidates. Non-sponsored candidates typically consist of high-merit students who meet or exceed the eligibility criteria and cutoffs set by the university. These candidates are selected based on their academic achievements and performance in entrance exams or other relevant assessments.In contrast, Sponsored candidates are those who may not meet the same academic standards as Non-Sponsored candidates. As a result, their eligibility criteria and cutoffs are often relaxed to accommodate their lower merit levels. However, Sponsored candidates are required to pay comparatively higher fees for their education at Amity University.The distinction between Sponsored and Non-Sponsored candidates allows the university to balance its commitment to academic excellence with its aim of providing educational opportunities to a broader range of students."
        },
        {
            "question": "What are the steps involved in the application process for admission to Amity University Noida?",
            "answer": "Ans.The application process for admission to Amity University Noida begins with visiting the official website and clicking on the \"Apply Now 2024\" link. Upon clicking, a new window opens where applicants fill in essential details such as their name, email, mobile number, and captcha. Following this, applicants must pay the application fee of INR 1,500 and submit the form.Once the form is submitted, applicants receive a form number and password which they can use to log in to the Amity University admission microsite. All updates regarding the admission process, including interview schedules and result announcements, are communicated exclusively through this microsite. If selected for admission, applicants will find a soft copy of the admission letter uploaded to the microsite.Additionally, during the application process, applicants must upload scanned copies of their Class X mark sheet and a recent coloured passport-size photograph."
        },
        {
            "question": "What is Amity University's Noida MBA cutoff?",
            "answer": "Ans.The MBA cutoff scores for admission to Amity University Noida in 2024 have been released based on merit in various national-level management exams. For the Non-Sponsored category, the cutoff scores are as follows: MAT - 650, GMAT - 550, CMAT - 200, CAT - 85 percentile, XAT - 85 percentile, and NMAT - 250. In contrast, for the Sponsored category, the cutoff scores are slightly lower across all exams, with MAT at 600, GMAT at 500, CMAT at 150, CAT at 75 percentile, XAT at 75 percentile, and NMAT at 200. These cutoff scores indicate the minimum scores or percentiles required by candidates in each exam category to qualify for admission to the MBA program at Amity University Noida, with variations between the Non-Sponsored and Sponsored categories reflecting differences in eligibility criteria and admission standards."
        },
        {
            "question": "How are the placements at Amity University Noida?",
            "answer": "Ans.The placement scenario at Amity University Noida in 2023 showcased several impressive highlights. The highest package offered to a B.Tech student reached an impressive INR 61.75 LPA at the Amity School of Engineering & Technology. Furthermore, the university witnessed a substantial influx of companies visiting its campus, with a total of 1,050 companies participating in the recruitment drive. Over 11,000 job offers were extended to students across various courses. Accenture emerged as the top recruiter with 3,582 job offers, followed closely by Wipro with 3,268 offers."
        },
        {
            "question": "What are the facilities available at the Amity University Noida campus?",
            "answer": "Ans.Amity University Noida boasts a range of modern facilities designed to enhance the student experience. The campus features spacious and air-conditioned 430 classrooms, many of which are built in an amphitheatre style and equipped with state-of-the-art audio-visual equipment for effective lectures and presentations.Additionally, the university provides 50 syndicate rooms accommodating up to 300 students, offering ideal spaces for brainstorming sessions, society meetings, and group discussions. The campus houses a large auditorium with a seating capacity exceeding 3500, serving as a venue for conferences, events, and guest lectures.The central library is stocked with over 2 lakh books and provides access to 17,000 online journals, along with online learning platforms like UGC-Infonet and DELNET. Amity University Noida also prioritizes sports facilities, participating annually in a month-long mega event called Sangathan and boasting a 15-acre sports complex for various activities.Moreover, the campus provides comfortable accommodation facilities, with separate hostel facilities for boys and girls featuring AC residential compartments, sitting lounges, and other amenities, contributing to a conducive living and learning environment for students."
        },
        {
            "question": "What additional amenities and services are available at Amity University Noida beyond academic and recreational facilities?",
            "answer": "Ans.In addition to the extensive academic and recreational facilities, Amity University Noida provides a range of amenities and services to cater to the diverse needs of its students and staff. The campus features an array of on-campus cafeterias and food courts, including popular chains like Cafe Coffee Day, Dosa Plaza, Subway, Domino's, Bikano, Mamma Mia, and Mrs. Kaur Cookies, ensuring convenient access to a variety of dining options.Moreover, the university hosts departmental stores, a Tekson Bookshop, stationery shops, a Salon, and laundry facilities, offering essential services and resources within easy reach. Additionally, Amity University Noida prioritizes student well-being by providing medical support services and ample parking facilities, further enhancing the overall convenience and comfort of campus life."
        },
        {
            "question": "What are some of the cultural events hosted by Amity University?",
            "answer": "Ans.Students at Amity University Noida enjoy significant exposure to cultural diversity, with over 3000 students from 45 countries pursuing higher studies at the institution. This diverse environment provides students with valuable opportunities to interact with peers from different backgrounds, fostering cross-cultural understanding and collaboration.Additionally, Amity University Noida hosts several renowned cultural events and festivals, including Amiphoria, Amity Youth Fest, Utsav, Sangathan, Amimun, and Literature Festival. These events offer platforms for students to showcase their talents, exchange cultural experiences, and celebrate diversity. Overall, the combination of cultural diversity and vibrant cultural events enriches the student experience at Amity University Noida, contributing to a dynamic and inclusive learning environment."
        },
        {
            "question": "Which Bollywood celebrities have visited Amity University Noida?",
            "answer": "Ans.Amity University Noida has been graced by several Bollywood celebrities who have visited the campus for various events and interactions, adding to the vibrancy of campus life. Notable personalities include Salman Khan and Sonam Kapoor, who visited for a movie promotion event. Renowned playback singer Sonu Nigam enthralled students with his performance during INBUSH, a university event. Akshay Kumar was invited to demonstrate self-defence skills, enriching students' knowledge and awareness.Additionally, Bollywood singer Armaan Malik performed during the \"Amity Youth Fest,\" while Guru Randhawa entertained students at the Amity Star Night. These visits not only offer students unique entertainment opportunities but also inspire and motivate them through interactions with industry icons, contributing to the dynamic and culturally rich atmosphere of Amity University Noida."
        },
        {
            "question": "What are some of the clubs and committees available for students at Amity University Noida?",
            "answer": "Ans.Amity University Noida offers a diverse range of clubs and committees where students can explore their interests, hone their skills, and engage in various activities. With 25 clubs covering a wide spectrum of interests such as academics, dance, sports, seminars, poetry, gaming, programming, etc students have ample opportunities to showcase their talents and pursue their passions.Additionally, the university provides a debate and discussion forum along with four committees, further facilitating intellectual discourse and organizational involvement among students. These clubs and committees play a crucial role in fostering a vibrant campus community and encouraging collaboration, creativity, and personal development among the student body at Amity University Noida."
        },
        {
            "question": "What are some key highlights of Amity University?",
            "answer": "Ans.Amity University, located in Noida, Uttar Pradesh, was established in 2005 as a private institution. Approved by UGC, AIU, AICTE, ACU and others, it holds accreditation with an \"A+\" grade from NAAC. In terms of rankings, Amity University secured the 57th position in the NIRF Ranking 2023 (Overall) and the 35th position in the NIRF Ranking 2023 (University category). The university offers a wide array of undergraduate, postgraduate, and doctoral courses, with its flagship programs being B.Tech and MBA. Admission criteria typically involve a combination of merit-based selection and entrance tests. Notably, the highest package offered at Amity University Noida stood at INR 61.75 LPA, highlighting its commitment to fostering academic and professional excellence among its students."
        },
        {
            "question": "What are the median salary packages offered for various courses at Amity University Noida?",
            "answer": "Ans.According to the NIRF Report 2023, Amity University Noida provides insights into the median salary packages offered across a range of courses. For undergraduate programs such as B.Com, B.Sc, BBA, BCA, etc. (3 years), the median salary stands at INR 4.5 LPA. Meanwhile, undergraduate programs like B.Tech, B.Des, etc. (4 years) offer a median salary of INR 5.5 LPA. The median salary for the 5-year B.Arch program is reported as INR 2.4 LPA.For postgraduate programs, including M.Sc, MBA, M.Des, M.Tech, MA, etc. (2 years), the median salary is INR 5.5 LPA. Additionally, integrated programs like BBA-MBA, B.Tech-M.Tech, and BA-MA Clinical Psychology offer a median salary of INR 5 LPA.These figures provide valuable insights into the earning potential across different disciplines at Amity University Noida, aiding prospective students in making informed decisions about their academic and career paths."
        },
        {
            "question": "How does Amity University Noida facilitate international collaborations?",
            "answer": "Ans.Amity University Noida fosters global engagement and collaboration through its extensive network of partnerships with over 100 international universities, laboratories, and research centres. These partnerships facilitate various opportunities such as student exchange programs, faculty exchange initiatives, educational tours, joint research endeavours, and curriculum development projects.Some prominent institutions in Amity University's partnership network include Kent State University, Purdue University, University of Texas, Carleton University, Newcastle University, University of Salford, Government of South Australia, VU University Amsterdam, University of Birmingham, etc. These collaborations enrich the academic experience at Amity University Noida by providing students and faculty with exposure to diverse perspectives, resources, and learning environments on a global scale."
        },
        {
            "question": "What are the various scholarships offered by Amity University Noida?",
            "answer": "Ans.Amity University Noida provides a range of scholarships to students based on their academic merit and achievements. The Scholarship-Cum-Fast Track Admission offers direct admission without the need to appear in the Admission Selection Process, along with an academic fee scholarship for the first year, determined by the candidate's merit in Class 12.For B.Tech programs, scholarships are awarded based on the JEE Main Percentile, while for PG programs, scholarships are determined by the candidate's merit in both Class 12 and their Graduation Degree.Additionally, the university offers Sports Scholarships to National and International Players. The continuation of scholarships is subject to annual evaluation, with further years of eligibility based on the student's merit in the last qualifying examination. These scholarship opportunities aim to support and recognize academic excellence and achievements among students at Amity University Noida."
        },
        {
            "question": "Who are the alumni of Amity University Noida?",
            "answer": "Ans.Amity University has a vast network of notable alumni serving their best leadership positions in the best companies and professions. Amity University has more than 1,50,000 alumni members who create great networking opportunities for its students. Given below are some of the notable alumni of Amity University:NameDetailsPhotoDr. Vivek BindraInternational Motivational Speaker and CEO & founder of Bada Business. Granted as The Game Changer of the Year 2019 by Economic Times. He pursued an MBA degree from Amity Noida.Disha PataniA famous actress who has appeared in several Hindi and Telugu films. Best known for portraying the role of Priyanka in M.S. Dhoni: The Untold Story. She did a B.Tech from Amity NoidaKunal KhemuHe is a known actor in famous Hindi movies. He pursued his higher studies at Amity University Noida.Ajay DuttHe is a Member of the Legislative Assembly from the Aam Aadmi Party. He did an MBA from Amity University Noida."
        },
        {
            "question": "What departments are there under Amity University Noida?",
            "answer": "Ans.Amity University Noida has different departments that offer higher education in respective fields. The table given below shows the Amity Noida departments:Amity University Noida DepartmentsAmity Institute of BiotechnologyAmity Insitute of Telecom Engineering & ManagementAmity School of CommunicationAmity Business SchoolAmity School of Engineering & TechnologyAmity School of Fashion TechnologyAmity Law SchoolAmity International Business SchoolAmity School of HospitalityAmity School of Architecture & PlanningAmity Institute of Information TechnolgyAmity Institute of Education"
        }
    ]
}