{
    "title": "Amity University Gurgaon: Admission 2024, Courses, Fees, Placements, Scholarships",
    "meta_description": "Amity University Gurgaon is a private university located in Gurgaon, Haryana offering various UG, Integrated, PG, Diploma, PG Diploma, M.Phil. and Ph.D. courses.",
    "keywords": "Amity University Gurgaon, Amity Gurgaon, Amity University Gurugram, Amity University Gurgaon Admissions, Amity University Gurgaon Courses, Amity University Gurgaon fees, Amity University Gurgaon placements, Amity University Gurgaon scholarships, Amity University Gurgaon cutoff, Amity University Gurgaon facilities, Amity University Gurgaon Manesar",
    "basic_info": [
        {
            "name": "Amity University Gurgaon Highlights 2024",
            "description": [
                "The table given below shows the important highlights of Amity University Gurgaon:"
            ]
        },
        {
            "name": "Amity University Gurgaon Courses & Fees 2024",
            "description": [
                "Amity University Gurgaon offers UG, PG, Ph.D. and Global Study programs in different fields under numerous specializations. The flagship courses offered by Amity Gurgaon are MBA and B.Tech. Students appearing/ appeared for JEE, CUET, AIMA, UGC NET, GATE, CET or any other national level examination are exempted from written test and interview and are offered direct admission to the university. The final selection will be based on Academic Performance, English language Test and Interview. The table given below shows the popular courses of Amity Gurgaon along with their eligibility criteria and fee structure:",
                "Amity University Gurgaon Complete Review"
            ]
        },
        {
            "name": "Amity University Gurgaon Admission 2024",
            "description": [
                "Amity University Gurgaon Admission 2024 is ongoing. The accepted entrance exams at Amity University Gurgaon are JEE, NATA, CUET, GMAT, XAT, CAT, CMAT, etc. Interested candidates can apply online/offline on the official website."
            ]
        },
        {
            "name": "Amity University Gurgaon Online Application Process 2024",
            "description": [
                "The students can apply online for Amity University Gurgaon by following the steps given below:"
            ]
        },
        {
            "name": "Amity University Gurgaon Offline Application Process 2024",
            "description": [
                "Applicants can download the application form from the admission portal of Amity University or can avail it from the campus. A duly filled application form should be submitted to the administration department of the respective campus. Offline applicants can make the required payment through DD in favour of Amity University Gurugram.",
                "The following self-attested document should be attached/ uploaded along with the application form:",
                "Check More: Amity University Gurugram (Manesar) Admission 2024"
            ]
        },
        {
            "name": "Amity University Gurgaon Cutoff 2024",
            "description": [
                "Amity University Gurgaon cutoff 2024 will be updated here once released. The table given below shows the Amity University Gurugram MBA Cutoff 2023 for the General Category based on CAT and MAT:"
            ]
        },
        {
            "name": "Amity University Gurgaon Placements 2024",
            "description": [
                "Amity University Gurgaon offers good placement opportunities to candidates through its Placement Cell. Amity University Gurgaon Placements 2024 data will be updated here once released. As per the recent report, 423 recruiters participated in Amity Gurgaon Placement Drive 2023 among which 266 were new and 157 were repeated recruiters. Some of the top recruiters included Amazon, Capgemini, Coforge, Planet Spark, UNO Minda, etc. The table given below shows the Amity University Gurgaon Placement highlights:",
                "During Amity University Gurgaon Placements 2022, the highest package offered was INR 45 LPA and the average package closed at INR 5 LPA."
            ]
        },
        {
            "name": "Amity University Gurgaon Rankings 2024",
            "description": [
                "The table given below shows the Amity Gurgaon Rankings released by NIRF 2023 for different categories:"
            ]
        },
        {
            "name": "Amity University Gurgaon Scholarships 2024",
            "description": [
                "Amity University Gurgaon offers meritorious scholarships for UG and PG students based on the following criteria:"
            ]
        },
        {
            "name": "Amity University Gurgaon CUET Scholarship",
            "description": [
                "The table given below shows the eligibility criteria to avail Amity Gurgaon CUET Scholarship:"
            ]
        },
        {
            "name": "Amity University Gurgaon UG Scholarship",
            "description": [
                "The table given below shows the eligibility criteria to avail Amity Gurgaon UG Scholarship:"
            ]
        },
        {
            "name": "Amity University Gurgaon PG Scholarship",
            "description": [
                "The table given below highlights the Amity University Gurgaon PG scholarship:"
            ]
        },
        {
            "name": "Amity University Gurgaon MBA Scholarship",
            "description": [
                "The table given below highlights the Amity University Gurgaon MBA scholarship:",
                "Check the complete scholarship details here: Amity University Gurgaon Scholarships 2024"
            ]
        },
        {
            "name": "Amity University Gurgaon Facilities",
            "description": [
                "Amity University Gurgaon has an IT infrastructure. Some of the facilities offered by the university are as follows:"
            ]
        },
        {
            "name": "Amity University Gurgaon Hostel",
            "description": [
                "Amity University Gurugram has separate hostels for boys and girls within the campus. It has a separate mess and spacious dining halls. The hostels can accommodate 2100 students. The university also has an air-conditioned residential apartment consisting of 3 single rooms with attached bathrooms."
            ]
        },
        {
            "name": "Amity University Gurgaon FAQs",
            "description": [
                "Ques. What is the fees of Amity University Gurgaon?",
                "Ques. How can I get admission in Amity University Gurgaon?",
                "Ques. What is the campus area of Amity Gurgaon?",
                "Ques. What courses does Amity University Gurgaon offer?",
                "Ques. Does Amity University Gurgaon offer hostel facilities?",
                "Ques. What is the ranking of Amity University Gurugram?",
                "Ques. Is Amity University Gurgaon approved by UGC?",
                "Ques. What is the NAAC Grade of Amity University Gurgaon?",
                "Ques. What are the selection criteria for the B.Tech program at Amity University Gurgaon?",
                "Ques. How are the placements at Amity University Gurgaon?"
            ]
        }
    ],
    "Section": {
        "name": "About Amity University Gurgaon",
        "description": "Amity University Gurugram is a private university established in 2010 by the Amity Education Group. The university is approved by UGC & AICTE and holds the membership of AIU. Amity Gurgaon is accredited by NAAC with an “A+” Grade. It is also accredited by INC, BCI, PCI, COA, and IET, UK. Amity University Gurgaon campus is spread over an area of 110 acres. It is the only India and Asia’s second university to be awarded LEED (USA) Platinum certification. It offers UG, PG, and Doctoral courses in the fields of Commerce, Computer Science, Engineering, Literature, Management, Finance, Mass Communication, Travel and Tourism, Social Science, etc. Amity University Gurgaon has been ranked 94th Overall, 81st in Management, 99th in Engineering, and 23rd in Law as per the NIRF Rankings 2023.\nCheck More: Amity University Gurgaon Admission 2024\nTable of Content:\n\n\nAmity University Gurgaon Campus\nThe table given below shows the important highlights of Amity University Gurgaon:\nAmity University Gurgaon offers UG, PG, Ph.D. and Global Study programs in different fields under numerous specializations. The flagship courses offered by Amity Gurgaon are MBA and B.Tech. Students appearing/ appeared for JEE, CUET, AIMA, UGC NET, GATE, CET or any other national level examination are exempted from written test and interview and are offered direct admission to the university. The final selection will be based on Academic Performance, English language Test and Interview. The table given below shows the popular courses of Amity Gurgaon along with their eligibility criteria and fee structure:\n\nAmity University Gurgaon Complete Review\nAmity University Gurgaon Admission 2024 is ongoing. The accepted entrance exams at Amity University Gurgaon are JEE, NATA, CUET, GMAT, XAT, CAT, CMAT, etc. Interested candidates can apply online/offline on the official website.\nThe students can apply online for Amity University Gurgaon by following the steps given below:\nApplicants can download the application form from the admission portal of Amity University or can avail it from the campus. A duly filled application form should be submitted to the administration department of the respective campus. Offline applicants can make the required payment through DD in favour of Amity University Gurugram.\nThe following self-attested document should be attached/ uploaded along with the application form:\nCheck More: Amity University Gurugram (Manesar) Admission 2024\nAmity University Gurgaon cutoff 2024 will be updated here once released. The table given below shows the Amity University Gurugram MBA Cutoff 2023 for the General Category based on CAT and MAT:\nAmity University Gurgaon offers good placement opportunities to candidates through its Placement Cell. Amity University Gurgaon Placements 2024 data will be updated here once released. As per the recent report, 423 recruiters participated in Amity Gurgaon Placement Drive 2023 among which 266 were new and 157 were repeated recruiters. Some of the top recruiters included Amazon, Capgemini, Coforge, Planet Spark, UNO Minda, etc. The table given below shows the Amity University Gurgaon Placement highlights:\nDuring Amity University Gurgaon Placements 2022, the highest package offered was INR 45 LPA and the average package closed at INR 5 LPA.\nThe table given below shows the Amity Gurgaon Rankings released by NIRF 2023 for different categories:\nAmity University Gurgaon offers meritorious scholarships for UG and PG students based on the following criteria:\nThe table given below shows the eligibility criteria to avail Amity Gurgaon CUET Scholarship:\nThe table given below shows the eligibility criteria to avail Amity Gurgaon UG Scholarship:\nThe table given below highlights the Amity University Gurgaon PG scholarship:\nThe table given below highlights the Amity University Gurgaon MBA scholarship:\nCheck the complete scholarship details here: Amity University Gurgaon Scholarships 2024\nAmity University Gurgaon has an IT infrastructure. Some of the facilities offered by the university are as follows:\nAmity University Gurugram has separate hostels for boys and girls within the campus. It has a separate mess and spacious dining halls. The hostels can accommodate 2100 students. The university also has an air-conditioned residential apartment consisting of 3 single rooms with attached bathrooms.\nQues. What is the fees of Amity University Gurgaon?\nAns. The table given below shows the Amity University Gurgaon fee structure:\nQues. How can I get admission in Amity University Gurgaon?\nAns. The students can apply online for Amity University Gurgaon by following the steps given below:\nQues. What is the campus area of Amity Gurgaon?\nAns. Amity University Gurgaon campus is spread over an area of 110 acres.\nQues. What courses does Amity University Gurgaon offer?\nAns. Amity University Gurgaon offers UG, PG and Doctoral programs in the fields of Commerce, Computer Science, Engineering, Literature, Management, Finance, Mass Communication, Travel and Tourism, Social Science, etc.\nQues. Does Amity University Gurgaon offer hostel facilities?\nAns. Amity University Gurugram has separate hostels for boys and girls within the campus. It has a separate mess and spacious dining halls. The hostels can accommodate 2100 students. The university also has an air-conditioned residential apartment consisting of 3 single rooms with attached bathrooms.\nQues. What is the ranking of Amity University Gurugram?\nAns. Amity University Gurugram has been ranked 94th among all the Indian and Private Universities by NIRF Rankings 2023.\nQues. Is Amity University Gurgaon approved by UGC?\nAns. Amity University Gurgaon is approved by UGC & AICTE and holds the membership of AIU.\nQues. What is the NAAC Grade of Amity University Gurgaon?\nAns. Amity University Gurgaon is accredited by NAAC with an “A+” Grade. It is also accredited by INC, BCI, PCI, COA, and IET, UK.\nQues. What are the selection criteria for the B.Tech program at Amity University Gurgaon?\nAns. Candidates seeking a B.Tech program at Amity University Gurgaon can get direct admission based on JEE Main score or candidates are selected based on merit in Amity JEE conducted by the university itself.\nQues. How are the placements at Amity University Gurgaon?\nAns. Amity University Gurgaon offers good placement opportunities to candidates through its Placement Cell. As per the recent report, 423 recruiters participated in Amity Gurgaon Placement Drive 2023 among which 266 were new and 157 were repeated recruiters. Some of the top recruiters included Amazon, Capgemini, Coforge, Planet Spark, UNO Minda, etc."
    },
    "Amity University Gurgaon Highlights 2024": [
        {
            "Particulars": "Established | Type",
            "Highlights": "2010 | Private"
        },
        {
            "Particulars": "Location",
            "Highlights": "Gurugram, Haryana"
        },
        {
            "Particulars": "Approved By",
            "Highlights": "UGC & AICTE"
        },
        {
            "Particulars": "Membership",
            "Highlights": "AIU"
        },
        {
            "Particulars": "Accreditation",
            "Highlights": "INC, BCI, PCI, COA, and IET, UK"
        },
        {
            "Particulars": "NAAC Grade",
            "Highlights": "“A+”"
        },
        {
            "Particulars": "Campus",
            "Highlights": "110 Acres"
        },
        {
            "Particulars": "Courses Offered",
            "Highlights": "UG, PG, Doctoral Courses"
        },
        {
            "Particulars": "Official Website",
            "Highlights": "https://www.amity.edu/gurugram/"
        }
    ],
    "Amity University Gurgaon Courses & Fees 2024": [
        {
            "Course": "B.Com (Hons.)",
            "Details": "Duration: 3 Years\nFees: INR 72,000 Per Semester",
            "Eligibility Criteria": "Candidate must have passed 10+2 with a minimum of 55% marks in aggregate"
        },
        {
            "Course": "BCA",
            "Details": "Duration: 3 Years\nFees: INR 83,000 Per Semester",
            "Eligibility Criteria": "Candidate must have passed the 10+2 examination"
        },
        {
            "Course": "B.Tech",
            "Details": "Duration: 4 Years\nFees: INR 93,000 to INR 1,40,000 Per Semester\nSpecializations: Civil Engineering, Computer Science & Engineering, Electrical & Electronics Engineering, Artificial Intelligence & Machine Learning, Electronics & Communication Engineering, Mechanical Engineering, Data Science, Aerospace Engineering, Biotechnology, Internet of Things, Defence Technology, Biomedical Engineering, Network & Cyber Security",
            "Eligibility Criteria": "Candidate must have passed 10+2 with a minimum of 60% marks in aggregate"
        },
        {
            "Course": "BBA",
            "Details": "Duration: 3 Years\nFees: INR 1,37,000 Per Semester",
            "Eligibility Criteria": "Candidate must have passed 10+2 with a minimum of 55% marks in aggregate"
        },
        {
            "Course": "M.Com",
            "Details": "Duration: 2 Years\nFees: INR 65,000 Per Semester",
            "Eligibility Criteria": "Candidate must have passed B.Com/ BA Economics/ BBA with a minimum of 50% aggregate marks"
        },
        {
            "Course": "MCA",
            "Details": "Duration: 2 Years\nFees: INR 94,000 Per Semester",
            "Eligibility Criteria": "Candidate must have passed graduation with Maths/ B.Sc. IT/ BCA"
        },
        {
            "Course": "M.Tech",
            "Details": "Duration: 2 Years\nFees: INR 65,000 Per Semester\nSpecializations: Computer Science and Engineering, Artificial Intelligence, Civil Engineering, Data Science, Mechanical Engineering, Network & Cyber Security, Atmospheric Technology and Climate Management, Electronics & Communication Engineering, Solar and Alternate Energy, Defence Technology",
            "Eligibility Criteria": "Candidate must have passed B.Tech/ MCA/ M.Sc. (CS/P/M/Stats.)"
        },
        {
            "Course": "MBA",
            "Details": "Duration: 2 Years\nFees: INR 2,04,000 Per Semester",
            "Eligibility Criteria": "Candidate must have passed Graduation with a minimum of 50% marks in aggregate plus a National/ State level entrance score followed by a Skype Interview"
        }
    ],
    "Amity University Gurgaon Cutoff 2024": [
        {
            "Particulars": "CAT",
            "Cutoff": "80"
        },
        {
            "Particulars": "MAT",
            "Cutoff": "67"
        }
    ],
    "Amity University Gurgaon Placements 2024": [
        {
            "Particulars": "Total Recruiters",
            "Placement Statistics 2023": "423"
        },
        {
            "Particulars": "New Recruiters",
            "Placement Statistics 2023": "266"
        },
        {
            "Particulars": "Repeated Recruiters",
            "Placement Statistics 2023": "157"
        },
        {
            "Particulars": "Fortune Companies Participated",
            "Placement Statistics 2023": "132"
        },
        {
            "Particulars": "National Companies Participated",
            "Placement Statistics 2023": "291"
        }
    ],
    "Amity University Gurgaon Rankings 2024": [
        {
            "Body / Magazine": "NIRF (Engineering)",
            "Rank": "99th",
            "Year": "2023"
        },
        {
            "Body / Magazine": "NIRF (Management)",
            "Rank": "81st",
            "Year": "2023"
        },
        {
            "Body / Magazine": "NIRF (Law)",
            "Rank": "23rd",
            "Year": "2023"
        },
        {
            "Body / Magazine": "NIRF (University)",
            "Rank": "94th",
            "Year": "2023"
        }
    ],
    "Amity University Gurgaon Scholarships 2024": [
        {
            "Exam": "CAT",
            "100% Scholarship": "90 Percentile",
            "50% Scholarship": "85 Percentile",
            "25% Scholarship": "80 Percentile"
        },
        {
            "Exam": "MAT",
            "100% Scholarship": "90 Percentile",
            "50% Scholarship": "85 Percentile",
            "25% Scholarship": "80 Percentile"
        },
        {
            "Exam": "GMAT",
            "100% Scholarship": "650 Scores",
            "50% Scholarship": "600 Scores",
            "25% Scholarship": "500 Scores"
        },
        {
            "Exam": "GRE",
            "100% Scholarship": "161 Scores",
            "50% Scholarship": "157 Scores",
            "25% Scholarship": "152 Scores"
        }
    ],
    "Amity University Gurgaon FAQs": [
        {
            "Course": "B.Com (Hons.)",
            "Details": "INR 72,000 Per Semester"
        },
        {
            "Course": "BCA",
            "Details": "INR 83,000 Per Semester"
        },
        {
            "Course": "B.Tech",
            "Details": "INR 93,000 to INR 1,40,000 Per Semester"
        },
        {
            "Course": "BBA",
            "Details": "INR 1,37,000 Per Semester"
        },
        {
            "Course": "M.Com",
            "Details": "INR 65,000 Per Semester"
        },
        {
            "Course": "MCA",
            "Details": "INR 94,000 Per Semester"
        },
        {
            "Course": "M.Tech",
            "Details": "INR 65,000 Per Semester"
        },
        {
            "Course": "MBA",
            "Details": "INR 2,04,000 Per Semester"
        }
    ],
    "Amity University Gurgaon Fees & Eligibility": [
        {
            "Course": "B.Tech13  Courses",
            "Fees": "₹1.92 Lakhs - 3.54 Lakhs (1st Year Fees)",
            "Eligibility": "10+2 with 60%",
            "Application Date": "29 May - 15 Aug 2024",
            "Action": "Apply Now"
        },
        {
            "Course": "B.Sc (Nursing)1  Course",
            "Fees": "₹1.46 Lakhs (1st Year Fees)",
            "Eligibility": "10+2 with 45%",
            "Application Date": "15 Aug 2024",
            "Action": "Apply Now"
        },
        {
            "Course": "BA {Hons.}9  Courses",
            "Fees": "₹56,000 - 1.36 Lakhs (1st Year Fees)",
            "Eligibility": "10+2",
            "Application Date": "15 Aug 2024",
            "Action": "Apply Now"
        },
        {
            "Course": "BCA1  Course",
            "Fees": "₹1.66 Lakhs (1st Year Fees)",
            "Eligibility": "10+2",
            "Application Date": "-",
            "Action": "Apply Now"
        },
        {
            "Course": "M.Sc22  Courses",
            "Fees": "₹54,000 - 1.6 Lakhs (1st Year Fees)",
            "Eligibility": "Graduation",
            "Application Date": "15 Aug 2024",
            "Action": "Apply Now"
        }
    ],
    "Important Events": [
        {
            "Events": "CAT 2024 Registration Date",
            "Dates": "OngoingAug 01, 2024 - Sep 13, 2024"
        },
        {
            "Events": "CAT 2024 Admit Card Date",
            "Dates": "Nov 05, 2024"
        },
        {
            "Events": "CAT 2024 Exam Date",
            "Dates": "Nov 24, 2024"
        },
        {
            "Events": "CAT 2024 Result Date",
            "Dates": "TentativeJan 10, 2025"
        }
    ],
    "Expired Events": [
        {
            "Events": "MAT (PBT) Exam",
            "Dates": "Aug 25, 2024"
        },
        {
            "Events": "MAT (PBT) Admit Card Availability",
            "Dates": "Aug 21, 2024"
        },
        {
            "Events": "MAT (PBT) Registration Deadline",
            "Dates": "Jun 07, 2024 - Aug 18, 2024"
        }
    ],
    "Amity University Gurgaon, CAT Cutoff 2023": [
        {
            "Courses": "MBACompare",
            "Round 1": "80"
        },
        {
            "Courses": "MBA Business AnalyticsCompare",
            "Round 1": "80"
        },
        {
            "Courses": "MBA FinanceCompare",
            "Round 1": "80"
        }
    ],
    "Amity Gurgaon On-Admission Merit Scholarships": [
        {
            "On Admission Scholarship": "Scholarship %",
            "Scholarship %": "UG",
            "UG": "PG",
            "PG": "PG"
        },
        {
            "On Admission Scholarship": "Scholarship %",
            "Scholarship %": "10+2%",
            "UG": "10+2%",
            "PG": "Graduation"
        },
        {
            "On Admission Scholarship": "100%",
            "Scholarship %": "93%",
            "UG": "93%",
            "PG": "80%"
        },
        {
            "On Admission Scholarship": "50%",
            "Scholarship %": "88%",
            "UG": "88%",
            "PG": "75%"
        },
        {
            "On Admission Scholarship": "25%",
            "Scholarship %": "80%",
            "UG": "-",
            "PG": "-"
        },
        {
            "On Admission Scholarship": "25%",
            "Scholarship %": "75%",
            "UG": "-",
            "PG": "-"
        },
        {
            "On Admission Scholarship": "25%",
            "Scholarship %": "70%",
            "UG": "-",
            "PG": "-"
        },
        {
            "On Admission Scholarship": "100% CAT/ MAT/ GMAT Route",
            "Scholarship %": "MBA (All Programs)\n\t\t\tCAT/MAT – 90 Percentile and Above\n\t\t\tGMAT – 650 and Above",
            "UG": "MBA (All Programs)\n\t\t\tCAT/MAT – 90 Percentile and Above\n\t\t\tGMAT – 650 and Above",
            "PG": "MBA (All Programs)\n\t\t\tCAT/MAT – 90 Percentile and Above\n\t\t\tGMAT – 650 and Above"
        },
        {
            "On Admission Scholarship": "50% CAT/ MAT/ GMAT Route",
            "Scholarship %": "MBA (all programs)\n\t\t\tCAT/MAT – 85 Percentile and Above\n\t\t\tGMAT – 600 and above",
            "UG": "MBA (all programs)\n\t\t\tCAT/MAT – 85 Percentile and Above\n\t\t\tGMAT – 600 and above",
            "PG": "MBA (all programs)\n\t\t\tCAT/MAT – 85 Percentile and Above\n\t\t\tGMAT – 600 and above"
        },
        {
            "On Admission Scholarship": "25% CAT/ MAT/ GMAT Route",
            "Scholarship %": "MBA (All Programs)\n\t\t\tCAT/MAT – 80 Percentile and Above\n\t\t\tGMAT – 500 and Above",
            "UG": "MBA (All Programs)\n\t\t\tCAT/MAT – 80 Percentile and Above\n\t\t\tGMAT – 500 and Above",
            "PG": "MBA (All Programs)\n\t\t\tCAT/MAT – 80 Percentile and Above\n\t\t\tGMAT – 500 and Above"
        },
        {
            "On Admission Scholarship": "25% CAT/ MAT/ GMAT Route",
            "Scholarship %": "MBA (All Programs)\n\t\t\tCAT/MAT - 75 Percentile and Above\n\t\t\tGMAT – 450 and Above",
            "UG": "MBA (All Programs)\n\t\t\tCAT/MAT - 75 Percentile and Above\n\t\t\tGMAT – 450 and Above",
            "PG": "MBA (All Programs)\n\t\t\tCAT/MAT - 75 Percentile and Above\n\t\t\tGMAT – 450 and Above"
        },
        {
            "On Admission Scholarship": "10%",
            "Scholarship %": "Fee concessions are available in the first year to all the Amity students who have taken Admission in the next higher class without any gap.",
            "UG": "Fee concessions are available in the first year to all the Amity students who have taken Admission in the next higher class without any gap.",
            "PG": "Fee concessions are available in the first year to all the Amity students who have taken Admission in the next higher class without any gap."
        }
    ],
    "Amity Gurgaon Merit Scholarship During a Program": [
        {
            "Total Strength of Students Enrolled in Program": "1- 30",
            "Maximum No. of Merit Scholarships": "NIL (Only Merit Certificate)"
        },
        {
            "Total Strength of Students Enrolled in Program": "31-90",
            "Maximum No. of Merit Scholarships": "One"
        },
        {
            "Total Strength of Students Enrolled in Program": "91-180",
            "Maximum No. of Merit Scholarships": "Two"
        },
        {
            "Total Strength of Students Enrolled in Program": "Exceeding 180",
            "Maximum No. of Merit Scholarships": "Three"
        }
    ],
    "Amity Gurgaon Merit-Cum-Means Scholarship": [
        {
            "Merit Cum Means Scholarship": "Particulars",
            "Particulars": "Eligibility Criteria"
        },
        {
            "Merit Cum Means Scholarship": "Eligibility to Scholarship Programme",
            "Particulars": "Top 10% of Batch"
        },
        {
            "Merit Cum Means Scholarship": "Criteria for Scholarship",
            "Particulars": "1-90 -1 91-180 - 2  >180 - 3"
        },
        {
            "Merit Cum Means Scholarship": "Scholarship Percentage",
            "Particulars": "50%"
        },
        {
            "Merit Cum Means Scholarship": "Condition for scholarship as to Family Income shall not exceed",
            "Particulars": "3,00,000"
        },
        {
            "Merit Cum Means Scholarship": "When to be granted",
            "Particulars": "On completion of 1st-year"
        }
    ],
    "Comments": [
        {
            "Course": "B.Tech",
            "Fees": "2.3 Lakhs (1st Year Fees)",
            "Eligibility": "10+2 with 60%"
        },
        {
            "Course": "B.Sc (Nursing)",
            "Fees": "1.46 Lakhs (1st Year Fees)",
            "Eligibility": "10+2 with 45%"
        },
        {
            "Course": "BA {Hons.}",
            "Fees": "56,000 (1st Year Fees)",
            "Eligibility": "10+2"
        },
        {
            "Course": "BCA",
            "Fees": "1.66 Lakhs (1st Year Fees)",
            "Eligibility": "10+2"
        },
        {
            "Course": "M.Sc",
            "Fees": "1.18 Lakhs (1st Year Fees)",
            "Eligibility": "Graduation"
        },
        {
            "Course": "MBA",
            "Fees": "4.08 Lakhs (1st Year Fees)",
            "Eligibility": "Graduation with 50%"
        },
        {
            "Course": "BBA",
            "Fees": "2.08 Lakhs (1st Year Fees)",
            "Eligibility": "10+2 with 55%"
        }
    ],
    "faqs": [
        {
            "question": "What is the fees of Amity University Gurgaon?",
            "answer": "Ans.The table given below shows the Amity University Gurgaon fee structure:CourseDetailsB.Com (Hons.)INR 72,000 Per SemesterBCAINR 83,000 Per SemesterB.TechINR 93,000 to INR 1,40,000 Per SemesterBBAINR 1,37,000 Per SemesterM.ComINR 65,000 Per SemesterMCAINR 94,000 Per SemesterM.TechINR 65,000 Per SemesterMBAINR 2,04,000 Per Semester"
        },
        {
            "question": "How can I get admission in Amity University Gurgaon?",
            "answer": "Ans.The students can apply online for Amity University Gurgaon by following the steps given below:Visit the official website.Click on the “Admission Open 2024” tab appearing on the top-right of the home page.A new window will appear.Fill out the application form with all the necessary details required.Upload a soft copy of the Class X mark sheet and a recent passport-size photograph.Paythe required application fee."
        },
        {
            "question": "What is the campus area of Amity Gurgaon?",
            "answer": "Ans.Amity University Gurgaon campus is spread over an area of 110 acres."
        },
        {
            "question": "What courses does Amity University Gurgaon offer?",
            "answer": "Ans.Amity University Gurgaon offers UG, PG and Doctoral programs in the fields of Commerce, Computer Science, Engineering, Literature, Management, Finance, Mass Communication, Travel and Tourism, Social Science, etc."
        },
        {
            "question": "Does Amity University Gurgaon offer hostel facilities?",
            "answer": "Ans.Amity University Gurugram has separate hostels for boys and girls within the campus. It has a separate mess and spacious dining halls. The hostels can accommodate 2100 students.The university also has an air-conditioned residential apartment consisting of 3 single rooms with attached bathrooms."
        },
        {
            "question": "What is the ranking of Amity University Gurugram?",
            "answer": "Ans.Amity University Gurugram has been ranked 94thamong all the Indian and Private Universities by NIRF Rankings 2023."
        },
        {
            "question": "Ques. Is Amity University Gurgaon approved by UGC?",
            "answer": "Ans.Amity University Gurgaon is approved by UGC & AICTE and holds the membership ofAIU."
        },
        {
            "question": "What is the NAAC Grade of Amity University Gurgaon?",
            "answer": "Ans.Amity University Gurgaon is accredited by NAAC with an“A+” Grade. It is also accredited by INC, BCI, PCI, COA, and IET, UK."
        },
        {
            "question": "What are the selection criteria for the B.Tech program at Amity University Gurgaon?",
            "answer": "Ans.Candidates seeking a B.Tech program at Amity University Gurgaon can get direct admission based on JEE Main score or candidates are selected based on merit in Amity JEE conducted by the university itself."
        },
        {
            "question": "How are the placements at Amity University Gurgaon?",
            "answer": "Ans.Amity University Gurgaon offers good placement opportunities to candidates through its Placement Cell. As per the recent report, 423 recruiters participated in Amity Gurgaon Placement Drive 2023 among which 266 were new and 157 were repeated recruiters. Some of the top recruiters included Amazon, Capgemini, Coforge, Planet Spark, UNO Minda, etc."
        }
    ]
}