{
    "title": "Aravali College of Engineering and Management - Fees, Courses, Admission 2024, Placement, Scholarship, Faculty",
    "meta_description": "Aravali College of Engineering and Management - [ACEM], Faridabad, Haryana Application Form, Admissions, Contact, Website, Map, B.Tech, MBA, B.Tech {Lateral} . 14 Courses. Average Fees is 167625 per year.",
    "keywords": "",
    "basic_info": [
        {
            "name": "Aravali College of Engineering and Management Highlights",
            "description": []
        },
        {
            "name": "Aravali College of Engineering and Management Achievements and Awards",
            "description": []
        },
        {
            "name": "Aravali College of Engineering and Management Courses",
            "description": [
                "Mentioned below are the details of courses offered by the Aravali Institute of Engineering and Management"
            ]
        },
        {
            "name": "B.Tech",
            "description": [
                "The college offers B.Tech. course in 4 specializations namely - Computer Science & Engineering, Civil Engineering, Electronics & Communication Engineering, and Mechanical Engineering.",
                "Primarily, admission to the B.Tech program will be based on scores obtained in JEE Main Entrance Exam. For the remaining vacant seats, admission shall be granted on the basis of merit and online off-campus counseling."
            ]
        },
        {
            "name": "B.Tech. Lateral",
            "description": [
                "Admissions to the B.Tech. (Lateral) program will be offered to candidates with Diploma in Engineering. Lateral Entry to the B.Tech course will be done on the basis of the LEET Entrance Exam score. However, for the remaining vacant seats, admission will be done on the basis of marks obtained in the qualifying examination."
            ]
        },
        {
            "name": "BBA",
            "description": [
                "ACEM offers thee year full-time BBA program to the candidates passing 10+2 from a recognized board. The final selection to the course will be Merit based."
            ]
        },
        {
            "name": "MBA",
            "description": [
                "Admission to the two year full-time MBA program is open for the candidates passing Graduation from a recognized Institute/ University. The final selection to the course will be the Merit-based/ CMAT Entrance Exam Score.",
                "Read more: Aravali College of Engineering and Management Fee Structure"
            ]
        },
        {
            "name": "Aravali College of Engineering and Management Scholarships",
            "description": [
                "Aravali College of Engineering and Management has a scholarship program dedicated to providing financial aid and fee reimbursement to students facing financial difficulties. This program ensures that deserving and meritorious students do not have to compromise on their education. More about the aforementioned scholarship program is mentioned below:",
                "Tabulated below are the scholarships offered to the existing students at the institute on the basis of performance and merit:"
            ]
        },
        {
            "name": "University Level",
            "description": []
        },
        {
            "name": "Institute Level",
            "description": [
                "The following scholarship is granted on the basis of candidate’s score in the Aravali Scholarship Test (AST):",
                "Get details on: Aravali College of Engineering and Management Scholarships"
            ]
        },
        {
            "name": "Aravali College of Engineering and Management Placement",
            "description": [
                "Aravali College of Engineering and Management offers placements to all the candidates through its Training and Placement Cell i.e. The Student Career Development Cell which works toward the fulfillment of the student’s requirements and desire to have the best professional career. It also provides access to employers by generating an ample number of opportunities for placement and brings awareness among the faculty and the students to prepare according to the changing demands of the industry.",
                "The Training and Placement Cell at Aravali College of Engineering & Management always strives to achieve the much-required balance between academics and industry exposure and a lot of initiatives are being taken in this direction. Every year the college conducts industry visits, training sessions, internship and placement sessions for students.",
                "During the placement session of 2019-2020, 74 companies visited the campus to recruit students from the college. The recruiters included some of the well-reputed names and tech giants such as Kotak Life Insurance, Genpact, Madhyam Technologies Pvt Ltd, HDFC Ergo Life, Just Dial Ltd, Sony India, Wipro HR Services India Ltd., 360 Degree Cloud Technologies Pvt. Ltd and many more.",
                "Check: Aravali College of Engineering and Management Placements"
            ]
        },
        {
            "name": "Aravali College of Engineering and Management Faculty",
            "description": [
                "The faculty at Aravali College of Engineering consists of a diverse faculty of 71 members. All faculty members are HIghly qualified and accomplished professionals in the industry. The faculty at Aravali College of Engineering and Management has a considerable number of Ph.D holders among its ranks, All the faculty members at the institute have gained substantial expertise through their years of experience. All members are very cooperative towards students and encourage interaction by being available as much as possible.",
                "Check: Aravali College of Engineering and Management Faculty"
            ]
        },
        {
            "name": "Aravali College of Engineering and Management Facilities",
            "description": [
                "Aravali College of Engineering and Management offers its students state of the art infrastructure and best in class academic facilities. Details for some of the offered provisions are as follows:",
                "Check: Aravali College of Engineering and Management Hostel"
            ]
        },
        {
            "name": "Aravali College of Engineering and Management FAQs",
            "description": []
        }
    ],
    "Section": {
        "name": "About ACEM",
        "description": "Aravali College of Engineering and Management (ACEM) is a Private Institute located in Faridabad, Haryana. It is promoted by Mr. Dhan Singh Bhadana, the Chairman of the Aravali Eduworld. ACEM is affiliated to MDU, Rohtak and is approved by AICTE. The main aim of the institute is to provide excellent quality education in the field of technology and management not only to the students from Delhi/ NCR region but also from all over the world.\nThe courses offered by the Institute are B.Tech., B.Tech. (Lateral), BBA and MBA. Admission is granted on the basis of marks scored in qualifying entrance examinations such as JEE Mains, LEET and CMAT respectively.\nTable of Content\nKnow more: Aravali College of Engineering and Management Admissions\nMentioned below are the details of courses offered by the Aravali Institute of Engineering and Management\nThe college offers B.Tech. course in 4 specializations namely - Computer Science & Engineering, Civil Engineering, Electronics & Communication Engineering, and Mechanical Engineering.\nPrimarily, admission to the B.Tech program will be based on scores obtained in JEE Main Entrance Exam. For the remaining vacant seats, admission shall be granted on the basis of merit and online off-campus counseling.\nAdmissions to the B.Tech. (Lateral) program will be offered to candidates with Diploma in Engineering. Lateral Entry to the B.Tech course will be done on the basis of the LEET Entrance Exam score. However, for the remaining vacant seats, admission will be done on the basis of marks obtained in the qualifying examination.\nACEM offers thee year full-time BBA program to the candidates passing 10+2 from a recognized board. The final selection to the course will be Merit based.\nAdmission to the two year full-time MBA program is open for the candidates passing Graduation from a recognized Institute/ University. The final selection to the course will be the Merit-based/ CMAT Entrance Exam Score.\nRead more: Aravali College of Engineering and Management Fee Structure\nAravali College of Engineering and Management has a scholarship program dedicated to providing financial aid and fee reimbursement to students facing financial difficulties. This program ensures that deserving and meritorious students do not have to compromise on their education. More about the aforementioned scholarship program is mentioned below:\n\nTabulated below are the scholarships offered to the existing students at the institute on the basis of performance and merit:\nThe following scholarship is granted on the basis of candidate’s score in the Aravali Scholarship Test (AST):\nGet details on: Aravali College of Engineering and Management Scholarships\nAravali College of Engineering and Management offers placements to all the candidates through its Training and Placement Cell i.e. The Student Career Development Cell which works toward the fulfillment of the student’s requirements and desire to have the best professional career. It also provides access to employers by generating an ample number of opportunities for placement and brings awareness among the faculty and the students to prepare according to the changing demands of the industry.\nThe Training and Placement Cell at Aravali College of Engineering & Management always strives to achieve the much-required balance between academics and industry exposure and a lot of initiatives are being taken in this direction. Every year the college conducts industry visits, training sessions, internship and placement sessions for students.\nDuring the placement session of 2019-2020, 74 companies visited the campus to recruit students from the college. The recruiters included some of the well-reputed names and tech giants such as Kotak Life Insurance, Genpact, Madhyam Technologies Pvt Ltd, HDFC Ergo Life, Just Dial Ltd, Sony India, Wipro HR Services India Ltd., 360 Degree Cloud Technologies Pvt. Ltd and many more.\nCheck: Aravali College of Engineering and Management Placements\nThe faculty at Aravali College of Engineering consists of a diverse faculty of 71 members. All faculty members are HIghly qualified and accomplished professionals in the industry. The faculty at Aravali College of Engineering and Management has a considerable number of Ph.D holders among its ranks, All the faculty members at the institute have gained substantial expertise through their years of experience. All members are very cooperative towards students and encourage interaction by being available as much as possible.\nCheck: Aravali College of Engineering and Management Faculty\nAravali College of Engineering and Management offers its students state of the art infrastructure and best in class academic facilities. Details for some of the offered provisions are as follows:\nCheck: Aravali College of Engineering and Management Hostel\nQues. How is the Aravali College of Engineering and Management?\nAns. Aravali College of Engineering and Management is among the reputed private colleges of its kind. The institute offers best in class education, aided by its advanced infrastructure and qualified faculty. The institute also provides several placement opportunities to students via its placement cell. Students get job offers from companies like HDFC Ergo Life, Just Dial Ltd, Sony India, Wipro HR Services India Ltd., 360 Degree Cloud Technologies Pvt. Ltd, Kotak Life Insurance, Genpact, Madhyam Technologies Pvt Ltd and many more.\nQues. How to apply for admission to the MBA course at Aravali College of Engineering and Management?\nAns. Candidates will first have to register themselves to the college. While registering, they will have to pay the registration fee as required by the college. After registration, the candidate can visit the official website of the college. Go to the download section of the website. Here they can download the application form and the prospectus. After carefully filling in the application form, the application form can be submitted to the college with the required documents. The application form can also be acquired from the campus itself.\nQues. Are there scholarships available for students?\nAns. Yes, the institute offers three types of scholarships to students. New candidates can avail scholarships that are determined by their score in 10+2 and/or JEE Main rank. Existing students are offered scholarships on the basis of merit in the scholarship test at the university and institute level."
    },
    "ACEM Fees & Eligibility": [
        {
            "Course": "B.Tech5  Courses",
            "Fees": "₹2.8 Lakhs (Total Fees)",
            "Eligibility": "10+2 with 75% + JEE Main",
            "Application Date": "29 May - 07 Aug 2024",
            "Action": "Apply Now"
        },
        {
            "Course": "BBA2  Courses",
            "Fees": "₹75,500 (1st Year Fees)",
            "Eligibility": "10+2",
            "Application Date": "-",
            "Action": "Apply Now"
        },
        {
            "Course": "MBA1  Course",
            "Fees": "₹1.06 Lakhs (1st Year Fees)",
            "Eligibility": "Graduation with 50% + CAT",
            "Application Date": "-",
            "Action": "Apply Now"
        },
        {
            "Course": "B.Tech {Lateral}5  Courses",
            "Fees": "₹2.1 Lakhs (Total Fees)",
            "Eligibility": "10+3 with 50%",
            "Application Date": "29 May - 07 Aug 2024",
            "Action": "Apply Now"
        },
        {
            "Course": "BCA1  Course",
            "Fees": "₹70,500 (1st Year Fees)",
            "Eligibility": "10+2",
            "Application Date": "-",
            "Action": "Apply Now"
        }
    ],
    "Important Events": [
        {
            "Events": "CAT 2024 Registration Date",
            "Dates": "OngoingAug 01, 2024 - Sep 13, 2024"
        },
        {
            "Events": "CAT 2024 Admit Card Date",
            "Dates": "Nov 05, 2024"
        },
        {
            "Events": "CAT 2024 Exam Date",
            "Dates": "Nov 24, 2024"
        },
        {
            "Events": "CAT 2024 Result Date",
            "Dates": "TentativeJan 10, 2025"
        }
    ],
    "Expired Events": [
        {
            "Events": "Counselling",
            "Dates": "Jul 19, 2024 - Aug 07, 2024"
        },
        {
            "Events": "Registration for fresh candidates for 2nd Online Centralized Counseling and Fee Deposition [HSTES] (B.Tech)",
            "Dates": "Aug 05, 2024 - Aug 07, 2024"
        },
        {
            "Events": "HSTES registration",
            "Dates": "May 29, 2024 - Jul 25, 2024"
        }
    ],
    "ACEM, HSTES Cutoff 2023": [
        {
            "Courses": "B.Tech {Lateral} Artificial Intelligence and Machine Learning",
            "Round 1": "630",
            "Round 2": "698"
        },
        {
            "Courses": "B.Tech (Lateral) Electronics & Communication Engineering",
            "Round 1": "741",
            "Round 2": "-"
        },
        {
            "Courses": "B.Tech (Lateral) Mechanical Engineering",
            "Round 1": "1240",
            "Round 2": "1240"
        }
    ],
    "faqs": [
        {
            "question": "How is the Aravali College of Engineering and Management?",
            "answer": "Ans.Aravali College of Engineering and Management is among the reputed private colleges of its kind. The institute offers best in class education, aided by its advanced infrastructure and qualified faculty. The institute also provides several placement opportunities to students via its placement cell. Students get job offers from companies like  HDFC Ergo Life, Just Dial Ltd, Sony India, Wipro HR Services India Ltd., 360 Degree Cloud Technologies Pvt. Ltd, Kotak Life Insurance, Genpact, Madhyam Technologies Pvt Ltd and many more."
        },
        {
            "question": "How to apply for admission to the MBA course at Aravali College of Engineering and Management?",
            "answer": "Ans.Candidates will first have to register themselves to the college. While registering, they will have to pay the registration fee as required by the college. After registration, the candidate can visit the official website of the college. Go to the download section of the website. Here they can download the application form and the prospectus. After carefully filling in the application form, the application form can be submitted to the college with the required documents. The application form can also be acquired from the campus itself."
        },
        {
            "question": "Are there scholarships available for students?",
            "answer": "Ans.Yes, the institute offers three types of scholarships to students. New candidates can avail scholarships that are determined by their score in 10+2 and/or JEE Main rank. Existing students are offered scholarships on the basis of merit in the scholarship test at the university and institute level."
        }
    ]
}