{
    "title": "Aravali Institute of Technical Sciences - Courses, Fees, Placement, Faculty, Admission",
    "meta_description": "Aravali Institute of Technical Studies - [AITS], Udaipur, Rajasthan Application Form, Admissions, Contact, Website, Map, B.Tech, B.Tech {Lateral}, B.Sc (Nursing) . 23 Courses. Average Fees is 70000 per year.",
    "keywords": "",
    "basic_info": [
        {
            "name": "Collaborations",
            "description": []
        },
        {
            "name": "Aravali Institute of Technical Studies Highlights",
            "description": []
        },
        {
            "name": "",
            "description": []
        },
        {
            "name": "Aravali Institute of Technical Studies Courses",
            "description": [
                "Click here: AITS Courses"
            ]
        },
        {
            "name": "Aravali Institute of Technical Studies Admission",
            "description": []
        },
        {
            "name": "Seat Intake",
            "description": [
                "Click here: AITS Admission"
            ]
        },
        {
            "name": "Aravali Institute of Technical Studies Scholarships",
            "description": [
                "Aravali College provides various scholarships.",
                "Click here: AITS Scholarship"
            ]
        },
        {
            "name": "Aravali Institute of Technical Studies Placement",
            "description": [
                "Aravali Institute of Technical Studies has a very dedicated and efficient Training and Placement Cell which is constantly working in order to provide professional training and placement opportunities to students. Many well-reputed companies and organizations visit the campus every year to recruit students and offer attractive packages. AITS saw a very successful placement season in the academic year 2022-2023 with around 70% of students getting placed across more than 35 companies.",
                "Recruiters at the institute AITS included some of the most well known and established names such as Tech Mahindra, Hyundai, Philips, Google, Tata Motors, Indian Army, Siemens, Bisleri, Havells, Paytm, Tata Consultancy Services, Exide, Byju’s, Swiggy, Ashok Leyland and many more.",
                "Click here: AITS Placement"
            ]
        },
        {
            "name": "Aravali Institute of Technical Studies Faculty",
            "description": [
                "Aravali Institute of Technical Studies has diverse faculty of 80 highly qualified and accomplished members. Out of this,15 of the members are PhD holders in their respective disciplines. The entire faculty of AITS is extremely experienced and well versed in their subject matter. All members of the faculty are cooperative towards students and always encourage them to ask questions and clarify their concepts as much as they can, by being available to students even outside lectures and classes. The faculty consists of a dedicated team of professors, associate professors and assistant professors.",
                "Click here: AITS Faculty"
            ]
        },
        {
            "name": "Aravali Institute of Technical Studies Facilities",
            "description": [
                "Being part of the well-reputed Aravali Group, AITS upholds its reputation by providing the students with state of the art infrastructure as well as best in class academic and extracurricular facilities and amenities. Provisions offered to students at Aravali Institute of Technical Studies are as follows:",
                "Click here: AITS Hostel"
            ]
        }
    ],
    "Section": {
        "name": "About AITS",
        "description": "Aravali Institute of Technical Studies was established in 2008. The Institute is a part of Aravali Group of colleges. Institute was established with the collective efforts of many devoted experts having long and outstanding academic experience in the field of professional education. The campus is located amidst the Aravali hills. It is located at a distance of 11 km from Udaipur city and opposite to Umarda railway station. Institute is approved to AICTE and affiliated to Rajasthan Technical University, Kota (RTU)\nThe institute offers undergraduate, postgraduate and diploma level programs in several specializations. Admission to courses is granted on the basis of merit as well as qualifying entrance examinations. AITS offers world-class infrastructure and a highly qualified faculty of nearly 100 members. The institute has hostel provisions for both boys and girls, as well as facilities such as library, sports, mess, healthcare, transportation cultural events and more. AITS also has a good placement record with more than 60 recruiting companies in the year 2023.\n55% marks in BE or B.Tech in the relevant field.\n10th from a recognized board\nClick here: AITS Courses\nClick here: AITS Admission\nAravali College provides various scholarships.\nClick here: AITS Scholarship\nAravali Institute of Technical Studies has a very dedicated and efficient Training and Placement Cell which is constantly working in order to provide professional training and placement opportunities to students. Many well-reputed companies and organizations visit the campus every year to recruit students and offer attractive packages. AITS saw a very successful placement season in the academic year 2022-2023 with around 70% of students getting placed across more than 35 companies.\nRecruiters at the institute AITS included some of the most well known and established names such as Tech Mahindra, Hyundai, Philips, Google, Tata Motors, Indian Army, Siemens, Bisleri, Havells, Paytm, Tata Consultancy Services, Exide, Byju’s, Swiggy, Ashok Leyland and many more.\nClick here: AITS Placement\nAravali Institute of Technical Studies has diverse faculty of 80 highly qualified and accomplished members. Out of this,15 of the members are PhD holders in their respective disciplines. The entire faculty of AITS is extremely experienced and well versed in their subject matter. All members of the faculty are cooperative towards students and always encourage them to ask questions and clarify their concepts as much as they can, by being available to students even outside lectures and classes. The faculty consists of a dedicated team of professors, associate professors and assistant professors.\nClick here: AITS Faculty\nBeing part of the well-reputed Aravali Group, AITS upholds its reputation by providing the students with state of the art infrastructure as well as best in class academic and extracurricular facilities and amenities. Provisions offered to students at Aravali Institute of Technical Studies are as follows:\nClick here: AITS Hostel"
    },
    "AITS Fees & Eligibility": [
        {
            "Course": "B.Tech6  Courses",
            "Fees": "₹70,000 (1st Year Fees)",
            "Eligibility": "10+2 with 45%",
            "Action": "Apply Now"
        },
        {
            "Course": "B.Sc (Nursing)1  Course",
            "Fees": "₹85,000 (1st Year Fees)",
            "Eligibility": "10+2",
            "Action": "Apply Now"
        },
        {
            "Course": "Polytechnic4  Courses",
            "Fees": "₹30,000 (1st Year Fees)",
            "Eligibility": "10th",
            "Action": "Apply Now"
        },
        {
            "Course": "M.Tech5  Courses",
            "Fees": "₹70,000 (1st Year Fees)",
            "Eligibility": "Graduation with 55%",
            "Action": "Apply Now"
        },
        {
            "Course": "B.Tech {Lateral}6  Courses",
            "Fees": "₹60,000 (1st Year Fees)",
            "Eligibility": "Diploma with 45%",
            "Action": "Apply Now"
        }
    ],
    "Important Events": [
        {
            "Events": "RMCAAT registration",
            "Dates": "TentativeMar 06, 2025 - Mar 24, 2025"
        },
        {
            "Events": "RMCAAT process start date",
            "Dates": "TentativeMay 28, 2025"
        },
        {
            "Events": "RMCAAT exam",
            "Dates": "TentativeJun 08, 2025"
        },
        {
            "Events": "RMCAAT results",
            "Dates": "TentativeJun 25, 2025"
        }
    ],
    "Expired Events": [
        {
            "Events": "RMCAAT counselling",
            "Dates": "Jun 29, 2024"
        }
    ],
    "faqs": []
}