{
    "title": "Arjun College of Technology: Admission 2024, Cutoff, Courses, Fees, Placements",
    "meta_description": "Arjun College of Technology Admission 2024 is open for B.Tech courses through TNEA Counselling. Check latest updates and news on Arjun College of Technology Admission 2024, Cutoff, Courses, Fees, Placement, Rankings, Official Website",
    "keywords": "Arjun College of Technology, Arjun College of Technology Admission 2024, Arjun College of Technology Cutoff 2024, Arjun College of Technology Official Website, Arjun College of Technology Placement, Arjun College of Technology Admission Dates, Arjun College of Technology Rankings, Arjun College of Technology Courses, Arjun College of Technology Fees, Arjun College of Technology AddressArjun College of Technology details, Arjun College of Technology contact, Arjun College of Technology reviews, Arjun College of Technology updates",
    "basic_info": [
        {
            "name": "Arjun College of Technology, Coimbatore Highlights 2024",
            "description": []
        },
        {
            "name": "Arjun College of Technology Courses Offered",
            "description": [
                "The college offers courses in Bachelor of Engineering (B.E.) and Bachelor of Technology (B.Tech) . All courses are affiliated to Anna University, Chennai. Here are some details about the courses tabulated below.",
                "Read More: ACT Coimbatore Courses & Fee"
            ]
        },
        {
            "name": "Arjun College of Technology Admissions",
            "description": [
                "Undergraduate students are admitted based on their 12th standard scores. The admissions are done through both government quota through Tamil Nadu Engineering Admissions Counselling (TNEA Counselling) and management quota."
            ]
        },
        {
            "name": "How to Apply?",
            "description": [
                "Documents Required:",
                "Read More: ACT Coimbatore Reviews"
            ]
        },
        {
            "name": "Arjun College of Technology Placements",
            "description": [
                "Arjun College of Technology placement cell is very active and gives a lot of placement opportunities to the students of the Institute. Some recruiting companies of Arjun College of Technology are HCL, TVS, Infosys, Wipro, Tech Mahindra, Accenture, TATA, Cognizant, and Titan.",
                "Read More: ACT Coimbatore Placements"
            ]
        },
        {
            "name": "Arjun College of Technology Scholarships",
            "description": [
                "Arjun College of Technology offers various scholarships and eligible State and Central Government scholarships. The Arjun Educational Trust offers various scholarships for the students based on their performance in the university examination every year. As per Tamil Nadu Government and Anna University norms.",
                "Read More: ACT Coimbatore Scholarships"
            ]
        },
        {
            "name": "Arjun College of Technology Facilities",
            "description": [
                "Read More: ACT Coimbatore Gallery"
            ]
        },
        {
            "name": "Arjun College of Technology Faculty",
            "description": [
                "Arjun College of Technology has well trained and highly experienced faculty. Dr.R.Suresh Kumar is the Principal of the institute.",
                "Following are some top faculties:",
                "Prof. R. Jeyanthi",
                "Mrs. S. Hemalatha",
                "Prof. P. Parthasarathy",
                "Ms. E. Manoranjitham",
                "Mr. K. Thamizh Azhagan",
                "Read More: ACT Coimbatore Faculty"
            ]
        },
        {
            "name": "Arjun College of Technology FAQs",
            "description": []
        }
    ],
    "Section": {
        "name": "About Arjun College of Technology",
        "description": "Arjun College of Technology was established in 2013 as part of the Arjun Group of Concerns. An ISO 9001:2015 Certified Institution.The college is approved by AICTE, New Delhi and affiliated to the Anna University, Chennai. College has accreditation from NAAC - UGC and NBA - AICTE, New Delhi.\nThe college offers full time on campus two courses. All courses are affiliated to Anna University, Chennai. Admissions in the courses offered by Arjun College of Technology is based on an entrance examination called TNEA (Tamil Nadu Engineering Admissions Counselling).\nTable of Content\n3.1 How to Apply?\nThe college offers courses in Bachelor of Engineering (B.E.) and Bachelor of Technology (B.Tech) . All courses are affiliated to Anna University, Chennai. Here are some details about the courses tabulated below.\nDuration- 4 years Eligibility- 10+2 with 50% + TNEA Specializations: Artificial Intelligence\nRead More: ACT Coimbatore Courses & Fee\nUndergraduate students are admitted based on their 12th standard scores. The admissions are done through both government quota through Tamil Nadu Engineering Admissions Counselling (TNEA Counselling) and management quota.\nDocuments Required:\nRead More: ACT Coimbatore Reviews\nArjun College of Technology placement cell is very active and gives a lot of placement opportunities to the students of the Institute. Some recruiting companies of Arjun College of Technology are HCL, TVS, Infosys, Wipro, Tech Mahindra, Accenture, TATA, Cognizant, and Titan.\nRead More: ACT Coimbatore Placements\nArjun College of Technology offers various scholarships and eligible State and Central Government scholarships. The Arjun Educational Trust offers various scholarships for the students based on their performance in the university examination every year. As per Tamil Nadu Government and Anna University norms.\nRead More: ACT Coimbatore Scholarships\nRead More: ACT Coimbatore Gallery\nArjun College of Technology has well trained and highly experienced faculty. Dr.R.Suresh Kumar is the Principal of the institute.\nFollowing are some top faculties:\nProf. R. Jeyanthi\nMrs. S. Hemalatha\nProf. P. Parthasarathy\nMs. E. Manoranjitham\nMr. K. Thamizh Azhagan\nRead More: ACT Coimbatore Faculty\nQues. How far is Arjun College of Technology from Coimbatore City?\nAns. The college is located at Thamaraikulam.It is located at about 25 km from Coimbatore City and 10 kilometres from Pollachi.\nQues. What are the category wise eligibility marks for the admission in Arjun College of Technology?\nAns. The Eligibility Marks for the Admissions, the Marks secured by the Students in Physics, Chemistry and Mathematics in HSC are as follows\nQues. What are the cutoff marks for fee concession?\nAns. Here are the details of cutoff marks for fee concession.\nIf Cut off Marks in + 2(HSC) examination are\nQues. Is there any age limit for application of TNEA examination?\nAns. Yes, there is an age limit for the TNEA examination.\nThe minimum age of the candidates should be 18 years.\nThe maximum age of applicants should be 25 years."
    },
    "Arjun College of Technology, Coimbatore Highlights 2024": [],
    "Arjun College of Technology Courses Offered": [
        {
            "Course": "B.Tech.",
            "Details": "Duration- 4 years\n\t\t\tEligibility- 10+2 with 50% + TNEA\n\t\t\tSpecializations: Artificial Intelligence"
        },
        {
            "Course": "B.E.",
            "Details": "Duration: 4 years\n\n\t\t\tEligibility: 10+2 with 50% + TNEA Specializations: Civil Engineering, Computer Science and Engineering, Electronics & Communication Engineering, Mechanical Engineering, Mechatronics Engineering"
        }
    ],
    "Arjun College of Technology Fees & Eligibility": [
        {
            "Course": "B.Tech3  Courses",
            "Fees": "₹50,000 (1st Year Fees)",
            "Eligibility": "10+2",
            "Application Date": "6 May - 11 Jun 2024",
            "Action": "Apply Now"
        },
        {
            "Course": "BE4  Courses",
            "Fees": "₹50,000 (1st Year Fees)",
            "Eligibility": "10+2",
            "Application Date": "6 May - 11 Jun 2024",
            "Action": "Apply Now"
        }
    ],
    "Expired Events": [
        {
            "Events": "Release of Provisional Allotment for Upward Opted Candidates (TNEA Round 2) [BE/B.Tech]",
            "Dates": "Aug 23, 2024"
        },
        {
            "Events": "Reporting at College (TNEA Round 2) [BE/B.Tech]",
            "Dates": "Aug 15, 2024 - Aug 20, 2024"
        },
        {
            "Events": "Reporting at TFC for Upward Opted Candidates (TNEA Round 2) [BE/B.Tech]",
            "Dates": "Aug 15, 2024 - Aug 20, 2024"
        }
    ],
    "Arjun College of Technology, TNEA Cutoff 2023": [
        {
            "Courses": "B.Tech Artificial Intelligence and Data Science",
            "Round 1": "21469",
            "Round 2": "79266",
            "Round 3": "127533"
        },
        {
            "Courses": "BE Computer Science and Engineering",
            "Round 1": "-",
            "Round 2": "81606",
            "Round 3": "142785"
        },
        {
            "Courses": "BE Electronics & Communication Engineering",
            "Round 1": "-",
            "Round 2": "84191",
            "Round 3": "125145"
        }
    ],
    "faqs": [
        {
            "question": "How far is Arjun College of Technology from Coimbatore City?",
            "answer": "Ans.The college is located at Thamaraikulam.It is located at about 25 km from Coimbatore City and 10 kilometres from Pollachi."
        },
        {
            "question": "What are the category wise eligibility marks for the admission in Arjun College of Technology?",
            "answer": "Ans.The Eligibility Marks for the Admissions, the Marks secured by the Students in Physics, Chemistry and Mathematics in HSC are as followsOBC - 50% (General Category)BC - 45% ,SC & ST - 40%"
        },
        {
            "question": "What are the cutoff marks for fee concession?",
            "answer": "Ans.Here are the details of cutoff marks for fee concession.If Cut off Marks in + 2(HSC) examination are191 and above, 100 % fee concession will be given including Hostel or Transport Fee.181- 190, 75 % fee concession will be given including Hostel or Transport Fee.176 - 180, 50 % fee concession will be given including Tuition Fee."
        },
        {
            "question": "Is there any age limit for application of TNEA examination?",
            "answer": "Ans.Yes, there is an age limit for the TNEA examination.The minimum age of the candidates should be 18 years.The maximum age of applicants should be 25 years."
        }
    ]
}