{
    "title": "AIT Pune: Admission 2024, Courses, Fees, Placements, Rankings",
    "meta_description": "Army Institute of Technology - [AIT], Pune, Maharashtra Application Form, Admissions, Contact, Website, Map, BE, ME . 6 Courses. Average Fees is 220895 per year.",
    "keywords": "",
    "basic_info": [
        {
            "name": "AIT Pune Course & Fees",
            "description": [
                "Here are the details of Army Institute of Technology (AIT) Pune courses & fees:",
                "Check AIT Pune Courses & Fees"
            ]
        },
        {
            "name": "AIT Pune Cutoff",
            "description": [
                "The cutoff for admission to the BE course at AIT Pune has been determined following the announcement of Round 1 of the JEE Main Seat Allotment result. For additional specializations, interested candidates are encouraged to consult the provided table, which outlines the AIT Pune cutoff for the year 2023, offering insights into the closing ranks for various BE courses facilitated through the JEE examination.",
                "Here’s the Army Institute of Technology (AIT) cut-off Merit List:-"
            ]
        },
        {
            "name": "AIT Pune Admissions",
            "description": [
                "Army Institute of Technology (AIT) admission is done via online mode. Candidates must check the deadlines of the universities to go through their admission process. The admission process for the Army Institute of Technology (AIT) is given below:-",
                "Steps to follow:-",
                "Documentation confirming a gallantry award (such as Part II Order Certificate, Citation, or Gazette Notification) specifying the nature of the award. Verification of age. Evidence of eligibility for the following categories:",
                "Check AIT Pune Admission"
            ]
        },
        {
            "name": "AIT Pune Placements",
            "description": [
                "AIT Pune has consistently achieved high placement rates, with over 90% of its graduates being placed in top companies every year. In the 2022-23 academic year, AIT registered a placement rate of 96% with an average salary of Rs 14.2 lakh per annum (LPA). The highest salary offered was Rs 52 LPA.",
                "AIT Pune's placement cell plays a proactive role in preparing students for the placement process. The cell conducts regular workshops and seminars on topics such as resume writing, interview skills, and aptitude tests. The cell also maintains strong relationships with a large number of potential employers, which helps to ensure that students have a wide range of placement opportunities to choose from.",
                "Placement Statistics for B.Tech 2023",
                "The year wise placements stats for AIT Pune are as follows:",
                "The year wise placements report for ME is given below:",
                "Check AIT Pune Placements"
            ]
        },
        {
            "name": "AIT Pune Campus life and Events",
            "description": [
                "Here's a table of campus life and events at the Army Institute of Technology (AIT) Pune:"
            ]
        },
        {
            "name": "AIT Pune Ranking",
            "description": [
                "The Army Institute of Technology (AIT) has been ranked by various agencies over the years. Here are some of the rankings.",
                "Check AIT Pune Ranking"
            ]
        },
        {
            "name": "AIT Pune Scholarships",
            "description": [
                "The Army Institute of Technology (AIT) offers a variety of scholarships to deserving students. These scholarships are intended to support students from diverse backgrounds and to promote academic excellence.",
                "Types of Scholarships",
                "AIT offers a range of scholarships based on various criteria, including merit, financial need, and military background. Some of the notable scholarships include:",
                "Eligibility Criteria",
                "The eligibility criteria for each scholarship vary, but generally, applicants must meet the following conditions:",
                "List of Scholarships and Amounts offered by AIT",
                "Check AIT Pune Scholarships"
            ]
        },
        {
            "name": "AIT Pune FAQs",
            "description": []
        }
    ],
    "Section": {
        "name": "About AIT Pune",
        "description": "Army Institute of Technology (AIT) Pune was established in 1994 for the purpose of educating the children of army personnel in India. AIT Pune is affiliated with Savitribai Phule Pune University and approved by the All India Council for Technical Education (AICTE). The Army Institute of Technology (AIT) was ranked 158th in engineering category by NIRF 2023 rankings.\nAIT Pune top course is BE, offered in 4 specailizations and in a total of 420 seats. Admission to the BE program is based on the JEE Main score. The college also offers ME (Data Science), where candidates fulfilling the eligibility can apply with a valid GATE score. Check AIT Pune Admission\nFurthermore, AIT Pune also offers great placements. The report for AIT Pune Placements 2023 has been released. As per the report, the institute achieved a placement rate of 96% with an average salary of Rs. 14.2 lakh per annum (LPA). The highest salary offered was Rs. 52 LPA. Some of the top recruiters include Dream Plug Technologies, Google, Microsoft, Cisco, Goldman Sachs, etc.\nTable of Content\nHere are the details of Army Institute of Technology (AIT) Pune courses & fees:\nCheck AIT Pune Courses & Fees\nThe cutoff for admission to the BE course at AIT Pune has been determined following the announcement of Round 1 of the JEE Main Seat Allotment result. For additional specializations, interested candidates are encouraged to consult the provided table, which outlines the AIT Pune cutoff for the year 2023, offering insights into the closing ranks for various BE courses facilitated through the JEE examination.\nHere’s the Army Institute of Technology (AIT) cut-off Merit List:-\nArmy Institute of Technology (AIT) admission is done via online mode. Candidates must check the deadlines of the universities to go through their admission process. The admission process for the Army Institute of Technology (AIT) is given below:-\nSteps to follow:-\nDocumentation confirming a gallantry award (such as Part II Order Certificate, Citation, or Gazette Notification) specifying the nature of the award. Verification of age. Evidence of eligibility for the following categories:\nCheck AIT Pune Admission\nAIT Pune has consistently achieved high placement rates, with over 90% of its graduates being placed in top companies every year. In the 2022-23 academic year, AIT registered a placement rate of 96% with an average salary of Rs 14.2 lakh per annum (LPA). The highest salary offered was Rs 52 LPA.\nAIT Pune's placement cell plays a proactive role in preparing students for the placement process. The cell conducts regular workshops and seminars on topics such as resume writing, interview skills, and aptitude tests. The cell also maintains strong relationships with a large number of potential employers, which helps to ensure that students have a wide range of placement opportunities to choose from.\nPlacement Statistics for B.Tech 2023\nThe year wise placements stats for AIT Pune are as follows:\n\nThe year wise placements report for ME is given below:\n\nCheck AIT Pune Placements\nHere's a table of campus life and events at the Army Institute of Technology (AIT) Pune:\nThe Army Institute of Technology (AIT) has been ranked by various agencies over the years. Here are some of the rankings.\nCheck AIT Pune Ranking\nThe Army Institute of Technology (AIT) offers a variety of scholarships to deserving students. These scholarships are intended to support students from diverse backgrounds and to promote academic excellence.\nTypes of Scholarships\nAIT offers a range of scholarships based on various criteria, including merit, financial need, and military background. Some of the notable scholarships include:\nEligibility Criteria\nThe eligibility criteria for each scholarship vary, but generally, applicants must meet the following conditions:\nList of Scholarships and Amounts offered by AIT\nCheck AIT Pune Scholarships\nQues. What is the admission process for AIT Pune?\nAns. The admission process for the Army Institute of Technology (AIT) involves candidates appearing for the JEE Main entrance exam. Once the JEE Main results are announced, eligible candidates can apply online on the official AIT website, submitting the necessary documents and paying the required fees. The selection is based on JEE Main scores, and shortlisted candidates proceed to counseling or interviews, after which a merit list is released. Admitted students must then pay the specified admission fees within the given deadline to secure their seats.\nQues. How does AIT Pune's emphasis on military discipline shape its students' approach to engineering and problem-solving?\nAns. AIT's emphasis on military discipline instills in its students a strong sense of order, discipline, and attention to detail, which are crucial qualities for success in engineering. Students learn to approach problems systematically, break them down into manageable components, and execute solutions with precision and efficiency. This military-infused approach to engineering problem-solving enables AIT graduates to tackle complex challenges with a structured and systematic mindset.\nQues. What specific steps does AIT Pune take to ensure the ethical conduct of research and innovation within the institute?\nAns. AIT upholds the highest standards of ethical conduct in research and innovation. The institute has established clear ethical guidelines and procedures, including:\nQues. Does AIT Pune provide scholarships?\nAns. Yes, AIT offers various scholarships based on merit, financial need, and military background, including Open Merit Scholarships, Merit cum Means Scholarships, and Scholarships for Wards of Military Personnel.\nQues. How is the campus life at AIT Pune?\nAns. AIT provides a vibrant campus life with various clubs, societies, cultural events, and sports activities. Students actively participate in technical and cultural events, enhancing their skills and experiences.\nQues. What are the eligibility criteria for B.E. courses at AIT Pune?\nAns. For B.E. courses, candidates should have completed 10+2 with PCM (Physics, Chemistry, Mathematics) and a minimum of 50% aggregate. Admission is based on JEE Main scores.\nQues. What is the average salary offered during placements at AIT Pune?\nAns. In the 2022-23 academic year, AIT recorded a placement rate of 96%, with an average salary of Rs. 14.2 lakh per annum and the highest salary offered being Rs. 52 LPA.\nQues. Has the Army Institute of Technology (AIT) introduced any new postgraduate courses? Details.\nAns. Yes, the Army Institute of Technology (AIT) has recently introduced a new postgraduate course, M.E. Data Science. The duration of the program is 2 years, and the eligibility criteria include having a B.E./B.Tech degree with 50% in engineering or biotechnology.\nQues. How can candidates apply for scholarships at AIT?\nAns. Candidates can apply for scholarships at AIT by meeting the eligibility criteria and submitting the required documents, including citizenship proof, academic records, and military background proof. The application process is typically online, with a nominal fee."
    },
    "AIT Pune Course & Fees": [
        {
            "Course Name": "B.E",
            "Details": "Specializations: Computer Engineering, Information Technology, Electronics & Telecommunication Engineering, Mechanical Engineering, Duration: 4 years",
            "Eligibility Criteria": "10+2 with PCM 50%(Physics, Chemistry, Mathematics)\n\t\t\tSeats: 420 Selection Criteria: JEE Main",
            "Fees": "1.8 L."
        },
        {
            "Course Name": "ME",
            "Details": "Specializations: Data Science Duration: 2 years",
            "Eligibility Criteria": "B.E./B. Tech 50 % in engineering or biotechnology Seats: 24 Selection Criteria: GATE",
            "Fees": "95,000 per annum"
        }
    ],
    "AIT Pune Cutoff": [
        {
            "Branch": "Computer Engineering",
            "Final round/Closing Rank": "48925"
        },
        {
            "Branch": "Information Technology",
            "Final round/Closing Rank": "82663"
        },
        {
            "Branch": "Electronics & Telecommunication Engineering",
            "Final round/Closing Rank": "67582"
        },
        {
            "Branch": "Mechanical Engineering,",
            "Final round/Closing Rank": "90627"
        }
    ],
    "AIT Pune Admissions": [
        {
            "Phase": "Check Eligibility Criteria",
            "Details": "UG: 12th( PCM)biotech. or vocational subjects along with a 45% score. PG: UG in any engineering, biotech, or relevant subject with a 50% score."
        },
        {
            "Phase": "Appear for Entrance Exams:",
            "Details": "UG: JEE Main score PG: GATE score"
        },
        {
            "Phase": "Apply Online/pay:",
            "Details": "After passing the entrance exam apply or fill out the form on: www.aitpune.com Pay: 700/-"
        },
        {
            "Phase": "Submit Required Documents:",
            "Details": "Citizenship proof, army background proof, academic proof, ID, photo, entrance score proof. Scanned all necessary documents"
        },
        {
            "Phase": "Appear for Counselling/Interview",
            "Details": "Shortlisted candidates may get the mail for counseling or an interview"
        },
        {
            "Phase": "Interview Result and Admission Offer:",
            "Details": "AIT will release a merit list check the official site. Submitt the admission fees within the specified deadline to secure your seat."
        }
    ],
    "AIT Pune Placements": [
        {
            "Particular": "Total number of students placed",
            "Details": "180"
        },
        {
            "Particular": "Total number of companies visited",
            "Details": "150"
        },
        {
            "Particular": "Highest salary package",
            "Details": "Rs. 52 LPA"
        },
        {
            "Particular": "Average salary package",
            "Details": "Rs. 14.2 LPA"
        },
        {
            "Particular": "Top recruiting companies",
            "Details": "Microsoft, Google, Amazon, Cisco, Goldman Sachs, Deutsche Bank, Barclays, American Express, Accolite, Dream Plug Technologies"
        }
    ],
    "AIT Pune Campus life and Events": [
        {
            "Category": "Clubs and Societies",
            "Details": "These include technical clubs, cultural societies, sports clubs, and more. Students actively participate in these clubs to enhance their skills and pursue their passions."
        },
        {
            "Category": "Festivals",
            "Details": "Events for major festivals, including Diwali, Holi, Eid, and Christmas, are organized by cultural committees, bringing together students from different backgrounds."
        },
        {
            "Category": "Technical Events",
            "Details": "AIT hosts regular technical events, seminars, and workshops, providing students with opportunities to enhance their knowledge and skills in engineering and technology. These events often feature guest lectures by industry experts."
        },
        {
            "Category": "Cultural Events",
            "Details": "Cultural festivals and events are an integral part of campus life. Students participate in dance competitions, music festivals, and drama events, showcasing their artistic talents and promoting a lively cultural atmosphere."
        },
        {
            "Category": "Sports Activities",
            "Details": "The college encourages sports and fitness through various sports activities. Students actively engage in inter-college competitions, including cricket, football, basketball, and more. The campus is equipped with sports facilities for both indoor and outdoor games."
        },
        {
            "Category": "Library Facilities",
            "Details": "The college library is a hub for academic resources. With an extensive collection of books, journals, and online resources, it provides students with a conducive environment for research and study. The library staff assists students in accessing relevant materials."
        }
    ],
    "AIT Pune Ranking": [
        {
            "Ranked by": "NIRF Engineering Rankings",
            "Year": "151-200 (2023)"
        },
        {
            "Ranked by": "The Week Top Engineering Colleges India",
            "Year": "39 (2023)"
        },
        {
            "Ranked by": "Outlook India's Top Pvt. Engineering Colleges",
            "Year": "101-125 (2022)"
        },
        {
            "Ranked by": "India Today Top Engineering Colleges",
            "Year": "55 (2023)"
        }
    ],
    "AIT Pune Scholarships": [
        {
            "Scholarship Name": "Open Merit Scholarship",
            "Scholarship Amount": "Rs.10,000 to Rs.50,000"
        },
        {
            "Scholarship Name": "Merit cum Means Scholarship",
            "Scholarship Amount": "Rs.5,000 to Rs.25,000"
        },
        {
            "Scholarship Name": "Scholarship for Wards of Military Personnel",
            "Scholarship Amount": "Rs.15,000 to Rs.25,000"
        },
        {
            "Scholarship Name": "Special Scholarship for Differently Abled Students",
            "Scholarship Amount": "Rs.10,000 to Rs.20,000"
        }
    ],
    "AIT Pune Fees & Eligibility": [
        {
            "Course": "BE5  Courses",
            "Fees": "₹2.51 Lakhs (1st Year Fees)",
            "Eligibility": "10+2 + JEE Main",
            "Application Date": "15 Apr 2024",
            "Action": "Apply Now"
        },
        {
            "Course": "ME1  Course",
            "Fees": "₹95,000 (1st Year Fees)",
            "Eligibility": "Graduation",
            "Application Date": "-",
            "Action": "Apply Now"
        }
    ],
    "Important Events": [
        {
            "Events": "JEE Main 2025 Registration (Session - 1)",
            "Dates": "TentativeNov 01, 2024 - Dec 04, 2024"
        },
        {
            "Events": "JEE Main 2025 Admit Card (Session - 1)",
            "Dates": "TentativeJan 17, 2025"
        },
        {
            "Events": "JEE Main 2025 Exam Date (Session - 1)",
            "Dates": "TentativeJan 24, 2025 - Jan 31, 2025"
        },
        {
            "Events": "JEE Main 2025 Result (Session - 1)",
            "Dates": "TentativeFeb 13, 2025"
        },
        {
            "Events": "JEE-Main counselling",
            "Dates": "TentativeJun 10, 2025 - Jun 18, 2025"
        }
    ],
    "Expired Events": [
        {
            "Events": "Last Date to Apply (BE)",
            "Dates": "Apr 15, 2024"
        }
    ],
    "AIT Pune, JEE Main Cutoff 2023": [
        {
            "Courses": "BE Computer Engineering",
            "Round 1": "48925"
        },
        {
            "Courses": "BE (Information Technology)",
            "Round 1": "67582"
        },
        {
            "Courses": "BE Electronics & Telecom Engineering",
            "Round 1": "82663"
        }
    ],
    "faqs": [
        {
            "question": "What is the admission process for AIT Pune?",
            "answer": "Ans.The admission process for the Army Institute of Technology (AIT) involves candidates appearing for the JEE Main entrance exam. Once the JEE Main results are announced, eligible candidates can apply online on the official AIT website, submitting the necessary documents and paying the required fees. The selection is based on JEE Main scores, and shortlisted candidates proceed to counseling or interviews, after which a merit list is released. Admitted students must then pay the specified admission fees within the given deadline to secure their seats."
        },
        {
            "question": "How does AIT Pune's emphasis on military discipline shape its students' approach to engineering and problem-solving?",
            "answer": "Ans.AIT's emphasis on military discipline instills in its students a strong sense of order, discipline, and attention to detail, which are crucial qualities for success in engineering. Students learn to approach problems systematically, break them down into manageable components, and execute solutions with precision and efficiency. This military-infused approach to engineering problem-solving enables AIT graduates to tackle complex challenges with a structured and systematic mindset."
        },
        {
            "question": "What specific steps does AIT Pune take to ensure the ethical conduct of research and innovation within the institute?",
            "answer": "Ans.AIT upholds the highest standards of ethical conduct in research and innovation. The institute has established clear ethical guidelines and procedures, including:Research ethics committees: AIT has research ethics committees that review and approve research proposals to ensure they adhere to ethical principles.Training on research ethics: AIT provides training on research ethics for faculty and students, emphasizing responsible conduct and ethical considerations in research.Mechanisms for reporting ethical concerns: AIT has established mechanisms for reporting ethical concerns related to research, ensuring that any potential violations are promptly addressed."
        },
        {
            "question": "Does AIT Pune provide scholarships?",
            "answer": "Ans.Yes, AIT offers various scholarships based on merit, financial need, and military background, including Open Merit Scholarships, Merit cum Means Scholarships, and Scholarships for Wards of Military Personnel."
        },
        {
            "question": "How is the campus life at AIT Pune?",
            "answer": "Ans.AIT provides a vibrant campus life with various clubs, societies, cultural events, and sports activities. Students actively participate in technical and cultural events, enhancing their skills and experiences."
        },
        {
            "question": "What are the eligibility criteria for B.E. courses at AIT Pune?",
            "answer": "Ans.For B.E. courses, candidates should have completed 10+2 with PCM (Physics, Chemistry, Mathematics) and a minimum of 50% aggregate. Admission is based on JEE Main scores."
        },
        {
            "question": "What is the average salary offered during placements at AIT Pune?",
            "answer": "Ans.In the 2022-23 academic year, AIT recorded a placement rate of 96%, with an average salary of Rs. 14.2 lakh per annum and the highest salary offered being Rs. 52 LPA."
        },
        {
            "question": "Has the Army Institute of Technology (AIT) introduced any new postgraduate courses? Details.",
            "answer": "Ans.Yes, the Army Institute of Technology (AIT) has recently introduced a new postgraduate course, M.E. Data Science. The duration of the program is 2 years, and the eligibility criteria include having a B.E./B.Tech degree with 50% in engineering or biotechnology."
        },
        {
            "question": "Ques. How can candidates apply for scholarships at AIT?",
            "answer": "Ans.Candidates can apply for scholarships at AIT by meeting the eligibility criteria and submitting the required documents, including citizenship proof, academic records, and military background proof. The application process is typically online, with a nominal fee."
        }
    ]
}