{
    "title": "Arulmurugan College of Engineering: Courses, Fees, Admission, Placement, Hostel, Reviews",
    "meta_description": "Arulmurugan College of Engineering - [ACE], Karur, Tamil Nadu Application Form, Admissions, Contact, Website, Map, BE, ME . 8 Courses. Average Fees is 55000 per year.",
    "keywords": "",
    "basic_info": [
        {
            "name": "Arulmurugan College of Engineering Highlights",
            "description": []
        },
        {
            "name": "Arulmurugan College of Engineering Achievements",
            "description": [
                "The institution has witnessed impressive achievements in the field of Academic and Placement within 4 years, which are described below:"
            ]
        },
        {
            "name": "Arulmurugan College of Engineering Courses",
            "description": [
                "The following courses at UG and PG level are offered by Arulmurugan College of Engineering:",
                "Read More: Arulmurugan College of Engineering Fees"
            ]
        },
        {
            "name": "Arulmurugan College of Engineering Admissions",
            "description": [
                "For the UG program, candidates are selected on the basis of merit and the marks scored in 10+2 examinations. Candidates need to take part in TNEA counselling for entry. Admission to Post Graduate programs is granted based on merit."
            ]
        },
        {
            "name": "How to Apply?",
            "description": []
        },
        {
            "name": "Arulmurugan College of Engineering Placements",
            "description": [
                "Arulmurugan College of Engineering has a very active placement cell that serves as a base for many careers by directing students through regular counselling and campus recruitment arrangements in the right direction. This center maintains a meticulous database and supports students through campus recruitment to be put in national & international businesses.",
                "Some of the top recruiters include IBM, HCL, HP, Nokia Siemens Networks, Tata Steel, Wipro, Avalon, Suxlon, Reliance, Atlas International, Hero Motocorp, B-TEX, TVS, Lintech Electric, Hyundai, LMW, Mphasis, etc.",
                "Read More: Arulmurugan College of Engineering Placement"
            ]
        },
        {
            "name": "Arulmurugan College of Engineering Facilities",
            "description": [
                "Read More: Arulmurugan College of Engineering Reviews"
            ]
        },
        {
            "name": "Arulmurugan College of Engineering FAQs",
            "description": []
        }
    ],
    "Section": {
        "name": "About ACE",
        "description": "Arulmurugan College of Engineering, located in Karur, Tamil Nadu, was established in 2012. The college offers BE courses in 5 specializations and ME courses are 2 specializations at the postgraduate level. Admissions to all courses will be based on the performance of the candidate in various entrance exams like TNEA and TANCET followed by the counselling organized by the community.\nThe institution has witnessed impressive achievements in the field of Academic and Placement within 4 years, which are described below:\nThe following courses at UG and PG level are offered by Arulmurugan College of Engineering:\nRead More: Arulmurugan College of Engineering Fees\nFor the UG program, candidates are selected on the basis of merit and the marks scored in 10+2 examinations. Candidates need to take part in TNEA counselling for entry. Admission to Post Graduate programs is granted based on merit.\nArulmurugan College of Engineering has a very active placement cell that serves as a base for many careers by directing students through regular counselling and campus recruitment arrangements in the right direction. This center maintains a meticulous database and supports students through campus recruitment to be put in national & international businesses.\nSome of the top recruiters include IBM, HCL, HP, Nokia Siemens Networks, Tata Steel, Wipro, Avalon, Suxlon, Reliance, Atlas International, Hero Motocorp, B-TEX, TVS, Lintech Electric, Hyundai, LMW, Mphasis, etc.\nRead More: Arulmurugan College of Engineering Placement\nRead More: Arulmurugan College of Engineering Reviews\nQues. What are the Civil Engineering program outcomes at Arulmurugan College of Engineering?\nAns. Following are the civil engineering program outcome:\nQues. How does the placement cell in the Arulmurugan College of Engineering work?\nAns. The Cell for Training & Placement is dedicated to providing its graduates with all necessary assistance in their efforts to find jobs. In order to promote contacts between businesses and graduates, the Training & Placement service operates all year around.\nQues. What are the lab facilities available in the Mechanical engineering department at Arulmurugan College of Engineering?\nAns. Following labs are available in Mechanical Department:\nQues. What are the fees of BE at Arulmurugan College of Engineering?\nAns. The BE fee is INR INR 60000 per year at Arulmurugan College of Engineering.\nQues. What is the intake criteria in Arulmurugan College of Engineering?\nAns. 65% seats (GQ) are admitted through Tamilnadu Engineering Admissions (TNEA) by single window admissions and the rest by the Management Quota (MQ) based on common ranking provided by the Consortium of Engineering colleges approved by the Govt."
    },
    "Arulmurugan College of Engineering Highlights": [],
    "Arulmurugan College of Engineering Achievements": [
        {
            "Body": "Silicon India Magazine",
            "Achievement": "Best Emerging Engineering College in South India"
        },
        {
            "Body": "Governor of Tamil Nadu",
            "Achievement": "Best Engineering College Award - 2014"
        },
        {
            "Body": "Autodesk, USA",
            "Achievement": "Centre of Excellence"
        },
        {
            "Body": "Palo Alto Networks",
            "Achievement": "Authorized Academic Center"
        }
    ],
    "Arulmurugan College of Engineering Courses": [
        {
            "Courses": "BE",
            "Details": "Duration: 4 years\n\t\t\tSpecializations: Civil Engineering, Mechanical Engineering, Electronics and Communication Engineering, Computer Science and Engineering, Electrical and Electronics Engineering.\n\t\t\tEligibility: A pass in 10+2 with 50% (OC), 45% (BC), and 40% (MBC, DNC, SC, SCA, ST) avg. marks scored in Mathematics, Physics and Chemistry combined.\n\t\t\tSelection Criteria: Entrance Based (TNEA)\nRead More"
        },
        {
            "Courses": "ME",
            "Details": "Duration: 2 years\n\t\t\tSpecializations: Computer Science & Engineering & Industrial Safety Engineering.\n\t\t\tEligibility: B.E./ B.Tech degree in relevant discipline.\n\t\t\tSelection Criteria: Entrance Based (TANCET)\nRead More"
        }
    ],
    "Arulmurugan College of Engineering Placements": [
        {
            "Year": "2020",
            "Total No. of Offers Received": "707",
            "Students Opted for Placements": "277"
        },
        {
            "Year": "2019",
            "Total No. of Offers Received": "351",
            "Students Opted for Placements": "244"
        },
        {
            "Year": "2018",
            "Total No. of Offers Received": "253",
            "Students Opted for Placements": "185"
        },
        {
            "Year": "2017",
            "Total No. of Offers Received": "309",
            "Students Opted for Placements": "204"
        },
        {
            "Year": "2016",
            "Total No. of Offers Received": "227",
            "Students Opted for Placements": "191"
        }
    ],
    "ACE Fees & Eligibility": [
        {
            "Course": "BE6  Courses",
            "Fees": "₹2.2 Lakhs (Total Fees)",
            "Eligibility": "10+2 with 50% + TNEA",
            "Application Date": "6 May - 11 Jun 2024",
            "Action": "Apply Now"
        },
        {
            "Course": "ME2  Courses",
            "Fees": "₹60,000 (Total Fees)",
            "Eligibility": "Graduation with 50% + TANCET",
            "Application Date": "15 Apr - 14 May 2024",
            "Action": "Apply Now"
        }
    ],
    "Expired Events": [
        {
            "Events": "Date to Join College/University (Upward Movement) (CEAP - CEETA PG) [ME/M.Tech]",
            "Dates": "Jul 22, 2024"
        },
        {
            "Events": "TNEA Counselling Timeline",
            "Dates": "Jul 20, 2024"
        },
        {
            "Events": "Grievances Redressal (TNEA) [BE/B.Tech]",
            "Dates": "Jul 11, 2024 - Jul 20, 2024"
        }
    ],
    "ACE, TNEA Cutoff 2023": [
        {
            "Courses": "BE Computer Science and Engineering",
            "Round 2": "84578",
            "Round 3": "154682"
        },
        {
            "Courses": "BE Mechanical Engineering",
            "Round 2": "-",
            "Round 3": "165971"
        },
        {
            "Courses": "BE Electrical and Electronics Engineering",
            "Round 2": "-",
            "Round 3": "170569"
        }
    ],
    "faqs": [
        {
            "question": "What are the Civil Engineering program outcomes at Arulmurugan College of Engineering?",
            "answer": "Ans.Following are the civil engineering program outcome:An ability to apply knowledge of mathematics, science, and engineering and to design and conduct experiments, as well as to analyze and interpret data.An ability to design a system, component, or process to meet desired needs within realistic constraints such as economic, environmental, social, political, ethical, health and safety, and sustainability and to function on multi-disciplinary teams.An ability to identify, formulate and solve engineering problems and to understand the impact of engineering solutions in a global and societal context."
        },
        {
            "question": "How does the placement cell in the Arulmurugan College of Engineering work?",
            "answer": "Ans.The Cell for Training & Placement is dedicated to providing its graduates with all necessary assistance in their efforts to find jobs. In order to promote contacts between businesses and graduates, the Training & Placement service operates all year around."
        },
        {
            "question": "What are the lab facilities available in the Mechanical engineering department at Arulmurugan College of Engineering?",
            "answer": "Ans.Following labs are available in Mechanical Department:ADM/ CAMD/ CAM/ Simulation and Analysis LabHeat Power LabThermal Engineering LabKinematics and Dynamic LabsManufacturing Technology"
        },
        {
            "question": "What are the fees of BE at Arulmurugan College of Engineering?",
            "answer": "Ans.The BE fee is INR INR 60000 per year at Arulmurugan College of Engineering."
        },
        {
            "question": "What is the intake criteria in Arulmurugan College of Engineering?",
            "answer": "Ans.65% seats (GQ) are admitted through Tamilnadu Engineering Admissions (TNEA) by single window admissions and the rest by the Management Quota (MQ) based on common ranking provided by the Consortium of Engineering colleges approved by the Govt."
        }
    ]
}