{
    "title": "Arunachala College of Engineering for Women - [ACEW], Nagercoil - Admissions, Contact, Website, Facilities 2024-2025",
    "meta_description": "Arunachala College of Engineering for Women - [ACEW], Nagercoil, Tamil Nadu Application Form, Admissions, Contact, Website, Map, B.Tech, MBA, BE . 13 Courses. Average Fees is 105000 per year.",
    "keywords": "",
    "basic_info": [],
    "Section": {
        "name": "About ACEW",
        "description": "Arunachala College of Engineering for Women was established in year 1999. It is the first engineering college in the Kanyakumari district that was build for women. College is promoted by Thottam Madhavan Educational and Charitable Trust. College is affiliated to Anna University and is approved by AICTE\nPlacements:\nYear\nNo. of students selected\n2014\n301\n2013\n193\n\nExtracurricular Activities:\nFacilities:"
    },
    "ACEW Fees & Eligibility": [
        {
            "Course": "BE4  Courses",
            "Fees": "₹2.2 Lakhs (Total Fees)",
            "Eligibility": "10+2 with 50% + TNEA",
            "Application Date": "6 May - 11 Jun 2024",
            "Action": "Apply Now"
        },
        {
            "Course": "MBA1  Course",
            "Fees": "₹41,000 (Total Fees)",
            "Eligibility": "Graduation",
            "Application Date": "10 Jan - 15 Feb 2024",
            "Action": "Apply Now"
        },
        {
            "Course": "B.Tech2  Courses",
            "Fees": "₹2.2 Lakhs (Total Fees)",
            "Eligibility": "10+2 with 50% + TNEA",
            "Application Date": "6 May - 11 Jun 2024",
            "Action": "Apply Now"
        },
        {
            "Course": "ME5  Courses",
            "Fees": "₹60,000 (Total Fees)",
            "Eligibility": "Graduation with 50% + TANCET",
            "Application Date": "15 Apr - 14 May 2024",
            "Action": "Apply Now"
        }
    ],
    "Expired Events": [
        {
            "Events": "Release of Provisional Allotment for Upward Opted Candidates (TNEA Round 2) [BE/B.Tech]",
            "Dates": "Aug 23, 2024"
        },
        {
            "Events": "Reporting at College (TNEA Round 2) [BE/B.Tech]",
            "Dates": "Aug 15, 2024 - Aug 20, 2024"
        },
        {
            "Events": "Reporting at TFC for Upward Opted Candidates (TNEA Round 2) [BE/B.Tech]",
            "Dates": "Aug 15, 2024 - Aug 20, 2024"
        }
    ],
    "ACEW, TNEA Cutoff 2023": [
        {
            "Courses": "B.Tech Information Technology",
            "Round 1": "11419",
            "Round 2": "70252",
            "Round 3": "-"
        },
        {
            "Courses": "B.Tech Artificial Intelligence and Data Science",
            "Round 1": "20870",
            "Round 2": "58904",
            "Round 3": "97835"
        },
        {
            "Courses": "BE Electronics & Communication Engineering",
            "Round 1": "21601",
            "Round 2": "79424",
            "Round 3": "-"
        }
    ],
    "faqs": []
}