{
    "title": "Aryabhatta College of Engineering & Research Centre: Courses, Fee, Admission, Placement",
    "meta_description": "Aryabhatta College of Engineering and Research Center, Ajmer, Rajasthan Application Form, Admissions, Contact, Website, Map, B.Tech, B.Tech {Lateral}, B.Voc . 15 Courses. Average Fees is 50000 per year.",
    "keywords": "",
    "basic_info": [
        {
            "name": "Aryabhatta College of Engineering & Research Center Quick Facts",
            "description": []
        },
        {
            "name": "Aryabhatta College of Engineering & Research Center Courses",
            "description": [
                "ACERC offers UG and PG Courses in the discipline of Engineering & Technology. Tabulated below the details for the same:",
                "Check: ACERC Ajmer Courses & Fees"
            ]
        },
        {
            "name": "Aryabhatta College of Engineering & Research Center Placement",
            "description": [
                "ACERC Ajmer has a dedicated Training and Placement Cell that provides 100% placement assistance to its students. The objective of the cell is to enhance their technical and personal skills which help them in getting job opportunities at campus recruitment. Even during the lockdown, it is not like any work has been stopped in the college, online classes were held continuously and many webinars were also conducted."
            ]
        },
        {
            "name": "ACERC Placement Highlights:",
            "description": [
                "Check: ACERC Ajmer Placement"
            ]
        },
        {
            "name": "Aryabhatta College of Engineering & Research Center Facilities",
            "description": [
                "ACERC Ajmer provides world-class facilities to its students which help them in their studies as well as enhance their skills. The infrastructure of the college includes:",
                "Check: ACERC Ajmer Hostel"
            ]
        },
        {
            "name": "Aryabhatta College of Engineering & Research Center Faculty",
            "description": [
                "ACERC Ajmer has highly qualified and well experienced faculty. The college has 68 experienced faculties out of which 12 faculties have done their PhD. The faculty members provide guidance to the students and help them achieve their goals in the professional career. The faculty at ACERC have vast years of experience who provide guidance to the students in their studies.",
                "Check: ACERC Ajmer Faculty"
            ]
        },
        {
            "name": "Aryabhatta College of Engineering & Research Center FAQs",
            "description": []
        }
    ],
    "Section": {
        "name": "About Aryabhatta College of Engineering and Research Center",
        "description": "Aryabhatta College of Engineering & Research Center (ACERC), Ajmer was established in the year 2002 by Aryabhatta Academic Society. The college offers various undergraduate, postgraduate and diploma courses in affiliation with Bikaner Technical University. Admission to the ACERC Ajmer is done based on merit and JEE or GATE qualified candidates.\nThe college has a dedicated Training and Placement Cell that provides 100% placement assistance to its students. The highest package offered was INR 9 LPA and the average package offered was INR 4.5 LPA. Some of the top recruiters are Dell, GAIL, HDFC Bank, Havells, HP, JCB, JK Cement, L&T, Mittal Group, MP Birla Group and many more.\nCheck: ACERC Ajmer Reviews\nTable of Content\nACERC offers UG and PG Courses in the discipline of Engineering & Technology. Tabulated below the details for the same:\nCheck: ACERC Ajmer Courses & Fees\nACERC Ajmer has a dedicated Training and Placement Cell that provides 100% placement assistance to its students. The objective of the cell is to enhance their technical and personal skills which help them in getting job opportunities at campus recruitment. Even during the lockdown, it is not like any work has been stopped in the college, online classes were held continuously and many webinars were also conducted.\nCheck: ACERC Ajmer Placement\nACERC Ajmer provides world-class facilities to its students which help them in their studies as well as enhance their skills. The infrastructure of the college includes:\nCheck: ACERC Ajmer Hostel\nACERC Ajmer has highly qualified and well experienced faculty. The college has 68 experienced faculties out of which 12 faculties have done their PhD. The faculty members provide guidance to the students and help them achieve their goals in the professional career. The faculty at ACERC have vast years of experience who provide guidance to the students in their studies.\nCheck: ACERC Ajmer Faculty\nQues. What is the application procedure at Aryabhatta College of Engineering & Research Center?\nAns. The candidates can apply online or offline mode. To apply online, visit the official website of the college to fill the application form. Submit the duly filled application form along with the mandatory documents.\nQues. What is the intake capacity for admission at Aryabhatta College of Engineering & Research Center?\nAns. The total intake capacity for admission in the B.Tech program at ACERC is 240.\nQues. Do students get industrial exposure at Aryabhatta College of Engineering & Research Center?\nAns. Yes. Aryabhatta College of Engineering & Research Center provides industrial exposure to the students through industrial visit or training to enhance the skills of the students.\nQues. Does ACERC Ajmer offer scholarships?\nAns. Yes, The following scholarships are offered at Aryabhatta College of Engineering & Research Center"
    },
    "Aryabhatta College of Engineering & Research Center Courses": [
        {
            "Courses": "B.Tech.",
            "Specialization": "Civil Engineering, Mechanical Engineering, Electrical Engineering, Computer Science & Engineering",
            "Eligibility Criteria": "10+2 with 45% marks in aggregate in PCM",
            "Selection Criteria": "Merit-based"
        },
        {
            "Courses": "B.Tech. (Lateral Entry)",
            "Specialization": "Civil Engineering, Mechanical Engineering, Electrical Engineering, Computer Science & Engineering",
            "Eligibility Criteria": "Diploma in Engineering"
        },
        {
            "Courses": "B.Voc.",
            "Specialization": "Automobile Maintenance and Servicing, Robotics & Automation",
            "Eligibility Criteria": "10+2 from a recognized board"
        },
        {
            "Courses": "Diploma (Polytechnic)",
            "Specialization": "Civil Engineering, Mechanical Engineering, Electrical Engineering",
            "Eligibility Criteria": "Passed 10th with 40% marks in aggregate"
        },
        {
            "Courses": "M.Tech.",
            "Specialization": "Power Systems, Production Engineering",
            "Eligibility Criteria": "B.Tech. or B.E. with 55% marks",
            "Selection Criteria": ""
        }
    ],
    "Aryabhatta College of Engineering & Research Center Placement": [],
    "Aryabhatta College of Engineering and Research Center Fees & Eligibility": [
        {
            "Course": "B.Tech4  Courses",
            "Fees": "₹50,000 (1st Year Fees)",
            "Eligibility": "10+2 with 45%",
            "Action": "Apply Now"
        },
        {
            "Course": "Polytechnic3  Courses",
            "Fees": "₹28,000 (1st Year Fees)",
            "Eligibility": "10th",
            "Action": "Apply Now"
        },
        {
            "Course": "B.Tech {Lateral}4  Courses",
            "Fees": "₹50,000 (1st Year Fees)",
            "Eligibility": "Diploma",
            "Action": "Apply Now"
        },
        {
            "Course": "B.Voc2  Courses",
            "Fees": "₹45,000 (1st Year Fees)",
            "Eligibility": "10+2",
            "Action": "Apply Now"
        },
        {
            "Course": "M.Tech2  Courses",
            "Fees": "₹35,000 (1st Year Fees)",
            "Eligibility": "BE/BTech with 55% marks",
            "Action": "Apply Now"
        }
    ],
    "faqs": [
        {
            "question": "What is the application procedure at Aryabhatta College of Engineering & Research Center?",
            "answer": "Ans.The candidates can apply online or offline mode. To apply online, visit the official website of the college to fill the application form. Submit the duly filled application form along with the mandatory documents."
        },
        {
            "question": "What is the intake capacity for admission atAryabhatta College of Engineering & Research Center?",
            "answer": "Ans.The total intake capacity for admission in the B.Tech program at ACERC is 240."
        },
        {
            "question": "Do students get industrial exposure at Aryabhatta College of Engineering & Research Center?",
            "answer": "Ans.Yes. Aryabhatta College of Engineering & Research Center provides industrial exposure to the students through industrial visit or training to enhance the skills of the students."
        },
        {
            "question": "Does ACERC Ajmer offer scholarships?",
            "answer": "Ans.Yes, The following scholarships are offered at Aryabhatta College of Engineering & Research CenterScholarship from Aryabhatta Academic SocietyDedicated Scholarship cell provides full-assistance to process scholarship from \"Samaj Kalyan Vibhag\" for SC/ST & other backward classes/minority."
        }
    ]
}