{
    "title": "Arya College of Engineering and IT: Courses, Fee, Ranking, Admission 2024, Placements",
    "meta_description": "Arya College of Engineering and IT - [ACEIT], Jaipur, Rajasthan Application Form, Admissions, Contact, Website, Map, B.Tech, MBA, B.Tech {Lateral} . 21 Courses. Average Fees is 105714 per year.",
    "keywords": "",
    "basic_info": [
        {
            "name": "Arya College of Engineering and IT Highlights",
            "description": []
        },
        {
            "name": "Arya College of engineering and IT Key Facts",
            "description": []
        },
        {
            "name": "Arya College of Engineering and IT Courses and Fees:",
            "description": [
                "Tabulated below is the Arya College of Engineering and IT Courses, its details, eligibilty, and fees:",
                "Note:",
                "Check More: ACEIT Courses and Fee Structure"
            ]
        },
        {
            "name": "Arya College of engineering and IT Seat Intake",
            "description": []
        },
        {
            "name": "Arya College of Engineering and IT Admission 2024",
            "description": [
                "Candidates can apply for Arya College of Engineering and IT admissions on its official website. Admissions to the BTech course are based on JEE Main scores, whereas MTech admissions are based on GATE scores. The MBA admissions are based on CAT or any other national-level management test.",
                "Arya College of Engineering and IT Admission Process:",
                "Given below is the Arya College of Engineering and IT admission process:",
                "Documents Required:",
                "Listed below are the documents required for Arya College of Engineering and IT admissions:"
            ]
        },
        {
            "name": "Arya College of Engineering and IT Placements 2024",
            "description": [
                "During the 2024 placement, 100+ companies visited Arya College of Engineering and IT. Companies like Flipkart, Contentstack, Paypal, Blueflame Labs, Planet-Spark were among the top recruiters of the institute. The highest package till date stands at INR 1 Cr per annum followed by INR 85 LPA, INR 56 LPA, INR 39 LPA, and INR 35 LPA. The placement statistics 2024 are tabulated below:",
                "Check: ACEIT Placements"
            ]
        },
        {
            "name": "Arya College of Engineering and IT Facilities and Hostel",
            "description": [
                "ACEIT has a WiFi-enabled campus with an ATM, Gym, Cafeteria, and many other facilities. The details of its facilities are given below:",
                "Click here: ACEIT Hostel"
            ]
        },
        {
            "name": "How To Reach Arya College of Engineering and IT?",
            "description": [
                "Arya College of Engineering and IT is at a distance of 15 km from Jaipur at SP-42, RIICO Industrial Area, Kukas, Jaipur, Rajasthan. Students can easily reach the institute since it is the nearest college from Ajmer Gate (Jaipur Milestone – 0). An AC Low Floor Bus is available from Sanganer to Kukas that will help the students reach the institute. A local city bus number 29 is also always available for the students. Moreover, students can also easily get an auto or a taxi to drop them to the institute. For extra convenience, the institute also has its own transportation facility which can be availed at a cost of INR 30,000 p.a. for all the routes and INR 22,000 p.a. for special routes. Given below are some of the major stations close to ACEIT:",
                "Tabulated below is the distance from major routes of Jaipur to Arya College of Engineering and IT:"
            ]
        },
        {
            "name": "Arya College of Engineering and IT FAQs",
            "description": []
        }
    ],
    "Section": {
        "name": "About ACEIT",
        "description": "Arya College of Engineering and IT (ACEIT) is one of the leading institutes of national significance located in Jaipur, Rajasthan. ACEIT is accredited by NAAC and approved by the AICTE and accredited by NAAC. Established in 2000, the college has also been accredited with an ‘A’ grade by affiliating university since the inception of QIV. Arya College of Engineering and IT is affiliated to the Rajasthan Technological University (RTU), Kota. ACEIT offers UG and PG courses in the field of Engineering and Management. The flagship courses of ACEIT a B.Tech program across several specializations and an M.Tech degree course. Candidates with Diploma in Engineering can also opt for lateral entry to the B,Tech course. ACEIT also runs an MBA degree program across 3 specializations. The institute shortlists candidates on the basis of JEE mains scores for the B.tech program. However, admission to the M.Tech course depends on candidate’s performance in GATE. Admission to the courses at ACEIT is done through the entrance examination. The institute accepts CAT scores for MBA admission. Check ACEIT Admissions\nThe college aims to become a leading Institute delivering Technocrats, Managers, and Entrepreneurs capable of transforming India into a “Technological and economical Superpower” besides establishing itself as an Educational Hub of worldwide acclaim. The college has MoUs with Oracle, RedHat, CISCO and EMC2. As per the latest placement report 2024, a whooping package of INR 32 LPA package was offered by Flipkart. Till date, the highest package reported is of INR 1 crore, followed by INR 85 LPA, and INR 56 LPA. Major recruiters of Arya College of Engineering and IT included Adobe, Dell, HCL, Capgemini, Tech Mahindra, IBM, Google, TCS & many more.\nArya College of Engineering and IT also has tie-ups with reputed organizations like Cisco, BSNL, Red Hat Academy, Texas Instruments, IETE, Institute of Engineers (India), Indian Society for Technical Education, etc.\nDirect Link to Apply for ACEIT Admission\nTable of Content\nTabulated below is the Arya College of Engineering and IT Courses, its details, eligibilty, and fees:\nNote:\nCheck More: ACEIT Courses and Fee Structure\nCandidates can apply for Arya College of Engineering and IT admissions on its official website. Admissions to the BTech course are based on JEE Main scores, whereas MTech admissions are based on GATE scores. The MBA admissions are based on CAT or any other national-level management test.\nArya College of Engineering and IT Admission Process:\nGiven below is the Arya College of Engineering and IT admission process:\nDocuments Required:\nListed below are the documents required for Arya College of Engineering and IT admissions:\nDuring the 2024 placement, 100+ companies visited Arya College of Engineering and IT. Companies like Flipkart, Contentstack, Paypal, Blueflame Labs, Planet-Spark were among the top recruiters of the institute. The highest package till date stands at INR 1 Cr per annum followed by INR 85 LPA, INR 56 LPA, INR 39 LPA, and INR 35 LPA. The placement statistics 2024 are tabulated below:\nTop Recruiters of Arya College of Engineering and IT\n\n\nCheck: ACEIT Placements\nACEIT has a WiFi-enabled campus with an ATM, Gym, Cafeteria, and many other facilities. The details of its facilities are given below:\nClick here: ACEIT Hostel\nArya College of Engineering and IT is at a distance of 15 km from Jaipur at SP-42, RIICO Industrial Area, Kukas, Jaipur, Rajasthan. Students can easily reach the institute since it is the nearest college from Ajmer Gate (Jaipur Milestone – 0). An AC Low Floor Bus is available from Sanganer to Kukas that will help the students reach the institute. A local city bus number 29 is also always available for the students. Moreover, students can also easily get an auto or a taxi to drop them to the institute. For extra convenience, the institute also has its own transportation facility which can be availed at a cost of INR 30,000 p.a. for all the routes and INR 22,000 p.a. for special routes. Given below are some of the major stations close to ACEIT:\nTabulated below is the distance from major routes of Jaipur to Arya College of Engineering and IT:\nQues. What facilities are available at ACEIT hostels?\nAns.ACEIT has separate Hostels for male and female students. Facilities include centrally air-cooled, 2 & 3 occupancy rooms with attached toilets, tight security, internet access, STD facilities, fully equipped common rooms, biometric readers, latest IP cameras, fire warning systems, and 24-hour guards. Check: ACEIT Jaipur Hostel\nQues. Does ACEIT have any Centre of Excellence?\nAns.Yes, ACEIT has a number of Centres of Excellence. These are:\nQues. What are the hostel charges at ACEIT?\nAns.The hostel charges at ACEIT are as follows:\nQues. What is the tuition fee for the B.Tech course at ACEIT?\nAns.For the B.Tech course, the tuition fee at ACEIT is INR 105,714 per annum.\nQues. How much is the tuition fee for the MBA program at ACEIT?\nAns.The tuition fee at ACEIR for the MBA course is INR 83,151 per annum.\nQues. What is the address of the ACEIT campus?\nAns.The ACEIT campus is situated at:\nSP-42, RIICO Industrial Area, Delhi Road\nKukas, Jaipur\nRajasthan - 302028\nLandmark: ICICI Bank at the college entry gate"
    },
    "Arya College of Engineering and IT Highlights": [],
    "Arya College of Engineering and IT Courses and Fees:": [
        {
            "Programs": "Artificial Intelligence & Data Science",
            "Seat Intake": "180"
        },
        {
            "Programs": "Computer Scienec & Engineering",
            "Seat Intake": "180"
        },
        {
            "Programs": "Electronics & Communication Engineering",
            "Seat Intake": "120"
        },
        {
            "Programs": "Electrical Engineering",
            "Seat Intake": "60"
        },
        {
            "Programs": "Mechanical Engineering",
            "Seat Intake": "60"
        },
        {
            "Programs": "Information Engineering",
            "Seat Intake": "60"
        },
        {
            "Programs": "MBA",
            "Seat Intake": "60"
        },
        {
            "Programs": "MTech Power Systems",
            "Seat Intake": "18"
        },
        {
            "Programs": "MTech Digital Communication",
            "Seat Intake": "9"
        },
        {
            "Programs": "MTech Computer Science and Engineering",
            "Seat Intake": "9"
        }
    ],
    "Arya College of Engineering and IT Placements 2024": [
        {
            "Company Name": "Flipkart",
            "Package offered": "INR 32 LPA"
        },
        {
            "Company Name": "Paypal",
            "Package offered": "INR 25 LPA"
        },
        {
            "Company Name": "Contentstack",
            "Package offered": "INR 15 LPA"
        },
        {
            "Company Name": "Blueflame Labs",
            "Package offered": "INR 12 LPA"
        },
        {
            "Company Name": "DeltaX",
            "Package offered": "INR 10 LPA"
        }
    ],
    "Arya College of Engineering and IT Facilities and Hostel": [],
    "How To Reach Arya College of Engineering and IT?": [
        {
            "Major Routes": "Sanganer",
            "Distance": "33.7 km"
        },
        {
            "Major Routes": "Pratap Nagar",
            "Distance": "32.8 km"
        },
        {
            "Major Routes": "Manarovar",
            "Distance": "31.1 km"
        },
        {
            "Major Routes": "Jagatpura",
            "Distance": "30.2 km"
        },
        {
            "Major Routes": "Vaishali Nagar",
            "Distance": "28 km"
        },
        {
            "Major Routes": "Jhotwara",
            "Distance": "26 km"
        },
        {
            "Major Routes": "Vidhyadhar Nagar",
            "Distance": "22.2 km"
        },
        {
            "Major Routes": "Raja Park",
            "Distance": "19.2 km"
        }
    ],
    "ACEIT Fees & Eligibility": [
        {
            "Course": "B.Tech6  Courses",
            "Fees": "₹1.06 Lakhs (1st Year Fees)",
            "Eligibility": "10+2 with 45% +JEE",
            "Action": "Apply Now"
        },
        {
            "Course": "MBA6  Courses",
            "Fees": "₹83,151 (1st Year Fees)",
            "Eligibility": "Graduation with 50%",
            "Action": "Apply Now"
        },
        {
            "Course": "B.Tech {Lateral}6  Courses",
            "Fees": "₹1.06 Lakhs (1st Year Fees)",
            "Eligibility": "Diploma with 45%",
            "Action": "Apply Now"
        },
        {
            "Course": "M.Tech3  Courses",
            "Fees": "₹1.06 Lakhs (1st Year Fees)",
            "Eligibility": "Graduation with 55% + GATE",
            "Action": "Apply Now"
        }
    ],
    "Important Events": [
        {
            "Events": "JEE Main 2025 Registration (Session - 1)",
            "Dates": "TentativeNov 01, 2024 - Dec 04, 2024"
        },
        {
            "Events": "JEE Main 2025 Admit Card (Session - 1)",
            "Dates": "TentativeJan 17, 2025"
        },
        {
            "Events": "JEE Main 2025 Exam Date (Session - 1)",
            "Dates": "TentativeJan 24, 2025 - Jan 31, 2025"
        },
        {
            "Events": "JEE Main 2025 Result (Session - 1)",
            "Dates": "TentativeFeb 13, 2025"
        },
        {
            "Events": "JEE-Main counselling",
            "Dates": "TentativeJun 10, 2025 - Jun 18, 2025"
        }
    ],
    "faqs": [
        {
            "question": "What facilities are available at ACEIT hostels?",
            "answer": "Ans.ACEIT has separate Hostels for male and female students. Facilities include centrally air-cooled, 2 & 3 occupancy rooms with attached toilets, tight security, internet access, STD facilities, fully equipped common rooms, biometric readers, latest IP cameras, fire warning systems, and 24-hour guards.Check:ACEIT Jaipur Hostel"
        },
        {
            "question": "Does ACEIT have any Centre of Excellence?",
            "answer": "Ans.Yes, ACEIT has a number of Centres of Excellence. These are:Centre of Excellence in Robotics Research Development & AI in association with Seldom India Technology.Centre of Excellence in VLSI & Embedded System Design in association with Aviotron Automation LLP.Centre of Excellence in Cloud Computing in association with Grass Solutions Pvt. Ltd.Centre of Excellence in Advanced Automobile Engineering in association with Mahindra Rise.Centre of Excellence in HACKATHONCentre of Excellence in Solar Research & Development in association with Pink City Energy Pvt. Ltd.Centre of Excellence in Industrial Automation in association with Seldom India Technology.Centre of Excellence in Optical fibre Communication in association with RTTC-BSNLCentre of Excellence in Analog System Design in association with Texas University India Program.IIRS Outreach Program Model Center & Network InstituteSpace Society of Mechanical EngineersTesting in Embedded VLSI & VHDL Circuits."
        },
        {
            "question": "What are the hostel charges at ACEIT?",
            "answer": "Ans.The hostel charges at ACEIT are as follows:Double occupancy Room- INR 87,000 Per Year.Triple Occupancy Room- INR 79,000 Per Year."
        },
        {
            "question": "What is the tuition fee for the B.Tech course at ACEIT?",
            "answer": "Ans.For the B.Tech course, the tuition fee at ACEIT is INR 105,714 per annum."
        },
        {
            "question": "How much is the tuition fee for the MBA program at ACEIT?",
            "answer": "Ans.The tuition fee at ACEIR for the MBA course is INR 83,151 per annum."
        },
        {
            "question": "What is the address of the ACEIT campus?",
            "answer": "Ans.The ACEIT campus is situated at:SP-42, RIICO Industrial Area, Delhi RoadKukas, JaipurRajasthan - 302028Landmark: ICICI Bank at the college entry gate"
        }
    ]
}