{
    "title": "Asan Memorial College of Engineering and Technology - [AMCET], Kanchipuram - Admissions, Contact, Website, Facilities 2024-2025",
    "meta_description": "Asan Memorial College of Engineering and Technology - [AMCET], Kanchipuram, Tamil Nadu Application Form, Admissions, Contact, Website, Map, BE, ME . 10 Courses. Average Fees is 105000 per year.",
    "keywords": "",
    "basic_info": [],
    "Section": {
        "name": "About AMCET",
        "description": "Asan Memorial College of Engineering and Technology is started in the year 2002 and is governed by Asan Memorial Association. It is the youngest member of Asan Memorial group of Educational Institutions. It is co-ed, non denominational institution that offers d=education to students in engineering and technology courses.\nDepartments:\nPlacements:\nCompany\nNo. of Students\nCMC Ltd.\n4\nHCL CDC\n4\nReliance Communications\n53\nCalydon Tech Solutions Pvt. Ltd.\n23\nEureka Forbes\n11\nSutherland Global Solutions\n11\nFirst source IT Solutions\n10\nAkshaya Homes\n2\nExtracurricular Activities:\nFacilities:\nHostel: College has separate hostels for both boys and girls. Rooms in Boys hostels are available on the basis of thrice sharing. Boys hostel can accommodate 266 students and girls hostel can accommodate 189 students.\nLibrary: College has good spacious library. Library has 1800 volumes of books in 4500 titles covering all fields in engineering. Library also subscribes various journals and newspapers.\nFestivals and Events:"
    },
    "AMCET Fees & Eligibility": [
        {
            "Course": "BE9  Courses",
            "Fees": "₹2.2 Lakhs (Total Fees)",
            "Eligibility": "10+2 with 50% + TNEA",
            "Application Date": "6 May - 11 Jun 2024",
            "Action": "Apply Now"
        },
        {
            "Course": "ME1  Course",
            "Fees": "₹60,000 (Total Fees)",
            "Eligibility": "Graduation with 50% + TANCET",
            "Application Date": "15 Apr - 14 May 2024",
            "Action": "Apply Now"
        }
    ],
    "Expired Events": [
        {
            "Events": "Release of Provisional Allotment for Upward Opted Candidates (TNEA Round 2) [BE/B.Tech]",
            "Dates": "Aug 23, 2024"
        },
        {
            "Events": "Reporting at College (TNEA Round 2) [BE/B.Tech]",
            "Dates": "Aug 15, 2024 - Aug 20, 2024"
        },
        {
            "Events": "Reporting at TFC for Upward Opted Candidates (TNEA Round 2) [BE/B.Tech]",
            "Dates": "Aug 15, 2024 - Aug 20, 2024"
        }
    ],
    "AMCET, TNEA Cutoff 2023": [
        {
            "Courses": "BE (Information Technology)",
            "Round 1": "21507",
            "Round 2": "69267",
            "Round 3": "119663"
        },
        {
            "Courses": "BE Computer Science and Engineering",
            "Round 1": "-",
            "Round 2": "76646",
            "Round 3": "104513"
        },
        {
            "Courses": "BE Artificial Intelligence and Data Science",
            "Round 1": "-",
            "Round 2": "85749",
            "Round 3": "106333"
        }
    ],
    "faqs": []
}