{
    "title": "AEC Asansol: Admission 2024, Cutoff, Courses, Fees, Placement, Ranking",
    "meta_description": "AEC Asansol Admission 2024 is open for B.Tech and other degree courses based on JEE Main, WBJEE and other state level entrance exam scores. Check latest updates and news on AEC AsansolAdmission 2024, Cutoff, Courses, Fees, Placement, Ranking",
    "keywords": "AEC Asansol, AEC Asansol Admission 2024, AEC Asansol B.Tech Admission 2024, AEC Asansol Cutoff 2024, AEC Asansol Courses Admission 2024, AEC Asansol Cutoff, AEC Asansol Fees, AEC Asansol Admission Cutoff 2024, How much rank to get admission in AEC Asansol, AEC Asansol Admission Updates,AEC Asansol Placement,AEC Asansol Ranking",
    "basic_info": [
        {
            "name": "AEC Asansol Highlights",
            "description": []
        },
        {
            "name": "AEC Asansol Courses",
            "description": [
                "The college offers both UG and PG courses in different fields. The basic eligibility and course fees are tabulated below:"
            ]
        },
        {
            "name": "AEC Asansol Admission",
            "description": [
                "The college offers UG and PG programmes with various specializations. The admission to B.Tech, MCA and M.Tech is made through entrance exams and for other courses; the college follows a merit based system for selection. The basic eligibility for UG courses is that the students should have completed 10+2 and for PG courses the students must have completed their Graduation.",
                "Candidates can find all the information regarding applications forms, counselling dates and fee structures on the official website. After the allotment of seats in counselling, the applicants can do the further formalities for admission in the college."
            ]
        },
        {
            "name": "AEC Asansol Placements",
            "description": [
                "Asansol Engineering College has a proper Placement and Training cell which overlooks the development of students and is responsible for conducting placement drives. Both internships and placements are offered by the College.",
                "The students get offers from both core Engineering and non- Core companies. Around 350 job offers were made by mass recruiting companies. Some of the major recruiters of 2019 placement session are listed below:",
                "Persistent System offered INR 6.41 LPA to students of AEC, Asansol. The highest package bagged was for INR 7.5 Lakhs as of now. However, the average package is around INR 4.5 Lakhs.",
                "Students from CSE Department bagged maximum offers."
            ]
        },
        {
            "name": "AEC Asansol Scholarships",
            "description": [
                "The College offers scholarships to the needy students but they need to meet certain eligibility criteria as there is an entrance exam for scholarship. They need to maintain good academic results throughout college.",
                "The scholarships are initiated by the State Government or Central Government for the meritorious and reserved categories. The institute offers scholarships under the name of ‘Freeship’ to students who performed well in academics."
            ]
        },
        {
            "name": "AEC Asansol Facilities",
            "description": [
                "The college provides all the basic facilities to its students on its campus only. The infrastructure of the campus is quite well built with facilities like:"
            ]
        },
        {
            "name": "AEC Asansol Faculty",
            "description": [
                "The faculty of AEC Asansol is highly qualified and is expert in teaching in their respective subjects. Here is a list of some of the faculty members with various specializations:",
                "Designation: Principal",
                "Area or research: Wireless Network",
                "Designation: Assistant Professor & HoD Management",
                "Specialization: Financial Management",
                "Designation: Assistant Professor",
                "Research area: Analog, VLSI",
                "Designation: Associate Professor & HoD CSE",
                "Working area: WDM Optical Networks",
                "Designation: Assistant Professor",
                "Specialization: Soil Dynamics",
                "Designation: Assistant Professor",
                "Specialization: Thermodynamics",
                "Designation: Assistant Professor",
                "Specialization: Economics and Ethics"
            ]
        },
        {
            "name": "AEC Asansol FAQs",
            "description": []
        }
    ],
    "Section": {
        "name": "About AEC Asansol",
        "description": "Asansol Engineering College is a self financed institute and was established in 1998. The college is spread over a campus of around 17 acres and is affiliated to Maulana Abul Kalam Azad University of Technology (MAKAUT). It has also been approved by AICTE. The institute offers courses both in UG and PG domain such as B.Tech, M.Tech, MCA, etc. Located in Asansol, West Bengal, the college offers all the basic facilities like sports complex, gym, library, etc. The college has approximately 3000 students and 200 faculty members and lab assistants.\nThe college keeps on enhancing its Research and Development programmes and aims at achieving academic excellence. Apart from this, it also focuses to reap the benefit of its proximity to industries for IRG through testing and consultancy.\nCheck AEC Asansol Admission\nThe college offers both UG and PG courses in different fields. The basic eligibility and course fees are tabulated below:\nCheck AEC Asansol Course and Fee\nThe college offers UG and PG programmes with various specializations. The admission to B.Tech, MCA and M.Tech is made through entrance exams and for other courses; the college follows a merit based system for selection. The basic eligibility for UG courses is that the students should have completed 10+2 and for PG courses the students must have completed their Graduation.\nCandidates can find all the information regarding applications forms, counselling dates and fee structures on the official website. After the allotment of seats in counselling, the applicants can do the further formalities for admission in the college.\nAsansol Engineering College has a proper Placement and Training cell which overlooks the development of students and is responsible for conducting placement drives. Both internships and placements are offered by the College.\nThe students get offers from both core Engineering and non- Core companies. Around 350 job offers were made by mass recruiting companies. Some of the major recruiters of 2019 placement session are listed below:\nPersistent System offered INR 6.41 LPA to students of AEC, Asansol. The highest package bagged was for INR 7.5 Lakhs as of now. However, the average package is around INR 4.5 Lakhs.\nStudents from CSE Department bagged maximum offers.\nThe College offers scholarships to the needy students but they need to meet certain eligibility criteria as there is an entrance exam for scholarship. They need to maintain good academic results throughout college.\nThe scholarships are initiated by the State Government or Central Government for the meritorious and reserved categories. The institute offers scholarships under the name of ‘Freeship’ to students who performed well in academics.\nThe college provides all the basic facilities to its students on its campus only. The infrastructure of the campus is quite well built with facilities like:\nThe faculty of AEC Asansol is highly qualified and is expert in teaching in their respective subjects. Here is a list of some of the faculty members with various specializations:\nDesignation: Principal\nArea or research: Wireless Network\nDesignation: Assistant Professor & HoD Management\nSpecialization: Financial Management\nDesignation: Assistant Professor\nResearch area: Analog, VLSI\nDesignation: Associate Professor & HoD CSE\nWorking area: WDM Optical Networks\nDesignation: Assistant Professor\nSpecialization: Soil Dynamics\nDesignation: Assistant Professor\nSpecialization: Thermodynamics\nDesignation: Assistant Professor\nSpecialization: Economics and Ethics\nQues. Do all the courses offered by AEC Asansol is approved/ recognized?\nAns. Yes, all the coursed are duly approved by the applicable Govt. authority:\nQues. Is residing in hostels compulsory at AEC Asansol?\nAns. No, staying in a hostel is not compulsory for the students of AEC Asansol. Students can opt to daily come to college by their own means. However, Hostel facility is available if students want to opt for hostels.\nQues. Is there any special training provided to students apart from course syllabus at AEC Asansol?\nAns. Yes, AEC Asansol provides personality development and soft skills training to its students so that they can perform well in campus placement interviews. Finishing School Programs (FSP) are also there for all branches.\nQues. Can a student residing outside of Bengal apply for reservation quota offered by AEC Asansol?\nAns. Since AEC Asansol is a self financed institute, it does not offer any reservation quota on any grounds."
    },
    "AEC Asansol Highlights": [],
    "AEC Asansol Courses": [
        {
            "Course Name": "B.Tech",
            "Specializations": "Electrical Engineering",
            "Basic Eligibility": "10+2 with 45% + JEE Main",
            "Intake": "120"
        },
        {
            "Course Name": "B.Tech",
            "Specializations": "Electronics and Communications Engineering",
            "Basic Eligibility": "10+2 with 45% + JEE Main",
            "Intake": "120"
        },
        {
            "Course Name": "B.Tech",
            "Specializations": "Computer Science and Business System",
            "Basic Eligibility": "10+2 with 45% + JEE Main",
            "Intake": "30"
        },
        {
            "Course Name": "B.Tech",
            "Specializations": "Computer Science and Engineering",
            "Basic Eligibility": "10+2 with 45% + JEE Main",
            "Intake": "180"
        },
        {
            "Course Name": "B.Tech",
            "Specializations": "Civil Engineering",
            "Basic Eligibility": "10+2 with 45% + JEE Main",
            "Intake": "30"
        },
        {
            "Course Name": "B.Tech",
            "Specializations": "Applied Electronics & Instrumentation Engineering",
            "Basic Eligibility": "10+2 with 45% + JEE Main",
            "Intake": "30"
        },
        {
            "Course Name": "B.Tech",
            "Specializations": "Mechanical Engineering",
            "Basic Eligibility": "10+2 with 45% + JEE Main",
            "Intake": "60"
        },
        {
            "Course Name": "B.Tech",
            "Specializations": "Information Technology",
            "Basic Eligibility": "10+2 with 45% + JEE Main",
            "Intake": "120"
        },
        {
            "Course Name": "M.Tech",
            "Specializations": "Electronics & Communication Engineering",
            "Basic Eligibility": "Pass in Graduation + WBUT PGET",
            "Intake": "13"
        },
        {
            "Course Name": "M.Tech",
            "Specializations": "Electrical Engineering",
            "Basic Eligibility": "Pass in Graduation + WBUT PGET",
            "Intake": "13"
        },
        {
            "Course Name": "BCA",
            "Specializations": "-",
            "Basic Eligibility": "10+2",
            "Intake": "120"
        },
        {
            "Course Name": "BBA",
            "Specializations": "-",
            "Basic Eligibility": "10+2",
            "Intake": "120"
        },
        {
            "Course Name": "MCA",
            "Specializations": "-",
            "Basic Eligibility": "Graduation with 50% + WB JECA",
            "Intake": "60"
        }
    ],
    "AEC Asansol Placements": [
        {
            "Mass Recruiters": "TCS",
            "Core Engineering Companies": "GE Motors"
        },
        {
            "Mass Recruiters": "Cognizant",
            "Core Engineering Companies": "Virtusa"
        },
        {
            "Mass Recruiters": "Infosys",
            "Core Engineering Companies": "Mindtree"
        },
        {
            "Mass Recruiters": "TVS Motors",
            "Core Engineering Companies": "Bosch"
        },
        {
            "Mass Recruiters": "Godrej",
            "Core Engineering Companies": "Amdocs"
        }
    ],
    "AEC Asansol Fees & Eligibility": [
        {
            "Course": "B.Tech12  Courses",
            "Fees": "₹1.34 Lakhs (1st Year Fees)",
            "Eligibility": "10+2 with 45% + JEE Main",
            "Application Date": "28 Dec - 27 Jan 2024",
            "Action": "Apply Now"
        },
        {
            "Course": "BCA1  Course",
            "Fees": "₹1.03 Lakhs (1st Year Fees)",
            "Eligibility": "10+2",
            "Application Date": "-",
            "Action": "Apply Now"
        },
        {
            "Course": "B.Tech {Lateral}8  Courses",
            "Fees": "₹1.32 Lakhs (1st Year Fees)",
            "Eligibility": "10+3 with 45% + WBJEE",
            "Application Date": "28 Dec - 27 Jan 2024",
            "Action": "Apply Now"
        },
        {
            "Course": "BBA {Hons.}1  Course",
            "Fees": "₹1.01 Lakhs (1st Year Fees)",
            "Eligibility": "10+2",
            "Application Date": "-",
            "Action": "Apply Now"
        },
        {
            "Course": "M.Tech2  Courses",
            "Fees": "₹1.08 Lakhs (1st Year Fees)",
            "Eligibility": "Pass in Graduation + WBUT PGET",
            "Application Date": "-",
            "Action": "Apply Now"
        }
    ],
    "Important Events": [
        {
            "Events": "WB-JECA results",
            "Dates": "UpcomingSep 06, 2024"
        }
    ],
    "Expired Events": [
        {
            "Events": "WB-JECA exam",
            "Dates": "Jun 30, 2024"
        },
        {
            "Events": "WB-JECA admit card",
            "Dates": "Jun 28, 2024"
        },
        {
            "Events": "WB-JECA registration",
            "Dates": "Apr 02, 2024 - Apr 30, 2024"
        }
    ],
    "AEC Asansol, WBJEE Cutoff 2024": [
        {
            "Courses": "B.Tech Computer Science EngineeringCompare",
            "Round 1": "42960",
            "Round 2": "79000",
            "Round 3": "79084"
        },
        {
            "Courses": "B.Tech Artificial Intelligence and Machine LearningCompare",
            "Round 1": "46365",
            "Round 2": "100521",
            "Round 3": "107195"
        },
        {
            "Courses": "B.Tech Computer Science and TechnologyCompare",
            "Round 1": "62257",
            "Round 2": "106865",
            "Round 3": "97109"
        }
    ],
    "faqs": [
        {
            "question": "Do all the courses offered by AEC Asansol is approved/ recognized?",
            "answer": "Ans.Yes, all the coursed are duly approved by the applicable Govt. authority:AICTE [All India Council for Technical Education]UGC [University Grants Commission]NAAC [Accredited by National Assessment and Accreditation Council] (Applied for)NBA [Accredited by National Board of Accreditation] (Applied for)MAKAUT [Maulana Abul Kalam Azad University of Technology"
        },
        {
            "question": "Ques. Is residing in hostels compulsory at AEC Asansol?",
            "answer": "Ans.No, staying in a hostel is not compulsory for the students of AEC Asansol. Students can opt to daily come to college by their own means. However, Hostel facility is available if students want to opt for hostels."
        },
        {
            "question": "Ques. Is there any special training provided to students apart from course syllabus at AEC Asansol?",
            "answer": "Ans.Yes, AEC Asansol provides personality development and soft skills training to its students so that they can perform well in campus placement interviews. Finishing School Programs (FSP) are also there for all branches."
        },
        {
            "question": "Ques. Can a student residing outside of Bengal apply for reservation quota offered by AEC Asansol?",
            "answer": "Ans.Since AEC Asansol is a self financed institute, it does not offer any reservation quota on any grounds."
        }
    ]
}